7496.32994,1.33398610787401,1.02027,0.73009,0.73247,0.72296,0.71073
7494.40137,1.33432938887286,1.01242,0.72863,0.73038,0.72455,0.70388
7492.47281,1.3346728448121,1.00281,0.72559,0.72528,0.71945,0.69985
7490.54424,1.33501647939002,0.9958,0.72427,0.72189,0.71208,0.70077
7488.61568,1.33536028917964,0.99827,0.72605,0.71987,0.71248,0.70399
7486.68711,1.3357042778832,1.0056,0.72874,0.7181,0.71776,0.70708
7484.75855,1.33604844207032,1.00777,0.73069,0.71945,0.71875,0.70892
7482.82999,1.33639278366125,1.00919,0.73017,0.72251,0.71695,0.70936
7480.90142,1.33673730458007,1.01363,0.72779,0.72302,0.71671,0.70995
7478.97286,1.3370820013913,1.01471,0.72653,0.72064,0.71693,0.711
7477.04429,1.33742687780709,1.01462,0.72824,0.72017,0.71866,0.71232
7475.11573,1.33777193038856,1.01512,0.73261,0.72554,0.72265,0.71348
7473.18716,1.33811716285184,1.00985,0.73429,0.73083,0.72587,0.71118
7471.2586,1.33846257175464,1.00088,0.72967,0.72715,0.7257,0.70513
7469.33003,1.33880816081707,0.99544,0.72291,0.71737,0.72143,0.70264
7467.40147,1.33915392659342,0.99838,0.71941,0.71321,0.71803,0.7083
7465.47291,1.33949987101353,1.0102,0.72362,0.71984,0.72164,0.71626
7463.54434,1.33984599601106,1.02158,0.73317,0.72942,0.72779,0.71885
7461.61578,1.34019229813519,1.02469,0.73837,0.73402,0.72835,0.71636
7459.68721,1.340538781116,1.02236,0.73651,0.735,0.72632,0.71429
7457.75865,1.34088544149924,1.01847,0.73176,0.7323,0.72797,0.71424
7455.83008,1.34123228301898,1.01708,0.72735,0.72567,0.73038,0.71406
7453.90152,1.34157930221756,1.01871,0.72676,0.72327,0.73012,0.71301
7451.97295,1.34192650283305,1.01586,0.73063,0.72987,0.7298,0.71175
7450.04439,1.34227388140435,1.00822,0.73333,0.73686,0.72954,0.71197
7448.11583,1.34262143987092,1.0045,0.73155,0.7364,0.72938,0.71451
7446.18726,1.34296918017611,1.0071,0.72976,0.73176,0.73272,0.71672
7444.2587,1.34331709885364,1.01162,0.73309,0.72887,0.7363,0.71756
7442.33013,1.34366519965166,1.01378,0.74027,0.72944,0.73353,0.7191
7440.40157,1.34401347910043,1.01291,0.74535,0.7316,0.72562,0.72055
7438.473,1.34436194095213,1.01088,0.74451,0.73296,0.71934,0.72028
7436.54444,1.34471058173358,1.01011,0.73934,0.73318,0.71899,0.71902
7434.61587,1.34505940520098,1.01297,0.73444,0.73485,0.72192,0.71809
7432.68731,1.34540840787772,1.01676,0.73066,0.73777,0.72411,0.71864
7430.75875,1.34575759171296,1.0165,0.72738,0.73733,0.72559,0.71963
7428.83018,1.34610695865981,1.01401,0.72741,0.73316,0.72632,0.71906
7426.90162,1.34645650523643,1.01205,0.72861,0.72823,0.72424,0.71693
7424.97305,1.34680623520916,1.00989,0.72552,0.72398,0.72309,0.71367
7423.04449,1.3471561450927,1.00749,0.72248,0.72102,0.72824,0.71064
7421.11592,1.34750623865743,1.00437,0.72357,0.72037,0.73382,0.70978
7419.18736,1.34785651241459,1.00055,0.72425,0.72308,0.73284,0.71081
7417.2588,1.34820696832097,0.99715,0.72357,0.7271,0.72943,0.71217
7415.33023,1.34855760833729,0.99609,0.72459,0.72894,0.72857,0.71105
7413.40167,1.34890842896956,0.99991,0.72712,0.72889,0.72959,0.70665
7411.4731,1.34925943399835,1.00626,0.72988,0.73071,0.73134,0.70357
7409.54454,1.34961061992617,1.00942,0.73177,0.73456,0.73066,0.70265
7407.61597,1.34996199053769,1.00561,0.7319,0.73639,0.72574,0.70255
7405.68741,1.35031354233192,0.99612,0.73021,0.73463,0.72081,0.70538
7403.75884,1.35066527909761,0.99032,0.72769,0.73203,0.71877,0.70859
7401.83028,1.35101719733028,0.99483,0.72775,0.73173,0.7216,0.71016
7399.90172,1.35136929899658,1.00245,0.73242,0.73286,0.72942,0.71192
7397.97315,1.35172158606712,1.00483,0.73862,0.73606,0.73596,0.71362
7396.04459,1.35207405503216,1.00462,0.74184,0.74239,0.73794,0.71677
7394.11602,1.35242670969071,1.00781,0.74166,0.74666,0.73873,0.72152
7392.18746,1.35277954652952,1.01438,0.74071,0.74679,0.74241,0.72533
7390.25889,1.35313256935171,1.01892,0.73923,0.74439,0.74758,0.7263
7388.33033,1.35348577464051,1.01814,0.7341,0.74031,0.74682,0.72221
7386.40176,1.35383916620317,1.01349,0.72789,0.73916,0.73955,0.71624
7384.4732,1.35419274051939,1.00862,0.73018,0.74393,0.73528,0.71479
7382.54464,1.35454649956577,1.0075,0.73829,0.75057,0.73812,0.71801
7380.61607,1.35490044532285,1.00799,0.73792,0.75212,0.73902,0.72123
7378.68751,1.35525457426507,1.0072,0.73095,0.74667,0.73335,0.72101
7376.75894,1.35560889020999,1.00955,0.72903,0.73925,0.7304,0.71782
7374.83038,1.35596338962849,1.01583,0.73429,0.73636,0.73535,0.71684
7372.90181,1.35631807634232,1.02039,0.74117,0.73853,0.73892,0.72083
7370.97325,1.35667294681879,1.02141,0.74445,0.7409,0.73422,0.72338
7369.04468,1.3570280048838,1.01753,0.74203,0.73938,0.72735,0.71854
7367.11612,1.35738324700113,1.01033,0.73687,0.73634,0.72668,0.71288
7365.18756,1.35773867515738,1.00799,0.73492,0.73809,0.73142,0.71514
7363.25899,1.35809429134313,1.01124,0.73701,0.74291,0.73492,0.72094
7361.33043,1.35845009201686,1.01511,0.74104,0.74507,0.73508,0.72444
7359.40186,1.35880608101485,1.0147,0.74395,0.74231,0.7344,0.72479
7357.4733,1.35916225479201,1.00647,0.74082,0.73668,0.73254,0.72172
7355.54473,1.3595186171888,0.99883,0.73589,0.736,0.73231,0.71939
7353.61617,1.35987516465657,0.99977,0.73845,0.7421,0.73729,0.72042
7351.6876,1.36023190103997,1.00408,0.74445,0.74656,0.74084,0.72002
7349.75904,1.36058882278677,1.00773,0.74503,0.74606,0.73776,0.71581
7347.83048,1.36094593189363,1.01088,0.74333,0.74577,0.73481,0.71376
7345.90191,1.36130323036127,1.01119,0.74568,0.74836,0.73744,0.7185
7343.97335,1.36166071463209,1.00605,0.74878,0.7499,0.74124,0.72414
7342.04478,1.36201838856123,1.00168,0.74938,0.74912,0.74237,0.72316
7340.11622,1.36237624858752,1.0056,0.74848,0.7482,0.74299,0.71735
7338.18765,1.3627342985703,1.01201,0.74583,0.74659,0.74569,0.71465
7336.25909,1.36309253494481,1.01681,0.7429,0.74378,0.74779,0.71699
7334.33052,1.36345096157461,1.02243,0.74297,0.74122,0.74565,0.72189
7332.40196,1.36380957489134,1.02489,0.7461,0.73969,0.741,0.7262
7330.4734,1.36416837690182,1.02144,0.74841,0.73931,0.73974,0.72612
7328.54483,1.36452736961698,1.01893,0.74715,0.74005,0.74234,0.7232
7326.61627,1.36488654946303,1.01996,0.74227,0.74145,0.74002,0.72253
7324.6877,1.36524592031412,1.02112,0.73776,0.74532,0.73351,0.72474
7322.75914,1.36560547859287,1.0217,0.73899,0.75045,0.73338,0.7276
7320.83057,1.36596522817765,1.02,0.74413,0.75079,0.73813,0.72918
7318.90201,1.36632516548749,1.01638,0.74859,0.74732,0.73912,0.72947
7316.97344,1.366685294405,1.01258,0.75068,0.74582,0.73669,0.72846
7315.04488,1.36704561134559,1.0105,0.75024,0.74937,0.73618,0.72676
7313.11632,1.36740611832631,1.01271,0.7476,0.75566,0.73802,0.72594
7311.18775,1.36776681736835,1.0148,0.74229,0.75575,0.73835,0.72584
7309.25919,1.36812770488168,1.01135,0.73928,0.74924,0.73591,0.72569
7307.33062,1.36848878475954,1.00848,0.74387,0.74717,0.73401,0.72576
7305.40206,1.36885005340829,1.01087,0.74948,0.75137,0.73537,0.72756
7303.47349,1.36921151472544,1.01275,0.74857,0.75419,0.73858,0.73244
7301.54493,1.3695731651137,1.01192,0.74501,0.75395,0.74211,0.73783
7299.61636,1.36993500847488,1.01175,0.74482,0.75234,0.74313,0.73803
7297.6878,1.37029704120804,1.01274,0.74715,0.74924,0.73911,0.73414
7295.75924,1.37065926534056,1.01188,0.7485,0.74559,0.7345,0.73196
7293.83067,1.37102168290397,1.00806,0.74848,0.74344,0.73392,0.73048
7291.90211,1.37138429029185,1.00441,0.74676,0.7425,0.73477,0.72747
7289.97354,1.37174709141674,1.00242,0.74193,0.7401,0.73332,0.72445
7288.04498,1.37211008266856,1.00396,0.7385,0.73941,0.73293,0.72378
7286.11641,1.37247326796416,1.01015,0.74145,0.74494,0.73638,0.7253
7284.18785,1.3728366436898,1.01566,0.74436,0.74999,0.73949,0.72621
7282.25928,1.37320021376663,1.01751,0.74226,0.74953,0.74166,0.72741
7280.33072,1.37356397457724,1.01786,0.74025,0.74823,0.74542,0.72956
7278.40216,1.37392792815944,1.01846,0.74098,0.74823,0.74811,0.73031
7276.47359,1.37429207655518,1.02109,0.74293,0.74933,0.74835,0.7306
7274.54503,1.37465641614153,1.02597,0.74621,0.75221,0.74957,0.73264
7272.61646,1.37502095085047,1.02728,0.74794,0.75492,0.75114,0.73415
7270.6879,1.3753856770554,1.0204,0.74486,0.75469,0.74767,0.73191
7268.75933,1.37575059869261,1.01168,0.74172,0.75132,0.74197,0.72816
7266.83077,1.37611571213182,1.00899,0.74298,0.74753,0.74219,0.72655
7264.90221,1.37648101941898,1.01005,0.74668,0.74602,0.74476,0.72703
7262.97364,1.3768465226042,1.00878,0.749,0.74678,0.74296,0.72799
7261.04508,1.37721221805168,1.00699,0.7482,0.74968,0.74221,0.72971
7259.11651,1.37757810970856,1.01035,0.74653,0.75434,0.7462,0.73282
7257.18795,1.37794419393534,1.01501,0.74417,0.75573,0.7492,0.73482
7255.25938,1.37831047468354,1.01396,0.74063,0.75118,0.74893,0.73316
7253.33082,1.37867694830994,1.01095,0.73834,0.74725,0.749,0.7287
7251.40225,1.37904361877042,1.00991,0.73726,0.74842,0.75128,0.72512
7249.47369,1.37941048241807,1.00709,0.73636,0.75056,0.75256,0.72517
7247.54513,1.37977754130936,1.00408,0.73678,0.7505,0.75082,0.72687
7245.61656,1.38014479750499,1.00518,0.73974,0.75018,0.74831,0.72856
7243.688,1.38051224735245,1.006,0.7431,0.75003,0.7463,0.72889
7241.75943,1.3808798948186,1.00171,0.74226,0.74822,0.7435,0.72621
7239.83087,1.38124773624719,0.99946,0.74092,0.74698,0.74192,0.72476
7237.9023,1.38161577560946,1.00453,0.74591,0.74915,0.74489,0.72625
7235.97374,1.38198400924545,1.00932,0.75266,0.75282,0.74898,0.72716
7234.04517,1.3823524411308,1.0068,0.75257,0.75429,0.74867,0.72663
7232.11661,1.38272106760181,1.00417,0.74754,0.75566,0.74642,0.72821
7230.18805,1.38308989072559,1.00886,0.74325,0.7588,0.74579,0.7334
7228.25948,1.38345891257352,1.01605,0.74067,0.75927,0.746,0.73824
7226.33092,1.38382812947625,1.02106,0.74057,0.75605,0.74657,0.7393
7224.40235,1.38419754542049,1.02347,0.74276,0.75165,0.74634,0.73707
7222.47379,1.38456715673315,1.0251,0.74614,0.74897,0.7473,0.73579
7220.54522,1.38493696740535,1.02462,0.7472,0.75001,0.75101,0.73739
7218.61666,1.38530697376026,1.01827,0.74226,0.75193,0.75194,0.73885
7216.68809,1.38567717979343,1.01077,0.73575,0.75169,0.74852,0.73813
7214.75953,1.38604758182426,1.00805,0.73426,0.75027,0.74593,0.73499
7212.83097,1.38641818193058,1.00813,0.73771,0.74953,0.74559,0.73115
7210.9024,1.38678898219452,1.0099,0.74118,0.75072,0.7462,0.73044
7208.97384,1.38715997892982,1.01374,0.74191,0.75343,0.74819,0.73207
7207.04527,1.38753117614315,1.01627,0.74025,0.756,0.75093,0.73186
7205.11671,1.38790257014449,1.0155,0.73773,0.75663,0.75191,0.72863
7203.18814,1.38827416494497,1.01556,0.73696,0.75571,0.75074,0.72602
7201.25958,1.38864595685079,1.01939,0.73815,0.75443,0.74879,0.72653
7199.33101,1.38901794987754,1.02259,0.73928,0.75359,0.74833,0.72903
7197.40245,1.38939014032764,1.01954,0.74021,0.75448,0.75056,0.73074
7195.47389,1.38976253028972,1.01154,0.74172,0.75563,0.75266,0.72981
7193.54532,1.39013512185671,1.00608,0.74346,0.7554,0.7529,0.72876
7191.61676,1.39050791132535,1.00565,0.74321,0.75472,0.75121,0.72828
7189.68819,1.39088090272243,1.00536,0.7391,0.75353,0.74704,0.72673
7187.75963,1.39125409234087,1.00449,0.73578,0.75104,0.74322,0.72593
7185.83106,1.39162748421197,1.00457,0.73916,0.74858,0.74313,0.72707
7183.9025,1.39200107462483,1.00373,0.74668,0.74917,0.74632,0.72914
7181.97393,1.39237486761526,1.00292,0.75074,0.75087,0.74891,0.73159
7180.04537,1.39274885946856,1.00427,0.74848,0.75011,0.74728,0.73311
7178.11681,1.39312305228424,1.00602,0.74454,0.751,0.7437,0.73201
7176.18824,1.39349744816616,1.00721,0.74278,0.75484,0.7427,0.72932
7174.25968,1.39387204339389,1.00872,0.74289,0.75781,0.74493,0.72761
7172.33111,1.39424684201452,1.01027,0.74294,0.75911,0.74822,0.72792
7170.40255,1.39462184030379,1.01127,0.7427,0.75894,0.7504,0.73007
7168.47398,1.39499704231332,1.01288,0.74447,0.75867,0.75105,0.73324
7166.54542,1.39537244431502,1.01322,0.74639,0.75841,0.75235,0.73552
7164.61685,1.39574805036504,1.0094,0.74338,0.75626,0.75391,0.73422
7162.68829,1.39612385673145,1.00703,0.73766,0.75448,0.75349,0.73037
7160.75973,1.39649986552474,1.01256,0.73723,0.75507,0.75348,0.73012
7158.83116,1.39687607885978,1.02033,0.74204,0.7564,0.75572,0.73444
7156.9026,1.39725249299886,1.02156,0.74441,0.75574,0.75584,0.73682
7154.97403,1.39762911200951,1.0162,0.74183,0.75254,0.75081,0.73492
7153.04547,1.39800593215018,1.01063,0.73758,0.75033,0.74549,0.73178
7151.1169,1.39838295749298,1.00918,0.73511,0.75005,0.74507,0.72919
7149.18834,1.39876018429247,1.01053,0.7362,0.75036,0.74632,0.72908
7147.25977,1.39913761662534,1.01239,0.74122,0.75406,0.74643,0.73334
7145.33121,1.39951525074231,1.01217,0.74745,0.76063,0.74798,0.73808
7143.40265,1.39989308876492,1.00854,0.75094,0.76459,0.75118,0.7394
7141.47408,1.40027113281912,1.00663,0.75131,0.76561,0.75454,0.73963
7139.54552,1.40064937914984,1.00855,0.74985,0.76483,0.75601,0.74011
7137.61695,1.40102783184519,1.00921,0.74821,0.7624,0.75433,0.73951
7135.68839,1.40140648714622,1.0095,0.74688,0.76234,0.75365,0.7385
7133.75982,1.40178534914566,1.01369,0.74545,0.76587,0.75466,0.73788
7131.83126,1.40216441408066,1.01874,0.74355,0.7673,0.75342,0.73748
7129.9027,1.40254368408141,1.01907,0.74048,0.76401,0.75091,0.73817
7127.97413,1.40292316128257,1.01706,0.74014,0.76137,0.75054,0.74047
7126.04557,1.40330284191545,1.01832,0.7441,0.76242,0.75267,0.74272
7124.117,1.4036827300843,1.01857,0.74459,0.76303,0.75443,0.74238
7122.18844,1.40406282201654,1.01313,0.74,0.76154,0.7537,0.73955
7120.25987,1.40444312182106,1.00834,0.7369,0.75987,0.75238,0.73745
7118.33131,1.40482362572135,1.00957,0.73721,0.75817,0.75322,0.7387
7116.40274,1.40520433783094,1.01178,0.74014,0.75706,0.75589,0.74171
7114.47418,1.40558525436942,1.0097,0.74312,0.75656,0.75585,0.74155
7112.54562,1.40596637747822,1.00603,0.7418,0.7556,0.75195,0.73733
7110.61705,1.40634770930323,1.00454,0.73835,0.7564,0.75081,0.73343
7108.68849,1.40672924605816,1.00672,0.73789,0.76016,0.75534,0.73395
7106.75992,1.40711099186815,1.01184,0.73885,0.76222,0.75903,0.7376
7104.83136,1.40749294294298,1.01558,0.7379,0.7595,0.75758,0.73866
7102.90279,1.40787510341247,1.01596,0.73667,0.75626,0.75433,0.736
7100.97423,1.40825746948247,1.01581,0.73828,0.75711,0.75398,0.73454
7099.04566,1.40864004528744,1.01579,0.74242,0.76137,0.75723,0.736
7097.1171,1.4090228270293,1.01359,0.74489,0.76454,0.75979,0.7372
7095.18854,1.40940581686079,1.01121,0.74442,0.76452,0.75867,0.73741
7093.25997,1.40978901693913,1.01247,0.74398,0.76319,0.75565,0.73822
7091.33141,1.41017242346032,1.01499,0.74225,0.7613,0.75334,0.73836
7089.40284,1.41055604057055,1.01545,0.73847,0.75872,0.7529,0.73757
7087.47428,1.41093986446184,1.01457,0.73647,0.75651,0.7529,0.73711
7085.54571,1.4113238992851,1.01544,0.73669,0.75691,0.75219,0.73701
7083.61715,1.41170814122838,1.01919,0.73768,0.7594,0.75158,0.73699
7081.68858,1.4120925944473,1.02133,0.73812,0.75888,0.75004,0.7352
7079.76002,1.41247725512594,1.01813,0.73625,0.75445,0.74805,0.73121
7077.83146,1.41286212542846,1.01257,0.73375,0.75065,0.74882,0.72925
7075.90289,1.41324720752351,1.00912,0.73333,0.75065,0.75256,0.73079
7073.97433,1.41363249758923,1.00891,0.73536,0.75503,0.75812,0.73341
7072.04576,1.41401799979303,1.00971,0.73836,0.75944,0.76209,0.73605
7070.1172,1.41440371030907,1.01023,0.74019,0.75866,0.75864,0.737
7068.18863,1.41478963330949,1.01282,0.73838,0.75598,0.75168,0.73589
7066.26007,1.41517576496445,1.016,0.73327,0.75622,0.74885,0.73483
7064.3315,1.41556210945084,1.01541,0.73011,0.75779,0.74745,0.73371
7062.40294,1.41594866293483,1.01176,0.73048,0.75802,0.74489,0.73327
7060.47438,1.41633542759205,1.00792,0.73086,0.75688,0.74516,0.73425
7058.54581,1.41672240560269,1.00604,0.73222,0.75626,0.74922,0.73505
7056.61725,1.41710959312693,1.00577,0.73621,0.75784,0.75375,0.73534
7054.68868,1.41749699435355,1.00537,0.73857,0.76045,0.75669,0.73498
7052.76012,1.4178846054387,1.00807,0.73773,0.76252,0.75844,0.73549
7050.83155,1.41827243057594,1.01564,0.73785,0.76448,0.75963,0.73965
7048.90299,1.41866046591741,1.02116,0.73878,0.76571,0.75926,0.74358
7046.97442,1.41904871566144,1.01921,0.73737,0.76464,0.75618,0.74176
7045.04586,1.41943717595616,1.01473,0.73581,0.76311,0.7533,0.73727
7043.1173,1.41982584898877,1.01286,0.73615,0.76207,0.75442,0.73515
7041.18873,1.4202147369511,1.01251,0.73566,0.75901,0.75748,0.73503
7039.26017,1.42060383598522,1.01207,0.73361,0.75484,0.75834,0.73535
7037.3316,1.42099315030146,1.01063,0.73196,0.75323,0.75597,0.73604
7035.40304,1.42138267603785,1.00839,0.73128,0.75505,0.7523,0.73565
7033.47447,1.42177241740951,1.00701,0.73178,0.75761,0.74923,0.73177
7031.54591,1.42216237055046,1.00733,0.73344,0.75948,0.74646,0.72732
7029.61734,1.42255253968063,1.01009,0.73544,0.76241,0.74492,0.72786
7027.68878,1.42294292092997,1.01431,0.73719,0.76541,0.74691,0.73215
7025.76022,1.42333351649738,1.01621,0.73745,0.76527,0.75069,0.73414
7023.83165,1.42372432858638,1.01478,0.73678,0.76237,0.75335,0.73223
7021.90309,1.42411535332083,1.01415,0.73882,0.76062,0.75583,0.73166
7019.97452,1.42450659493277,1.017,0.74303,0.76225,0.75826,0.73595
7018.04596,1.42489804954198,1.01946,0.7448,0.76443,0.75959,0.74115
7016.11739,1.42528972138535,1.0162,0.74231,0.76318,0.75979,0.7417
7014.18883,1.42568160657859,1.00882,0.73734,0.75935,0.7583,0.73846
7012.26026,1.42607370936343,1.00577,0.7335,0.75784,0.75643,0.73691
7010.3317,1.42646602585153,1.00957,0.73203,0.75978,0.75444,0.7372
7008.40314,1.42685855825354,1.01233,0.73169,0.76147,0.75042,0.73554
7006.47457,1.42725130878481,1.01027,0.7332,0.76058,0.74693,0.73239
7004.54601,1.42764427355086,1.00848,0.7357,0.75793,0.7479,0.73057
7002.61744,1.42803745680558,1.00963,0.73593,0.75644,0.75141,0.73035
7000.68888,1.42843085465041,1.01101,0.73451,0.75818,0.75307,0.73095
6998.76031,1.42882447134413,1.01177,0.73335,0.76111,0.75235,0.7331
6996.83175,1.42921830298406,1.01465,0.7316,0.76168,0.75054,0.73515
6994.90319,1.4296123517901,1.01851,0.72989,0.75964,0.74957,0.73383
6992.97462,1.43000661998685,1.01782,0.7292,0.75668,0.74989,0.72972
6991.04606,1.43040110366545,1.01193,0.72898,0.75523,0.74904,0.72637
6989.11749,1.43079580709696,1.00697,0.72967,0.75695,0.74828,0.72753
6987.18893,1.43119072636841,1.0077,0.73107,0.75856,0.74896,0.73261
6985.26036,1.43158586575576,1.0118,0.73197,0.75715,0.74916,0.73584
6983.3318,1.43198122134194,1.01419,0.73126,0.75491,0.74844,0.73348
6981.40323,1.43237679740782,1.01363,0.72915,0.75428,0.74696,0.72865
6979.47467,1.4327725900322,1.01096,0.72689,0.75586,0.74586,0.72784
6977.54611,1.43316860144691,1.00707,0.72478,0.75746,0.74665,0.73126
6975.61754,1.43356483388853,1.00563,0.72421,0.75672,0.74992,0.73393
6973.68898,1.43396128342965,1.00964,0.72635,0.75622,0.75516,0.73541
6971.76041,1.4343579543635,1.01463,0.72968,0.75898,0.75939,0.73765
6969.83185,1.43475484275851,1.01463,0.73264,0.76173,0.75949,0.73862
6967.90328,1.43515195291287,1.01261,0.7342,0.76095,0.75675,0.73737
6965.97472,1.43554928089087,1.01299,0.73265,0.75784,0.75502,0.7361
6964.04615,1.43594683099566,1.01323,0.72806,0.75478,0.7534,0.73415
6962.11759,1.43634459928736,1.01159,0.72418,0.75431,0.74912,0.73055
6960.18903,1.43674258800985,1.00958,0.72322,0.75618,0.74539,0.7283
6958.26046,1.43714079941181,1.00897,0.72527,0.75718,0.74678,0.7298
6956.3319,1.43753922954711,1.01126,0.73033,0.75619,0.75156,0.73328
6954.40333,1.43793788273134,1.01287,0.73371,0.75492,0.75466,0.73482
6952.47477,1.43833675501422,1.01088,0.73028,0.75456,0.7545,0.73287
6950.5462,1.43873585071631,1.00935,0.72278,0.75414,0.75169,0.72965
6948.61764,1.43913516588315,1.01001,0.71913,0.75419,0.74781,0.72764
6946.68907,1.43953470484033,1.01104,0.72278,0.7551,0.74603,0.7272
6944.76051,1.43993446362919,1.01266,0.7284,0.75417,0.74707,0.72814
6942.83195,1.44033444450575,1.01547,0.73094,0.75223,0.74859,0.731
6940.90338,1.44073464973085,1.01972,0.7311,0.75323,0.7498,0.7351
6938.97482,1.44113507533956,1.02433,0.73078,0.75615,0.75272,0.73843
6937.04625,1.44153572566999,1.02538,0.73058,0.75707,0.75562,0.73838
6935.11769,1.44193659675298,1.0214,0.72986,0.75526,0.75407,0.7339
6933.18912,1.44233769293171,1.01622,0.72851,0.75305,0.75051,0.73001
6931.26056,1.44273901023279,1.01458,0.72775,0.75442,0.75092,0.73244
6929.33199,1.44314055300445,1.01781,0.72787,0.76074,0.75489,0.73744
6927.40343,1.44354231726908,1.02142,0.72883,0.76586,0.75723,0.73884
6925.47487,1.44394430529498,1.02003,0.72955,0.76339,0.75574,0.73734
6923.5463,1.44434651935526,1.01444,0.72756,0.75641,0.75231,0.73462
6921.61774,1.44474895546601,1.01061,0.72476,0.75292,0.75096,0.73281
6919.68917,1.44515161798807,1.01347,0.72489,0.75552,0.75299,0.7344
6917.76061,1.44555450293328,1.02062,0.7263,0.7604,0.75426,0.73667
6915.83204,1.44595761466758,1.02491,0.7258,0.76298,0.75321,0.73672
6913.90348,1.44636094919856,1.02312,0.72414,0.76148,0.75215,0.73457
6911.97491,1.44676451089722,1.01707,0.72292,0.75753,0.75048,0.73117
6910.04635,1.44716829576693,1.01138,0.7213,0.75368,0.74746,0.73001
6908.11779,1.44757230608831,1.01053,0.71989,0.75041,0.74534,0.7317
6906.18922,1.44797654414687,1.01299,0.7203,0.7489,0.74525,0.73233
6904.26066,1.4483810059396,1.01479,0.72082,0.75091,0.74596,0.73148
6902.33209,1.44878569585023,1.01608,0.72081,0.75396,0.74619,0.731
6900.40353,1.44919060987148,1.01705,0.72178,0.7554,0.74583,0.73032
6898.47496,1.44959575239221,1.01664,0.72276,0.75677,0.74557,0.72931
6896.5464,1.45000111940086,1.01594,0.72285,0.75809,0.74615,0.72924
6894.61783,1.45040671529143,1.0163,0.72273,0.75771,0.74807,0.72998
6892.68927,1.45081253604807,1.01751,0.72173,0.75715,0.75,0.73025
6890.76071,1.45121858396386,1.01871,0.72022,0.75658,0.74913,0.72976
6888.83214,1.4516248613368,1.01819,0.72077,0.75427,0.74506,0.72957
6886.90358,1.45203136414464,1.01468,0.72273,0.75172,0.74034,0.7297
6884.97501,1.4524380967942,1.01063,0.72366,0.7519,0.73843,0.72873
6883.04645,1.45284505525893,1.00887,0.72356,0.75483,0.74026,0.72707
6881.11788,1.4532522439508,1.0087,0.7221,0.75654,0.74283,0.72555
6879.18932,1.45365965883899,1.00972,0.72078,0.75569,0.74476,0.72443
6877.26075,1.45406730434061,1.01218,0.72269,0.7554,0.7476,0.72609
6875.33219,1.45447517642053,1.01483,0.72493,0.75597,0.74946,0.7304
6873.40363,1.45488327738437,1.01692,0.72403,0.75609,0.74827,0.7329
6871.47506,1.45529160954271,1.01834,0.72158,0.75514,0.74731,0.73178
6869.5465,1.45570016885394,1.01807,0.71885,0.75336,0.74761,0.72942
6867.61793,1.45610895974814,1.01674,0.7172,0.75389,0.74677,0.72758
6865.68937,1.45651797817937,1.01492,0.71752,0.75578,0.74411,0.7252
6863.7608,1.45692722858291,1.011,0.71807,0.75473,0.74052,0.72249
6861.83224,1.45733670690847,1.00772,0.71663,0.75255,0.73933,0.72198
6859.90367,1.45774641759656,1.00916,0.71287,0.75227,0.7413,0.72304
6857.97511,1.45815635659255,1.0125,0.71142,0.75247,0.74339,0.72314
6856.04655,1.45856652621473,1.01405,0.71427,0.7525,0.74518,0.72338
6854.11798,1.45897692878639,1.01426,0.71462,0.75265,0.74661,0.72549
6852.18942,1.4593875602464,1.01543,0.71147,0.75224,0.74759,0.72776
6850.26085,1.4597984250483,1.01892,0.71147,0.75238,0.74916,0.72865
6848.33229,1.46020951912659,1.02018,0.71407,0.75275,0.74938,0.72894
6846.40372,1.46062084694006,1.01599,0.71447,0.75132,0.74727,0.72915
6844.47516,1.46103240441887,1.01236,0.71346,0.74928,0.74598,0.72971
6842.5466,1.4614441938912,1.01128,0.71244,0.74708,0.74588,0.7308
6840.61803,1.46185621769032,1.00889,0.71016,0.7445,0.74417,0.73007
6838.68947,1.46226847173981,1.00854,0.70942,0.7453,0.74172,0.7276
6836.7609,1.46268096051158,1.0134,0.71274,0.75019,0.74162,0.72713
6834.83234,1.46309367992485,1.01761,0.71523,0.75292,0.74348,0.72776
6832.90377,1.46350663445682,1.01734,0.71379,0.75121,0.74485,0.72738
6830.97521,1.4639198200223,1.01754,0.71048,0.75028,0.74548,0.72794
6829.04664,1.46433324110377,1.02003,0.70735,0.75153,0.74625,0.72927
6827.11808,1.46474689361166,1.01815,0.70622,0.75004,0.74543,0.7289
6825.18952,1.46516077988703,1.01119,0.70612,0.74528,0.7413,0.72623
6823.26095,1.46557490227602,1.0074,0.70504,0.74221,0.73769,0.72308
6821.33239,1.46598925668245,1.00801,0.70413,0.74279,0.73795,0.72119
6819.40382,1.46640384760203,1.00756,0.70509,0.74415,0.73942,0.72064
6817.47526,1.4668186709342,1.00567,0.70703,0.74278,0.73952,0.72113
6815.54669,1.46723373117997,1.00681,0.70867,0.74151,0.73946,0.72349
6813.61813,1.46764902423435,1.0125,0.71201,0.74638,0.74158,0.72859
6811.68956,1.46806455460369,1.01701,0.71626,0.75357,0.74411,0.73201
6809.761,1.46848031817857,1.01566,0.71538,0.75566,0.74258,0.72915
6807.83244,1.468896317313,1.01325,0.71105,0.75359,0.73937,0.72457
6805.90387,1.46931255436613,1.0143,0.71038,0.75084,0.73964,0.72427
6803.97531,1.46972902522187,1.01641,0.71153,0.74895,0.74137,0.72692
6802.04674,1.47014573439994,1.01674,0.70975,0.74797,0.74076,0.72789
6800.11818,1.47056267777981,1.01515,0.70696,0.74743,0.74007,0.72658
6798.18961,1.47097985988655,1.01284,0.7063,0.74794,0.74218,0.72528
6796.26105,1.4713972765952,1.01126,0.7062,0.74908,0.74401,0.72474
6794.33248,1.47181493243616,1.01092,0.70391,0.74875,0.74331,0.72531
6792.40392,1.47223282328004,1.0123,0.70177,0.74687,0.74357,0.72641
6790.47536,1.47265095149392,1.01688,0.70358,0.7469,0.74653,0.727
6788.54679,1.47306931945003,1.02248,0.70637,0.74896,0.7488,0.72703
6786.61823,1.47348792301228,1.02355,0.7054,0.74896,0.74677,0.72542
6784.68966,1.47390676672454,1.02022,0.70303,0.74711,0.74203,0.72261
6782.7611,1.47432584644622,1.0179,0.70354,0.74676,0.7405,0.72142
6780.83253,1.4747451667266,1.0175,0.70579,0.74809,0.74301,0.72152
6778.90397,1.47516472342062,1.01507,0.70565,0.74777,0.74402,0.7206
6776.9754,1.47558452108296,1.01193,0.70303,0.7448,0.74179,0.71927
6775.04684,1.47600455556408,1.01206,0.7012,0.74288,0.73902,0.71919
6773.11828,1.47642482924423,1.01373,0.69973,0.74401,0.73639,0.72069
6771.18971,1.47684534450889,1.01558,0.6982,0.74598,0.73381,0.72274
6769.26115,1.47726609720176,1.01713,0.69847,0.74573,0.73318,0.7228
6767.33258,1.47768709189109,1.01557,0.69803,0.74254,0.73466,0.72041
6765.40402,1.47810832441608,1.01171,0.69559,0.7395,0.73515,0.7171
6763.47545,1.47852979935042,1.00909,0.69459,0.73878,0.73418,0.71376
6761.54689,1.47895151252881,1.00892,0.69524,0.73813,0.73464,0.71207
6759.61832,1.4793734685304,1.0095,0.69613,0.73681,0.73644,0.71293
6757.68976,1.47979566318534,1.0086,0.69748,0.73665,0.73709,0.7153
6755.7612,1.48021809888721,1.00754,0.69812,0.73734,0.737,0.71809
6753.83263,1.4806407780348,1.0089,0.69769,0.73917,0.73713,0.72015
6751.90407,1.48106369645148,1.01196,0.69758,0.74235,0.7366,0.72119
6749.9755,1.48148685873008,1.01493,0.69751,0.74449,0.73669,0.72214
6748.04694,1.48191026068944,1.01654,0.6971,0.74442,0.73783,0.72244
6746.11837,1.48233390692787,1.01601,0.6973,0.74291,0.73727,0.72053
6744.18981,1.48275779325968,1.01427,0.69749,0.74165,0.73536,0.71852
6742.26124,1.48318192428865,1.01341,0.69668,0.74153,0.73483,0.71995
6740.33268,1.48360629582456,1.01445,0.69648,0.74172,0.73555,0.72277
6738.40412,1.48403091027435,1.01606,0.69801,0.74209,0.73614,0.72321
6736.47555,1.48445577005026,1.01741,0.6999,0.74317,0.73684,0.72179
6734.54699,1.48488087095521,1.01846,0.70024,0.74469,0.73707,0.71979
6732.61842,1.48530621760679,1.01727,0.69756,0.74452,0.73519,0.71736
6730.68986,1.48573180580334,1.0138,0.69301,0.74087,0.73298,0.71635
6728.76129,1.48615764016797,1.01133,0.68975,0.73712,0.73312,0.71804
6726.83273,1.48658371649446,1.01003,0.68823,0.73659,0.73501,0.71907
6724.90416,1.48701003941148,1.00851,0.68739,0.73659,0.73618,0.71658
6722.9756,1.48743660470819,1.00894,0.68716,0.73561,0.73485,0.71351
6721.04704,1.48786341480508,1.01137,0.68661,0.73514,0.73175,0.71268
6719.11847,1.48829047212796,1.01199,0.68512,0.73425,0.7281,0.71188
6717.18991,1.48871777245911,1.01152,0.68444,0.73361,0.72506,0.70944
6715.26134,1.4891453204411,1.01325,0.6854,0.73524,0.72459,0.70838
6713.33278,1.48957311185161,1.01693,0.68767,0.73813,0.72595,0.71131
6711.40421,1.49000115133879,1.02041,0.69083,0.74122,0.72692,0.71594
6709.47565,1.49042943467572,1.02146,0.69307,0.74309,0.72782,0.71893
6707.54709,1.49085796429347,1.0195,0.69323,0.74133,0.72912,0.71977
6705.61852,1.49128674262848,1.01598,0.69034,0.73705,0.72916,0.71855
6703.68996,1.49171576544689,1.01241,0.68477,0.73323,0.72809,0.71532
6701.76139,1.49214503741083,1.00978,0.68068,0.73106,0.72818,0.71233
6699.83283,1.49257455428183,1.00888,0.68039,0.73099,0.72854,0.71088
6697.90426,1.49300432072763,1.01026,0.683,0.73311,0.728,0.70999
6695.9757,1.49343433250512,1.01252,0.68587,0.73553,0.72856,0.71029
6694.04713,1.49386459428767,1.01281,0.68489,0.73497,0.72967,0.71167
6692.11857,1.49429510182752,1.01184,0.68127,0.73201,0.72877,0.71193
6690.19001,1.49472585756948,1.01127,0.68033,0.7307,0.72613,0.7109
6688.26144,1.49515686396374,1.01024,0.68128,0.73085,0.72294,0.70994
6686.33288,1.49558811675556,1.0095,0.68096,0.7306,0.72077,0.70999
6684.40431,1.49601962063243,1.01048,0.68069,0.73125,0.72192,0.71154
6682.47575,1.49645137133494,1.01161,0.68049,0.73244,0.7253,0.71376
6680.54718,1.49688337355624,1.01118,0.67925,0.73299,0.72697,0.71468
6678.61862,1.49731562303224,1.01104,0.67952,0.73346,0.72659,0.71381
6676.69005,1.49774812446176,1.01276,0.68175,0.73415,0.72613,0.71298
6674.76149,1.49818087357605,1.01335,0.68157,0.73431,0.72473,0.71299
6672.83293,1.49861387283377,1.01101,0.67823,0.73305,0.72172,0.71214
6670.90436,1.499047124699,1.00927,0.6765,0.73222,0.72,0.70986
6668.9758,1.49948062489595,1.01069,0.67807,0.7329,0.72123,0.7088
6667.04723,1.49991437813768,1.01365,0.68014,0.7328,0.724,0.71088
6665.11867,1.5003483801437,1.01623,0.68142,0.73216,0.72723,0.71439
6663.1901,1.50078263563274,1.0165,0.68219,0.7319,0.72848,0.71538
6661.26154,1.50121714031964,1.01294,0.68124,0.72963,0.72516,0.71224
6659.33297,1.50165189892885,1.00879,0.679,0.72552,0.72007,0.70847
6657.40441,1.50208690717048,1.00921,0.67868,0.72388,0.71772,0.70716
6655.47585,1.50252216751714,1.01362,0.67962,0.72548,0.71904,0.70704
6653.54728,1.50295768244695,1.01619,0.67865,0.72693,0.72153,0.70642
6651.61872,1.50339344766292,1.01542,0.67671,0.72711,0.72183,0.70613
6649.69015,1.50382946790385,1.01493,0.67571,0.7269,0.7195,0.70618
6647.76159,1.50426573886805,1.01487,0.67511,0.72701,0.71706,0.70503
6645.83302,1.50470226530007,1.0141,0.67421,0.72785,0.71686,0.70382
6643.90446,1.50513904289346,1.01368,0.67347,0.72876,0.719,0.70377
6641.97589,1.50557607639856,1.01309,0.67269,0.7279,0.72042,0.70382
6640.04733,1.50601336150416,1.01184,0.67157,0.72507,0.71868,0.70419
6638.11877,1.50645090069698,1.01309,0.6708,0.72436,0.71692,0.7059
6636.1902,1.50688869646925,1.01772,0.6708,0.72763,0.71848,0.70935
6634.26164,1.50732674450265,1.02041,0.67177,0.73026,0.72061,0.71332
6632.33307,1.50776504956196,1.01856,0.67256,0.72929,0.71979,0.71476
6630.40451,1.5082036073241,1.01594,0.67219,0.72745,0.71775,0.71308
6628.47594,1.50864242255966,1.01613,0.67226,0.72758,0.71886,0.71093
6626.54738,1.50908149094076,1.01809,0.67232,0.72914,0.7217,0.70973
6624.61881,1.50952081724382,1.01831,0.66995,0.72926,0.72038,0.70846
6622.69025,1.50996039713619,1.01745,0.6673,0.72694,0.71589,0.70626
6620.76169,1.5104002331188,1.01783,0.66747,0.72428,0.71431,0.70364
6618.83312,1.51084032769812,1.01833,0.66712,0.72255,0.71625,0.70198
6616.90456,1.51128067653435,1.01846,0.66385,0.72144,0.71779,0.70168
6614.97599,1.51172128441845,1.01937,0.66181,0.72084,0.71683,0.70129
6613.04743,1.5121621470058,1.01939,0.66225,0.72083,0.71428,0.70045
6611.11886,1.51260326909324,1.01679,0.66181,0.72047,0.71211,0.69996
6609.1903,1.51304464633134,1.01485,0.66065,0.71936,0.71157,0.70028
6607.26173,1.51348628352278,1.01661,0.66116,0.71993,0.71259,0.70199
6605.33317,1.51392817631332,1.0187,0.66285,0.72224,0.71411,0.70366
6603.40461,1.51437032721822,1.01789,0.66429,0.72208,0.71511,0.70282
6601.47604,1.51481273875835,1.01734,0.66538,0.71874,0.71598,0.70171
6599.54748,1.51525540657221,1.01735,0.66514,0.71472,0.71561,0.70201
6597.61891,1.51569833547722,1.01365,0.66181,0.71185,0.71165,0.70008
6595.69035,1.51614152110704,1.00983,0.65763,0.71301,0.70793,0.69677
6593.76178,1.51658496828498,1.01124,0.65584,0.71731,0.70889,0.69668
6591.83322,1.51702867263987,1.01431,0.65455,0.71835,0.7108,0.69746
6589.90465,1.51747263900093,1.0154,0.65257,0.71562,0.7107,0.696
6587.97609,1.51791686299214,1.01536,0.65336,0.71335,0.70994,0.69555
6586.04753,1.51836134714321,1.0139,0.65673,0.71085,0.70856,0.69782
6584.11896,1.51880609398953,1.01067,0.65694,0.70804,0.7069,0.69945
6582.1904,1.51925109914779,1.00784,0.65269,0.70829,0.70559,0.69879
6580.26183,1.51969636746202,1.00688,0.64924,0.71195,0.70518,0.6974
6578.33327,1.52014189454406,1.00779,0.64898,0.71602,0.7064,0.69603
6576.4047,1.52058768524388,1.01081,0.64982,0.71774,0.7072,0.69565
6574.47614,1.52103373516844,1.01464,0.65069,0.71658,0.70607,0.69772
6572.54757,1.52148004917369,1.01758,0.65226,0.71411,0.70551,0.70089
6570.61901,1.52192662286167,1.01959,0.65438,0.71282,0.70659,0.70255
6568.69045,1.5223734587767,1.02036,0.65552,0.71353,0.70649,0.7033
6566.76188,1.5228205594688,1.01841,0.65449,0.71378,0.70404,0.70401
6564.83332,1.52326792053267,1.01376,0.65168,0.7113,0.70143,0.7017
6562.90475,1.52371554683923,1.0099,0.64916,0.70829,0.69948,0.69658
6560.97619,1.52416343397826,1.00986,0.64882,0.70865,0.69854,0.69388
6559.04762,1.52461158682669,1.01242,0.65044,0.71187,0.69988,0.69396
6557.11906,1.52506000096939,1.01489,0.65225,0.71408,0.70159,0.69291
6555.1905,1.52550867896211,1.01666,0.65166,0.71385,0.7014,0.69024
6553.26193,1.52595762336635,1.01744,0.64841,0.71241,0.70059,0.68761
6551.33337,1.5264068297596,1.01632,0.64512,0.71057,0.70027,0.68628
6549.4048,1.52685630303383,1.01422,0.64342,0.70931,0.70046,0.68701
6547.47624,1.52730603876159,1.01264,0.64274,0.70921,0.70071,0.6886
6545.54767,1.52775604184088,1.01246,0.6423,0.70925,0.70062,0.68946
6543.61911,1.52820630783933,1.01332,0.64227,0.70843,0.69963,0.68946
6541.69054,1.52865684166099,1.01298,0.64213,0.70568,0.6968,0.68887
6539.76198,1.52910763886853,1.01224,0.64167,0.70255,0.69479,0.68876
6537.83342,1.52955870203252,1.01441,0.64308,0.70366,0.69688,0.68993
6535.90485,1.5300100337293,1.01867,0.64598,0.70798,0.70023,0.69132
6533.97629,1.53046162951412,1.02108,0.64528,0.70933,0.70026,0.69224
6532.04772,1.53091349430619,1.01965,0.63979,0.70665,0.69745,0.69206
6530.11916,1.53136562365579,1.01709,0.63488,0.70306,0.69613,0.69004
6528.19059,1.53181802248822,1.0168,0.63363,0.6999,0.69759,0.68736
6526.26203,1.53227068634877,1.01803,0.63462,0.69864,0.69882,0.68582
6524.33346,1.53272362016886,1.01844,0.63637,0.70035,0.69781,0.68523
6522.4049,1.53317681948878,1.01666,0.63735,0.70136,0.69422,0.68367
6520.47634,1.53363028689404,1.01334,0.63602,0.69927,0.68997,0.68223
6518.54777,1.53408402497601,1.01113,0.63375,0.6978,0.68872,0.6832
6516.61921,1.53453802926748,1.01226,0.63324,0.69906,0.69017,0.68438
6514.69064,1.53499230471518,1.01648,0.63416,0.70087,0.69215,0.68439
6512.76208,1.53544684684689,1.01935,0.63443,0.70053,0.69337,0.68435
6510.83351,1.53590166061549,1.01689,0.63358,0.6975,0.69159,0.68255
6508.90495,1.53635674154375,1.01173,0.63199,0.69465,0.68811,0.67865
6506.97638,1.5368120945907,1.00977,0.63069,0.69399,0.68666,0.67634
6505.04782,1.53726771527408,1.01296,0.63116,0.69467,0.68739,0.67714
6503.11926,1.53772360619448,1.01699,0.63247,0.69567,0.68857,0.67873
6501.19069,1.53817976995842,1.01849,0.63278,0.69597,0.68932,0.67926
6499.26213,1.53863620207607,1.01773,0.63244,0.69549,0.68981,0.67903
6497.33356,1.5390929075219,1.01486,0.63132,0.69446,0.68972,0.67873
6495.405,1.53954988180106,1.01258,0.62859,0.69224,0.68825,0.6782
6493.47643,1.54000712989421,1.01376,0.62563,0.69015,0.68548,0.6769
6491.54787,1.54046464730145,1.0154,0.62502,0.6898,0.68206,0.67507
6489.6193,1.54092243900964,1.01486,0.62709,0.69009,0.67979,0.67417
6487.69074,1.54138050051381,1.01528,0.62933,0.69037,0.68071,0.67552
6485.76218,1.54183883442979,1.01748,0.63,0.69027,0.68345,0.67687
6483.83361,1.54229744337933,1.01801,0.62968,0.68888,0.68433,0.67564
6481.90505,1.54275632284987,1.01738,0.62899,0.68788,0.68308,0.67356
6479.97648,1.54321547784383,1.01785,0.6275,0.68981,0.68215,0.67324
6478.04792,1.54367490384356,1.01923,0.62558,0.69323,0.68239,0.67496
6476.11935,1.54413460585775,1.02058,0.62438,0.69358,0.6829,0.67583
6474.19079,1.54459457936364,1.02066,0.62329,0.69049,0.68266,0.67362
6472.26222,1.54505482937618,1.01947,0.62116,0.68778,0.68228,0.67093
6470.33366,1.54551535136752,1.01795,0.61861,0.68574,0.68138,0.67004
6468.4051,1.54597614796884,1.01677,0.61715,0.68345,0.67928,0.67064
6466.47653,1.5464372218173,1.01577,0.61705,0.68208,0.67773,0.67132
6464.54797,1.5468985683774,1.01359,0.61739,0.68141,0.67648,0.66968
6462.6194,1.54736019267977,1.01121,0.61767,0.6803,0.67416,0.66636
6460.69084,1.54782209018378,1.01021,0.61695,0.67869,0.67106,0.66427
6458.76227,1.54828426592639,1.00943,0.61489,0.67732,0.6676,0.66381
6456.83371,1.54874671536182,1.00924,0.61346,0.67691,0.66616,0.66416
6454.90514,1.54920944353336,1.0106,0.61366,0.67725,0.66831,0.66469
6452.97658,1.54967244589008,1.01032,0.61393,0.67656,0.66986,0.66349
6451.04802,1.55013572507867,1.00771,0.61319,0.67464,0.66736,0.66151
6449.11945,1.55059928375183,1.00819,0.61198,0.67477,0.66443,0.6618
6447.19089,1.55106311735094,1.01265,0.61082,0.67704,0.66445,0.6624
6445.26232,1.55152723093511,1.01561,0.6095,0.67735,0.66578,0.66063
6443.33376,1.55199161994054,1.01501,0.60819,0.67572,0.66616,0.65898
6441.40519,1.55245628943271,1.01283,0.60769,0.67582,0.66525,0.65963
6439.47663,1.55292123484265,1.01074,0.60735,0.6775,0.66417,0.66091
6437.54806,1.5533864612422,1.00957,0.60573,0.67759,0.66296,0.66079
6435.6195,1.55385196405723,1.00922,0.60411,0.67573,0.66012,0.6596
6433.69094,1.55431774595004,1.00999,0.60416,0.67408,0.65751,0.65882
6431.76237,1.55478380958904,1.01185,0.60498,0.67269,0.65761,0.65824
6429.83381,1.5552501503923,1.01378,0.606,0.67036,0.65918,0.65678
6427.90524,1.55571677344764,1.01489,0.60697,0.66851,0.66091,0.65508
6425.97668,1.55618367416796,1.0139,0.60625,0.66822,0.66178,0.65411
6424.04811,1.55665085764745,1.012,0.60368,0.66818,0.66075,0.6537
6422.11955,1.55711831929382,1.01124,0.60092,0.66694,0.65866,0.65278
6420.19099,1.55758606178163,1.01133,0.59893,0.66397,0.65675,0.65061
6418.26242,1.55805408779157,1.01195,0.59808,0.66117,0.65536,0.64918
6416.33386,1.5585223927235,1.01202,0.59755,0.661,0.65442,0.65015
6414.40529,1.55899098168772,1.01245,0.59716,0.66274,0.65477,0.65151
6412.47673,1.55945985007886,1.01624,0.59779,0.6637,0.65606,0.65183
6410.54816,1.55992900301368,1.02103,0.59831,0.66225,0.65529,0.65225
6408.6196,1.56039843588157,1.02202,0.59766,0.65932,0.65178,0.65188
6406.69103,1.56086815380576,1.01972,0.59663,0.65765,0.64904,0.65023
6404.76247,1.56133815217038,1.01718,0.59547,0.65784,0.65019,0.6499
6402.83391,1.5618084336659,1.01474,0.59317,0.65779,0.65249,0.65015
6400.90534,1.56227900098894,1.01276,0.58974,0.65716,0.65216,0.64893
6398.97678,1.56274984951578,1.01221,0.58748,0.65698,0.65103,0.64765
6397.04821,1.56322098438586,1.01339,0.58758,0.65665,0.65009,0.64725
6395.11965,1.56369240097017,1.01652,0.58832,0.65522,0.64813,0.64706
6393.19108,1.56416410441466,1.01827,0.58829,0.65319,0.6464,0.64634
6391.26252,1.56463609008506,1.01574,0.58752,0.65168,0.64557,0.6451
6389.33395,1.56510836313384,1.01208,0.58686,0.65009,0.6442,0.64347
6387.40539,1.56558091892145,1.01057,0.58768,0.64867,0.64254,0.64173
6385.47683,1.56605376015435,1.01128,0.58908,0.64882,0.6419,0.64088
6383.54826,1.56652688954528,1.01218,0.58891,0.64872,0.64172,0.63923
6381.6197,1.56700030244673,1.01194,0.58795,0.64712,0.64127,0.6357
6379.69113,1.56747400402753,1.01253,0.58676,0.64649,0.64038,0.63474
6377.76257,1.56794798963487,1.01445,0.5849,0.64772,0.63902,0.63761
6375.834,1.56842226444415,1.01519,0.58405,0.64881,0.63866,0.63896
6373.90544,1.56889682379725,1.01436,0.58426,0.64832,0.63955,0.63653
6371.97687,1.56937167287614,1.01403,0.58308,0.647,0.6396,0.63384
6370.04831,1.56984680701739,1.01636,0.58082,0.64619,0.6385,0.63393
6368.11975,1.57032222894364,1.0198,0.57968,0.64567,0.63753,0.63536
6366.19118,1.57079794138385,1.0193,0.57943,0.64452,0.63673,0.63414
6364.26262,1.57127393966656,1.01568,0.57929,0.6434,0.63599,0.6306
6362.33405,1.57175022899026,1.01502,0.57957,0.6427,0.63547,0.62858
6360.40549,1.57222680467814,1.01821,0.57963,0.64152,0.6346,0.62863
6358.47692,1.57270367193532,1.02114,0.57896,0.64013,0.63371,0.62941
6356.54836,1.57318082607964,1.02164,0.57816,0.63983,0.63323,0.63019
6354.61979,1.57365827232285,1.02106,0.57691,0.63992,0.63203,0.62944
6352.69123,1.57413600597742,1.0199,0.57451,0.63767,0.62955,0.62671
6350.76267,1.57461402978235,1.01691,0.5721,0.63289,0.62654,0.62376
6348.8341,1.57509234648296,1.0135,0.5705,0.6296,0.62441,0.62198
6346.90554,1.57557095138366,1.01261,0.56901,0.63044,0.62395,0.62185
6344.97697,1.57604984971285,1.01328,0.56728,0.63234,0.62414,0.6235
6343.04841,1.57652903676956,1.01265,0.5656,0.63131,0.62408,0.6246
6341.11984,1.57700851778887,1.01226,0.56528,0.62859,0.62393,0.62302
6339.19128,1.5774882880644,1.01433,0.56626,0.62703,0.62358,0.62133
6337.26271,1.57796835283794,1.01523,0.56613,0.62654,0.62242,0.62198
6335.33415,1.5784487073977,1.01214,0.56552,0.62652,0.62028,0.62268
6333.40559,1.57892935449915,1.00883,0.56611,0.6263,0.61779,0.62086
6331.47702,1.57941029690415,1.00831,0.56557,0.62486,0.61538,0.61718
6329.54846,1.5798915298928,1.00931,0.56269,0.62334,0.61316,0.61395
6327.61989,1.58037305872367,1.01084,0.5603,0.62239,0.61144,0.61217
6325.69133,1.58085487867142,1.01266,0.56023,0.6209,0.61064,0.61114
6323.76276,1.58133699500138,1.01368,0.5614,0.61955,0.61033,0.61129
6321.8342,1.58181940298276,1.0133,0.562,0.6181,0.60935,0.61268
6319.90563,1.58230210788765,1.01239,0.56153,0.61537,0.60791,0.61309
6317.97707,1.58278510497981,1.01287,0.56102,0.61428,0.60771,0.61202
6316.04851,1.58326839703136,1.01536,0.56028,0.61622,0.60833,0.61195
6314.11994,1.58375198682083,1.01744,0.558,0.61676,0.60713,0.61351
6312.19138,1.58423586960381,1.01742,0.55518,0.61388,0.6043,0.61393
6310.26281,1.58472005066933,1.01598,0.55396,0.61073,0.60246,0.61134
6308.33425,1.58520452526751,1.01401,0.55403,0.60956,0.60226,0.60763
6306.40568,1.58568929869415,1.01359,0.55428,0.61026,0.60271,0.60547
6304.47712,1.58617436619391,1.0159,0.55497,0.61128,0.60319,0.60608
6302.54855,1.58665973306941,1.01839,0.55534,0.61075,0.60422,0.60811
6300.61999,1.58714539455981,1.01853,0.55371,0.6088,0.60559,0.60813
6298.69143,1.587631353454,1.01695,0.55096,0.60686,0.60505,0.60587
6296.76286,1.58811761254735,1.01614,0.54951,0.60605,0.60252,0.60445
6294.8343,1.58860416707077,1.01719,0.54957,0.60632,0.60057,0.60449
6292.90573,1.58909102234398,1.01849,0.54951,0.606,0.59968,0.60335
6290.97717,1.58957817359239,1.01817,0.54824,0.60387,0.59849,0.59992
6289.0486,1.59006562614256,1.01723,0.54661,0.6014,0.59763,0.59702
6287.12004,1.59055337521439,1.0177,0.54596,0.60048,0.59744,0.59685
6285.19148,1.5910414236099,1.0182,0.54522,0.60085,0.5954,0.59758
6283.26291,1.59152977413769,1.01709,0.54291,0.60138,0.59149,0.5977
6281.33435,1.59201842200933,1.01641,0.54075,0.6013,0.58943,0.59794
6279.40578,1.59250737256862,1.01762,0.54067,0.60012,0.59001,0.59833
6277.47722,1.59299662102159,1.01888,0.54155,0.59801,0.59012,0.59794
6275.54865,1.59348617271894,1.01769,0.54151,0.59546,0.58847,0.59581
6273.62009,1.59397602286115,1.01479,0.5405,0.59371,0.58685,0.59255
6271.69152,1.59446617680584,1.01395,0.53933,0.59397,0.58712,0.59097
6269.76296,1.59495662974793,1.01598,0.53863,0.59464,0.58904,0.59113
6267.8344,1.59544738450652,1.01798,0.53884,0.5936,0.5904,0.59042
6265.90583,1.59593844390732,1.01902,0.5392,0.59187,0.59007,0.58939
6263.97727,1.59642980313688,1.01967,0.53795,0.59114,0.58776,0.58886
6262.0487,1.59692146757019,1.01999,0.53507,0.5902,0.58412,0.58757
6260.12014,1.59741343238822,1.02032,0.53231,0.58709,0.58164,0.58611
6258.19157,1.59790570297291,1.01955,0.52985,0.58369,0.58001,0.58579
6256.26301,1.59839827449965,1.01704,0.52784,0.58248,0.57744,0.58634
6254.33444,1.59889115235737,1.0158,0.52825,0.582,0.57512,0.58603
6252.40588,1.59938433171584,1.01779,0.53004,0.58116,0.5747,0.5834
6250.47732,1.59987781541138,1.01998,0.53009,0.58125,0.57519,0.58014
6248.54875,1.60037160628698,1.01911,0.52784,0.58199,0.57429,0.5787
6246.62019,1.60086569950397,1.01637,0.52439,0.58137,0.57249,0.57885
6244.69162,1.60136010046882,1.01423,0.52138,0.57925,0.57109,0.57827
6242.76306,1.60185480433723,1.01397,0.52003,0.57691,0.56965,0.57585
6240.83449,1.60234981652269,1.01498,0.51955,0.5749,0.56864,0.57417
6238.90593,1.60284513217528,1.01487,0.51857,0.57373,0.56847,0.57437
6236.97736,1.60334075671553,1.01446,0.51741,0.57389,0.56836,0.57433
6235.0488,1.60383668528785,1.01675,0.51761,0.57524,0.56817,0.57431
6233.12024,1.60433292074597,1.0194,0.51841,0.57589,0.56802,0.57479
6231.19167,1.60482946595029,1.0181,0.51714,0.57323,0.5667,0.57346
6229.26311,1.60532631603676,1.0144,0.51444,0.56899,0.56381,0.56966
6227.33454,1.60582347644358,1.01281,0.51304,0.56714,0.56142,0.56627
6225.40598,1.60632094230102,1.01432,0.51314,0.56839,0.56094,0.56591
6223.47741,1.60681871905437,1.01582,0.51281,0.57015,0.5606,0.56693
6221.54885,1.60731680182821,1.01536,0.51094,0.56971,0.55826,0.56618
6219.62028,1.60781519607496,1.0142,0.50874,0.56746,0.55542,0.5647
6217.69172,1.6083138969135,1.01373,0.50746,0.56488,0.55506,0.56479
6215.76316,1.60881290721508,1.01471,0.50681,0.56315,0.55748,0.56556
6213.83459,1.60931222985773,1.01614,0.50609,0.56331,0.56,0.5654
6211.90603,1.60981185995178,1.01564,0.50501,0.56395,0.55925,0.56376
6209.97746,1.61031180296748,1.0139,0.50435,0.56274,0.55575,0.56175
6208.0489,1.61081205400943,1.01359,0.50462,0.56058,0.55362,0.56108
6206.12033,1.61131261855505,1.01458,0.50493,0.55969,0.55402,0.56071
6204.19177,1.61181349170321,1.01472,0.50456,0.55927,0.55391,0.55964
6202.2632,1.61231467893849,1.01383,0.50336,0.55808,0.55205,0.55905
6200.33464,1.61281617535405,1.01378,0.5019,0.55739,0.55044,0.55857
6198.40608,1.61331798383884,1.01508,0.50181,0.55797,0.54972,0.55738
6196.47751,1.61382010728867,1.01597,0.50298,0.55801,0.54879,0.55617
6194.54895,1.61432254078806,1.01518,0.50229,0.55611,0.54736,0.55533
6192.62038,1.61482528983958,1.01427,0.49857,0.55417,0.54615,0.55457
6190.69182,1.61532834952201,1.01459,0.49459,0.5537,0.54561,0.554
6188.76325,1.61583172534512,1.0155,0.49231,0.55329,0.54528,0.55408
6186.83469,1.61633541238193,1.01684,0.49128,0.55206,0.54482,0.55378
6184.90612,1.61683941614946,1.01782,0.4909,0.55102,0.54348,0.55203
6182.97756,1.61734373171492,1.0167,0.49081,0.55052,0.54046,0.55026
6181.049,1.61784836198516,1.01464,0.49075,0.54952,0.53794,0.54957
6179.12043,1.61835330987391,1.01389,0.49073,0.54743,0.53794,0.54956
6177.19187,1.61885857043971,1.01484,0.49019,0.54522,0.53914,0.55004
6175.2633,1.61936414921774,1.01662,0.48795,0.54415,0.53954,0.54964
6173.33474,1.61987004126071,1.01689,0.4841,0.54413,0.53814,0.54778
6171.40617,1.62037625211111,1.01579,0.48125,0.54485,0.53689,0.54724
6169.47761,1.62088277681585,1.01587,0.48098,0.54559,0.5374,0.54872
6167.54904,1.62138962092468,1.01606,0.48057,0.54446,0.53751,0.54876
6165.62048,1.62189677947871,1.01527,0.47872,0.54173,0.53672,0.54608
6163.69192,1.62240425540282,1.0149,0.4777,0.53963,0.53654,0.54369
6161.76335,1.62291205162886,1.01484,0.47751,0.53946,0.53705,0.54379
6159.83479,1.62342016318915,1.0148,0.47689,0.54098,0.53734,0.54444
6157.90622,1.62392859565179,1.0151,0.47652,0.54263,0.53656,0.5431
6155.97766,1.62443734404325,1.01619,0.47717,0.54311,0.53565,0.54074
6154.04909,1.62494641393899,1.01775,0.47772,0.54215,0.53578,0.5397
6152.12053,1.62545580035962,1.01766,0.47616,0.54021,0.53585,0.53976
6150.19196,1.62596550888795,1.01597,0.47323,0.53821,0.53471,0.53927
6148.2634,1.62647553453875,1.01529,0.47215,0.53665,0.53316,0.53836
6146.33484,1.6269858802551,1.01556,0.4723,0.5358,0.53154,0.53752
6144.40627,1.62749654898715,1.0154,0.47058,0.53551,0.52999,0.53591
6142.47771,1.62800753574082,1.01452,0.46821,0.53514,0.53024,0.53336
6140.54914,1.6285188461174,1.01221,0.46783,0.53457,0.53063,0.53138
6138.62058,1.62903047511694,1.00988,0.46802,0.53414,0.52859,0.53157
6136.69201,1.62954242834814,1.0109,0.46653,0.53388,0.52684,0.53353
6134.76345,1.63005470080513,1.01473,0.46453,0.5339,0.52745,0.53491
6132.83489,1.63056729544532,1.01734,0.46427,0.53415,0.52839,0.53419
6130.90632,1.63108021523317,1.01718,0.46502,0.53416,0.52829,0.53193
6128.97776,1.63159345515393,1.0165,0.46502,0.53426,0.52795,0.52983
6127.04919,1.63210702083494,1.01612,0.46356,0.53405,0.52695,0.52889
6125.12063,1.6326209072555,1.0145,0.46036,0.53286,0.52413,0.52806
6123.19206,1.63313512005044,1.01255,0.45671,0.53147,0.5215,0.52692
6121.2635,1.63364965419313,1.012,0.45464,0.53032,0.52112,0.52638
6119.33493,1.63416451532585,1.01263,0.45411,0.52934,0.52199,0.5263
6117.40637,1.63467969841605,1.01405,0.45373,0.5284,0.52353,0.52669
6115.47781,1.63519520643964,1.01558,0.45321,0.52755,0.52519,0.52725
6113.54924,1.6357110423797,1.01577,0.45234,0.52721,0.52505,0.52714
6111.62068,1.63622720119469,1.0144,0.45075,0.52726,0.52333,0.52676
6109.69211,1.63674368854571,1.0128,0.44903,0.52799,0.52186,0.52611
6107.76355,1.63726049938525,1.01221,0.44773,0.52945,0.52142,0.5253
6105.83498,1.63777763938193,1.01224,0.44655,0.53011,0.52212,0.52546
6103.90642,1.63829510348227,1.01225,0.44487,0.52931,0.52319,0.52616
6101.97785,1.63881289736245,1.01307,0.44327,0.5287,0.52355,0.52608
6100.04929,1.63933101596299,1.01461,0.4425,0.52877,0.52357,0.5251
6098.12073,1.63984946227852,1.01592,0.44181,0.52803,0.52374,0.52392
6096.19216,1.64036823931088,1.01669,0.44178,0.52674,0.52327,0.52313
6094.2636,1.64088734199157,1.01619,0.44266,0.52687,0.52215,0.5224
6092.33503,1.64140677601573,1.01531,0.44174,0.52839,0.52182,0.52086
6090.40647,1.64192653630883,1.01559,0.43868,0.52874,0.52215,0.51888
6088.4779,1.64244662857362,1.01608,0.4363,0.52687,0.52151,0.51796
6086.54934,1.64296704772954,1.01637,0.43528,0.52558,0.52038,0.51846
6084.62077,1.64348779948697,1.01716,0.43474,0.52656,0.52079,0.51948
6082.69221,1.6440088787593,1.01746,0.43422,0.52734,0.52216,0.52024
6080.76365,1.64453028856006,1.01645,0.43295,0.52673,0.52215,0.52048
6078.83508,1.64505203191004,1.01573,0.43139,0.52628,0.52087,0.52059
6076.90652,1.64557410371355,1.0166,0.43058,0.52621,0.51987,0.52042
6074.97795,1.64609650970009,1.01751,0.4294,0.52575,0.51985,0.51893
6073.04939,1.64661924476791,1.01705,0.42715,0.52509,0.52065,0.51695
6071.12082,1.64714231465418,1.01657,0.42539,0.5249,0.5212,0.51654
6069.19226,1.64766571425108,1.01737,0.42456,0.52529,0.5209,0.51661
6067.26369,1.64818944930346,1.0185,0.4235,0.52524,0.52024,0.51533
6065.33513,1.64871351469742,1.01812,0.42202,0.52418,0.51975,0.51387
6063.40657,1.64923791346553,1.01563,0.42069,0.52287,0.51949,0.51362
6061.478,1.64976264864774,1.01303,0.41959,0.52241,0.51922,0.51417
6059.54944,1.65028771512095,1.01266,0.41836,0.52327,0.51894,0.51491
6057.62087,1.65081311864934,1.0143,0.41687,0.52381,0.51927,0.51521
6055.69231,1.6513388541037,1.01622,0.41542,0.52273,0.52005,0.51466
6053.76374,1.65186492725598,1.01752,0.41457,0.52209,0.52006,0.51432
6051.83518,1.65239133297084,1.01804,0.41402,0.52319,0.51985,0.51553
6049.90661,1.65291807702797,1.01722,0.4121,0.52454,0.52046,0.51659
6047.97805,1.6534451542859,1.01602,0.40923,0.5255,0.52074,0.5152
6046.04949,1.6539725677965,1.01595,0.40785,0.52634,0.52054,0.51318
6044.12092,1.654500320619,1.0154,0.40768,0.52637,0.52089,0.51293
6042.19236,1.6550284076027,1.01352,0.40687,0.5251,0.52075,0.51329
6040.26379,1.65555683454679,1.01303,0.40554,0.524,0.51928,0.51289
6038.33523,1.6560855962944,1.01515,0.40475,0.52473,0.51862,0.51324
6036.40666,1.65661469865253,1.01755,0.40398,0.52637,0.51983,0.5151
6034.4781,1.65714413645813,1.01767,0.40194,0.52683,0.52027,0.51581
6032.54953,1.65767391552606,1.01574,0.39938,0.52584,0.51946,0.51442
6030.62097,1.65820403068708,1.01467,0.39787,0.52541,0.5203,0.51336
6028.69241,1.65873448501248,1.01591,0.39754,0.52674,0.52243,0.51359
6026.76384,1.65926528158104,1.017,0.39715,0.52805,0.5232,0.51395
6024.83528,1.65979641521419,1.01651,0.39612,0.52787,0.52289,0.51395
6022.90671,1.66032789174648,1.01604,0.39525,0.52675,0.52254,0.51367
6020.97815,1.66085970599312,1.01555,0.39456,0.52552,0.52161,0.51298
6019.04958,1.66139186379654,1.01411,0.39305,0.52509,0.52012,0.51201
6017.12102,1.66192435996576,1.01207,0.39076,0.52552,0.5193,0.51075
6015.19245,1.66245720035109,1.01073,0.38901,0.52612,0.52024,0.50953
6013.26389,1.66299037975531,1.01149,0.38798,0.52702,0.52188,0.51007
6011.33533,1.66352390126937,1.01423,0.38716,0.52799,0.52224,0.51245
6009.40676,1.66405776799173,1.01763,0.38677,0.52842,0.52237,0.51393
6007.4782,1.66459197471578,1.02013,0.38608,0.52902,0.52331,0.51344
6005.54963,1.66512652731171,1.02023,0.38399,0.52978,0.52338,0.51262
6003.62107,1.66566142056664,1.01818,0.38119,0.52879,0.52214,0.51188
6001.6925,1.66619666035872,1.01625,0.37943,0.52638,0.52088,0.51058
5999.76394,1.66673224146882,1.01605,0.37939,0.52597,0.52067,0.50997
5997.83538,1.66726816700328,1.01614,0.37972,0.52811,0.52159,0.51129
5995.90681,1.66780444007601,1.01437,0.37893,0.52931,0.52251,0.51267
5993.97825,1.66834105545845,1.01199,0.37703,0.52818,0.52278,0.5117
5992.04968,1.66887801904873,1.01242,0.37561,0.52684,0.52281,0.51022
5990.12112,1.66941532561198,1.01562,0.37529,0.5269,0.52292,0.51116
5988.19255,1.66995298105436,1.0175,0.37375,0.52806,0.52314,0.51305
5986.26399,1.67049098013467,1.01655,0.37045,0.52959,0.5236,0.51374
5984.33542,1.67102932876714,1.01591,0.36831,0.53106,0.52422,0.51357
5982.40686,1.67156802170423,1.01651,0.36793,0.53132,0.52436,0.51277
5980.4783,1.67210706207228,1.0163,0.36786,0.52974,0.52365,0.51173
5978.54973,1.67264645300525,1.01582,0.36769,0.52831,0.52267,0.51146
5976.62117,1.67318618924612,1.01557,0.36687,0.52871,0.52255,0.51229
5974.6926,1.67372627672928,1.01401,0.36535,0.52974,0.52299,0.5136
5972.76404,1.67426671019135,1.01194,0.36376,0.52985,0.52287,0.51468
5970.83547,1.67480749557482,1.01182,0.36158,0.52941,0.52236,0.51504
5968.90691,1.67534862760994,1.01391,0.35926,0.52971,0.52297,0.51435
5966.97834,1.67589011224733,1.01603,0.35853,0.53117,0.52562,0.51309
5965.04978,1.67643194421087,1.01656,0.35899,0.53297,0.52802,0.51237
5963.12122,1.67697412664705,1.01575,0.35851,0.53359,0.52725,0.51274
5961.19265,1.6775166627101,1.0147,0.35658,0.53288,0.52473,0.51396
5959.26409,1.67805954711432,1.01472,0.35476,0.53279,0.52407,0.51477
5957.33552,1.67860278583067,1.01562,0.35391,0.53361,0.5252,0.51404
5955.40696,1.67914637356706,1.01548,0.35268,0.53352,0.52544,0.51232
5953.47839,1.67969031630264,1.01403,0.3504,0.53203,0.52485,0.51152
5951.54983,1.68023460873888,1.01381,0.34899,0.53076,0.52553,0.51291
5949.62126,1.68077925686315,1.01615,0.34909,0.53142,0.52694,0.51516
5947.6927,1.68132425537049,1.01795,0.34841,0.53189,0.52673,0.51608
5945.76414,1.68186960742779,1.01673,0.34624,0.52956,0.52529,0.51578
5943.83557,1.6824153162097,1.01551,0.34422,0.5277,0.52494,0.51606
5941.90701,1.68296137640161,1.01678,0.34264,0.52886,0.52579,0.51715
5939.97844,1.68350779401145,1.01849,0.3406,0.53037,0.52698,0.51733
5938.04988,1.68405456371815,1.0198,0.33898,0.5314,0.52874,0.51689
5936.12131,1.68460169153787,1.02092,0.33863,0.53295,0.53024,0.51721
5934.19275,1.68514917214309,1.01939,0.33804,0.53373,0.5299,0.51701
5932.26418,1.68569701155824,1.0161,0.33652,0.53342,0.52877,0.51585
5930.33562,1.68624520444932,1.01542,0.335,0.53336,0.52885,0.51578
5928.40706,1.6867937540038,1.01674,0.33367,0.53355,0.5294,0.51627
5926.47849,1.68734266341697,1.01724,0.33183,0.53377,0.5291,0.51568
5924.54993,1.6878919273451,1.01728,0.32885,0.53395,0.52811,0.5155
5922.62136,1.68844155183339,1.01765,0.32615,0.53354,0.52748,0.51705
5920.6928,1.68899153153158,1.01793,0.32594,0.53298,0.52822,0.5188
5918.76423,1.6895418724932,1.01802,0.3269,0.53294,0.52957,0.51924
5916.83567,1.69009256936149,1.0181,0.32615,0.53295,0.52978,0.51884
5914.9071,1.69064362819832,1.01735,0.3235,0.5324,0.5285,0.51858
5912.97854,1.69119504364039,1.01608,0.32095,0.5317,0.52773,0.51935
5911.04998,1.69174681889596,1.01568,0.31972,0.53164,0.52877,0.52086
5909.12141,1.69229895718118,1.01541,0.3187,0.53215,0.52948,0.52096
5907.19285,1.69285145312295,1.0152,0.31719,0.53286,0.52904,0.51981
5905.26428,1.6934043128041,1.01574,0.31609,0.53325,0.52911,0.51958
5903.33572,1.69395753084495,1.01583,0.31574,0.533,0.52963,0.52026
5901.40715,1.69451111333676,1.01618,0.31555,0.53322,0.52992,0.52143
5899.47859,1.69506505489327,1.01801,0.31501,0.53438,0.52985,0.5227
5897.55002,1.69561936161416,1.01901,0.31374,0.53497,0.5291,0.52289
5895.62146,1.69617402810661,1.01759,0.31186,0.53468,0.52805,0.52264
5893.6929,1.69672905759986,1.01514,0.30972,0.53431,0.52754,0.5232
5891.76433,1.69728445333115,1.01333,0.30727,0.53395,0.52797,0.52384
5889.83577,1.69784020989774,1.01374,0.30514,0.53391,0.52884,0.52363
5887.9072,1.69839633342047,1.01558,0.30414,0.53412,0.52871,0.52279
5885.97864,1.69895281849001,1.01605,0.30344,0.53372,0.52722,0.52218
5884.05007,1.69950967123568,1.01618,0.30212,0.53314,0.52618,0.52255
5882.12151,1.70006688624153,1.01734,0.30052,0.53356,0.52718,0.52314
5880.19294,1.70062446964538,1.01727,0.29908,0.53439,0.5291,0.52348
5878.26438,1.70118241602464,1.01613,0.29836,0.53416,0.53011,0.52502
5876.33582,1.70174072862977,1.01603,0.2981,0.53266,0.52972,0.52732
5874.40725,1.70229941071927,1.01633,0.29646,0.53098,0.52817,0.52784
5872.47869,1.70285845686057,1.01581,0.29401,0.53051,0.52645,0.52696
5870.55012,1.70341787321288,1.0148,0.29303,0.53165,0.52546,0.5269
5868.62156,1.70397765433694,1.0151,0.29213,0.5331,0.52507,0.52781
5866.69299,1.70453780640054,1.01713,0.28996,0.53317,0.52504,0.52839
5864.76443,1.70509832395775,1.01793,0.2882,0.53158,0.52536,0.52831
5862.83587,1.70565921027566,1.01581,0.28706,0.52967,0.52634,0.52843
5860.9073,1.70622046862949,1.01341,0.28551,0.52892,0.52733,0.52894
5858.97874,1.70678209356329,1.01332,0.28412,0.52948,0.52689,0.52906
5857.05017,1.70734409126634,1.01547,0.28362,0.53043,0.52592,0.52896
5855.12161,1.70790645627598,1.01846,0.28308,0.53057,0.52634,0.52954
5853.19304,1.70846919479013,1.02009,0.28132,0.52891,0.5271,0.53051
5851.26448,1.70903230133942,1.01963,0.27881,0.52677,0.52649,0.53124
5849.33591,1.70959578213042,1.01854,0.27668,0.52614,0.52531,0.53115
5847.40735,1.71015963168702,1.01757,0.27518,0.52631,0.52465,0.52992
5845.47879,1.71072385329791,1.01725,0.27393,0.52646,0.52468,0.52954
5843.55022,1.71128845025995,1.01804,0.27271,0.52646,0.52564,0.53117
5841.62166,1.71185341708693,1.01864,0.27136,0.52554,0.52635,0.53243
5839.69309,1.71241876000713,1.01803,0.26978,0.52465,0.52529,0.53228
5837.76453,1.71298447352758,1.01671,0.26826,0.52533,0.5236,0.53235
5835.83596,1.71355056388528,1.01547,0.26729,0.52584,0.52271,0.53292
5833.9074,1.71411702558049,1.01538,0.2666,0.52443,0.52249,0.5331
5831.97883,1.71468386485895,1.01721,0.2652,0.52337,0.52274,0.53312
5830.05027,1.71525107621413,1.01893,0.263,0.52402,0.52284,0.53345
5828.12171,1.71581866295651,1.0178,0.26107,0.52451,0.52231,0.53375
5826.19314,1.71638662840484,1.01588,0.2604,0.52446,0.52237,0.53435
5824.26458,1.71695496704238,1.01631,0.26044,0.5246,0.52356,0.53628
5822.33601,1.71752368513682,1.01707,0.25906,0.52431,0.52397,0.53828
5820.40745,1.7180927771646,1.01693,0.25621,0.52377,0.52293,0.53843
5818.47888,1.7186622494022,1.01819,0.25462,0.5237,0.52236,0.53764
5816.55032,1.71923209631925,1.0195,0.25491,0.52335,0.52265,0.53684
5814.62175,1.71980232420105,1.01786,0.25443,0.52273,0.5225,0.53546
5812.69319,1.72037292751039,1.01592,0.25212,0.52283,0.52237,0.5341
5810.76463,1.72094390957976,1.01699,0.25017,0.52264,0.52221,0.53405
5808.83606,1.72151527375004,1.01833,0.25,0.52106,0.5204,0.53474
5806.9075,1.72208701447371,1.01696,0.25016,0.51927,0.51827,0.53492
5804.97893,1.72265913805823,1.01513,0.24903,0.5185,0.51828,0.53485
5803.05037,1.72323163894922,1.0152,0.24714,0.51882,0.51949,0.53515
5801.1218,1.72380452346303,1.01607,0.24558,0.51948,0.5202,0.53583
5799.19324,1.72437778603839,1.016,0.24413,0.51959,0.52025,0.53658
5797.26467,1.72495143300056,1.01559,0.24283,0.51947,0.52001,0.53737
5795.33611,1.72552545878137,1.01654,0.24232,0.5194,0.51986,0.53798
5793.40755,1.7260998667356,1.01783,0.24177,0.51891,0.5192,0.53724
5791.47898,1.72667466022643,1.01777,0.24013,0.51844,0.51735,0.53547
5789.55042,1.72724983367534,1.01724,0.23777,0.51809,0.5157,0.53474
5787.62185,1.72782539342995,1.01689,0.23565,0.51707,0.51557,0.53502
5785.69329,1.72840133390479,1.01648,0.23438,0.51637,0.51612,0.53491
5783.76472,1.72897766145646,1.01665,0.23398,0.51719,0.51667,0.53506
5781.83616,1.72955437049257,1.01787,0.23365,0.51802,0.51693,0.53681
5779.90759,1.7301314673787,1.01904,0.23254,0.51706,0.51659,0.53886
5777.97903,1.73070894651551,1.01875,0.23098,0.51483,0.51595,0.53914
5776.05047,1.73128681128023,1.01702,0.22944,0.51345,0.51476,0.53841
5774.1219,1.73186506505864,1.01539,0.22792,0.51353,0.51327,0.53791
5772.19334,1.73244370224092,1.01525,0.22667,0.51349,0.51232,0.5368
5770.26477,1.73302272921525,1.01688,0.22599,0.51284,0.51189,0.53554
5768.33621,1.73360214036484,1.01969,0.22525,0.51238,0.51232,0.53605
5766.40764,1.73418194208691,1.02127,0.22331,0.51208,0.51341,0.53746
5764.47908,1.7347621287577,1.01933,0.22034,0.51183,0.51313,0.53765
5762.55051,1.73534270678349,1.01553,0.2177,0.51172,0.51134,0.53672
5760.62195,1.73592367053353,1.01349,0.21618,0.51167,0.51,0.53605
5758.69339,1.73650502340775,1.014,0.21545,0.51159,0.5096,0.53646
5756.76482,1.73708676881471,1.01512,0.21475,0.51149,0.50954,0.53733
5754.83626,1.7376689011131,1.01612,0.21405,0.51174,0.50989,0.53779
5752.90769,1.738251426732,1.01722,0.21341,0.51146,0.51075,0.53778
5750.97913,1.73883434002307,1.01712,0.21187,0.50956,0.51125,0.53697
5749.05056,1.73941764742455,1.01536,0.20959,0.50739,0.51015,0.53501
5747.122,1.74000134328104,1.01328,0.20805,0.50619,0.5078,0.53316
5745.19343,1.74058543403995,1.01207,0.20736,0.50571,0.50621,0.53296
5743.26487,1.74116991403881,1.01258,0.20644,0.50619,0.50605,0.53418
5741.33631,1.74175478670052,1.01406,0.20451,0.50704,0.5061,0.53524
5739.40774,1.74234005545666,1.015,0.20179,0.50729,0.50581,0.53557
5737.47918,1.74292571463414,1.01616,0.19974,0.50764,0.5056,0.5361
5735.55061,1.74351177070339,1.01755,0.19905,0.50799,0.50514,0.53662
5733.62205,1.74409821798422,1.01757,0.19904,0.50743,0.5044,0.5363
5731.69348,1.7446850629563,1.01637,0.19872,0.50652,0.50442,0.53564
5729.76492,1.74527229993233,1.01478,0.19745,0.50589,0.50489,0.53485
5727.83635,1.74585993540126,1.01409,0.19581,0.50553,0.50463,0.53448
5725.90779,1.74644796366866,1.01518,0.19455,0.50536,0.5036,0.53507
5723.97923,1.74703638818061,1.01625,0.1935,0.50491,0.50266,0.53504
5722.05066,1.74762521239195,1.01649,0.19283,0.50444,0.50256,0.53338
5720.1221,1.74821443059756,1.01677,0.19265,0.50422,0.50302,0.53213
5718.19353,1.74880404930961,1.01698,0.19165,0.50354,0.50327,0.533
5716.26497,1.74939406281581,1.01727,0.18959,0.50232,0.50342,0.53477
5714.3364,1.74998447763768,1.01814,0.18814,0.50175,0.50373,0.53625
5712.40784,1.75057528805576,1.01846,0.18743,0.50197,0.50382,0.53686
5710.47928,1.75116649753434,1.01719,0.18663,0.50161,0.5029,0.53552
5708.55071,1.75175810954651,1.01602,0.18541,0.50047,0.50113,0.53337
5706.62215,1.75235011836205,1.01653,0.18351,0.49955,0.50036,0.53276
5704.69358,1.75294253052589,1.01772,0.18178,0.4996,0.50135,0.53324
5702.76502,1.75353534030059,1.0182,0.18066,0.5005,0.50204,0.53313
5700.83645,1.75412855424049,1.01703,0.17907,0.50065,0.50094,0.53231
5698.90789,1.75472216660094,1.01474,0.17731,0.49938,0.4994,0.53112
5696.97932,1.75531618394571,1.01381,0.17652,0.49814,0.4991,0.53016
5695.05076,1.7559106005229,1.01518,0.17641,0.49743,0.4999,0.53026
5693.1222,1.75650541982043,1.01727,0.17565,0.49709,0.50081,0.53101
5691.19363,1.7571006453351,1.01879,0.1737,0.49768,0.50152,0.53165
5689.26507,1.75769627130416,1.0193,0.17149,0.49849,0.50195,0.53189
5687.3365,1.75829230431503,1.01871,0.16991,0.49841,0.50171,0.53133
5685.40794,1.75888873859771,1.01749,0.16909,0.49768,0.50071,0.53019
5683.47937,1.7594855807491,1.01626,0.16873,0.49662,0.49936,0.52969
5681.55081,1.76008282499193,1.01532,0.16828,0.49532,0.49844,0.53009
5679.62224,1.76068047793263,1.01457,0.16718,0.49423,0.49795,0.52989
5677.69368,1.76127853378663,1.01449,0.16559,0.49427,0.49735,0.52909
5675.76512,1.76187699606569,1.01563,0.16433,0.49585,0.4974,0.52933
5673.83655,1.76247586829057,1.01626,0.16349,0.49743,0.49826,0.53005
5671.90799,1.76307514466574,1.01519,0.1625,0.49787,0.49864,0.53014
5669.97942,1.76367483182152,1.01434,0.1612,0.49765,0.49856,0.53005
5668.05086,1.76427492395508,1.01458,0.15972,0.49669,0.49867,0.52946
5666.12229,1.76487542770631,1.01475,0.158,0.49606,0.49844,0.52803
5664.19373,1.76547633726504,1.01482,0.15654,0.49722,0.49752,0.52705
5662.26516,1.7660776592808,1.01542,0.15638,0.49855,0.49646,0.52725
5660.3366,1.76667938793605,1.01638,0.15676,0.49826,0.49558,0.52735
5658.40804,1.76728152676667,1.01691,0.1558,0.4972,0.49517,0.52663
5656.47947,1.76788407931763,1.01692,0.15349,0.49668,0.49573,0.52649
5654.55091,1.76848703976033,1.01713,0.15123,0.49712,0.49663,0.52691
5652.62234,1.76909041476845,1.01743,0.1498,0.49799,0.49681,0.52645
5650.69378,1.76969419850601,1.01717,0.14926,0.49807,0.4964,0.52551
5648.76521,1.77029839765636,1.01606,0.14898,0.49707,0.49588,0.52467
5646.83665,1.77090300637615,1.01457,0.14792,0.4959,0.49586,0.5243
5644.90808,1.77150803135841,1.01379,0.14616,0.49504,0.49658,0.52478
5642.97952,1.7721134667524,1.01393,0.14509,0.49458,0.49682,0.52514
5641.05096,1.77271931611836,1.01451,0.14482,0.49465,0.4962,0.52456
5639.12239,1.7733255830257,1.01551,0.1444,0.49511,0.49589,0.52394
5637.19383,1.77393226161251,1.01632,0.14332,0.49578,0.49572,0.52441
5635.26526,1.77453935859623,1.01581,0.14166,0.49627,0.49536,0.52532
5633.3367,1.77514686810749,1.01461,0.14033,0.49648,0.49553,0.52529
5631.40813,1.77575479687351,1.01424,0.13967,0.49697,0.49612,0.52467
5629.47957,1.77636313901748,1.01465,0.13858,0.49737,0.49642,0.52448
5627.551,1.77697190127642,1.01523,0.13641,0.49704,0.4963,0.52448
5625.62244,1.77758107776604,1.01679,0.13442,0.49738,0.49676,0.52437
5623.69388,1.77819067207122,1.01896,0.13452,0.49868,0.49806,0.5242
5621.76531,1.77880068778609,1.01887,0.13551,0.49871,0.49824,0.52323
5619.83675,1.77941111901516,1.01609,0.13476,0.49758,0.49687,0.52112
5617.90818,1.78002197252003,1.01373,0.13269,0.49709,0.49592,0.51943
5615.97962,1.7806332423977,1.01336,0.13107,0.49694,0.49601,0.5192
5614.05105,1.78124493541967,1.01344,0.13021,0.49656,0.49627,0.5199
5612.12249,1.78185704567542,1.01275,0.12917,0.49625,0.49641,0.52093
5610.19392,1.78246957994636,1.01216,0.12772,0.49584,0.49687,0.5218
5608.26536,1.78308253231441,1.01271,0.12683,0.49547,0.49781,0.52214
5606.3368,1.78369590638936,1.01404,0.12654,0.49595,0.49859,0.52193
5604.40823,1.78430970579029,1.01532,0.12612,0.4972,0.49874,0.52149
5602.47967,1.78492392458784,1.016,0.12544,0.49799,0.4987,0.52114
5600.5511,1.78553856958827,1.01599,0.12458,0.49806,0.49869,0.52092
5598.62254,1.78615363485462,1.01649,0.12366,0.49833,0.49833,0.52066
5596.69397,1.78676912720314,1.01794,0.12238,0.49869,0.4979,0.52038
5594.76541,1.78738504068931,1.01854,0.12048,0.49896,0.49767,0.51976
5592.83684,1.78800138213937,1.01777,0.1188,0.49967,0.49728,0.51889
5590.90828,1.7886181456012,1.01704,0.11784,0.49995,0.49666,0.51881
5588.97972,1.78923533470971,1.01656,0.11699,0.49902,0.49643,0.51942
5587.05115,1.78985295310926,1.01594,0.11618,0.49833,0.49709,0.51951
5585.12259,1.7904709948363,1.01563,0.11555,0.49869,0.49776,0.51884
5583.19402,1.79108946674219,1.01542,0.11431,0.49913,0.49782,0.51783
5581.26546,1.79170836285576,1.01507,0.1124,0.49912,0.4978,0.5171
5579.33689,1.79232769003845,1.01539,0.11128,0.49873,0.49771,0.51724
5577.40833,1.79294744231144,1.0163,0.11166,0.498,0.49751,0.51772
5575.47977,1.79356762332939,1.01683,0.11183,0.49771,0.49772,0.51762
5573.5512,1.79418823675649,1.01674,0.11049,0.49867,0.49829,0.51695
5571.62264,1.79480927660241,1.01636,0.10891,0.50011,0.49846,0.51614
5569.69407,1.79543074975391,1.01598,0.10824,0.50033,0.49811,0.51552
5567.76551,1.79605265021299,1.0155,0.10799,0.49953,0.49813,0.51535
5565.83694,1.79667498487658,1.01483,0.10746,0.49939,0.49826,0.51566
5563.90838,1.79729774773897,1.01434,0.10668,0.50006,0.49771,0.51626
5561.97981,1.79792094570728,1.01418,0.10589,0.5006,0.4973,0.51628
5560.05125,1.7985445727681,1.01416,0.10487,0.501,0.49728,0.51493
5558.12269,1.79916863260174,1.0142,0.10372,0.50149,0.49733,0.51334
5556.19412,1.7997931288981,1.01397,0.10294,0.50155,0.49765,0.51315
5554.26556,1.80041805563218,1.01396,0.10274,0.50103,0.49788,0.51401
5552.33699,1.80104341973667,1.01529,0.10289,0.5006,0.49808,0.51447
5550.40843,1.80166921517882,1.01724,0.10276,0.50067,0.49833,0.51394
5548.47986,1.80229544890157,1.01821,0.10207,0.5009,0.49826,0.51312
5546.5513,1.80292211486442,1.01802,0.10119,0.50119,0.49836,0.5123
5544.62273,1.8035492200206,1.01736,0.10004,0.5019,0.49889,0.51153
5542.69417,1.80417675832185,1.01649,0.09834,0.50187,0.49893,0.51151
5540.76561,1.80480473347437,1.01554,0.09673,0.50025,0.4981,0.51207
5538.83704,1.80543314919408,1.01537,0.0957,0.49912,0.49719,0.51213
5536.90848,1.80606199942102,1.01632,0.09487,0.49963,0.4968,0.51164
5534.97991,1.80669129113424,1.0173,0.09392,0.50029,0.49707,0.51157
5533.05135,1.80732101826599,1.01727,0.09269,0.50027,0.49755,0.51208
5531.12278,1.80795118780567,1.01616,0.09143,0.4997,0.49705,0.51193
5529.19422,1.80858179367771,1.01516,0.09099,0.49938,0.49588,0.51068
5527.26565,1.80921284288191,1.01524,0.09125,0.5002,0.49584,0.50971
5525.33709,1.80984432933485,1.01517,0.09112,0.50101,0.49692,0.50951
5523.40853,1.81047625676893,1.01451,0.09052,0.50066,0.49727,0.50901
5521.47996,1.81110862892637,1.01513,0.08966,0.50002,0.49652,0.50849
5519.5514,1.81174143971193,1.01663,0.08814,0.49985,0.49618,0.50887
5517.62283,1.81237469615153,1.01704,0.08637,0.50002,0.49678,0.50952
5515.69427,1.81300839214208,1.01686,0.08557,0.50032,0.49761,0.50966
5513.7657,1.81364253471997,1.01687,0.08549,0.50026,0.4981,0.50939
5511.83714,1.8142771177742,1.01683,0.08484,0.49981,0.49823,0.50937
5509.90857,1.81491214835167,1.0163,0.08401,0.4997,0.49802,0.50946
5507.98001,1.8155476203335,1.01489,0.08393,0.49976,0.49733,0.5088
5506.05145,1.81618353747857,1.01392,0.0841,0.49951,0.49661,0.50767
5504.12288,1.81681990355564,1.01412,0.084,0.49949,0.4959,0.50671
5502.19432,1.81745671243396,1.01426,0.08337,0.50022,0.49509,0.50629
5500.26575,1.81809397118676,1.01434,0.08239,0.50117,0.4947,0.50652
5498.33719,1.81873167367533,1.01516,0.08187,0.50121,0.49448,0.5066
5496.40862,1.8193698269835,1.0161,0.08168,0.50047,0.49387,0.50642
5494.48006,1.8200084249646,1.01647,0.08112,0.49976,0.49356,0.50675
5492.55149,1.82064747471307,1.01623,0.08008,0.49913,0.49431,0.50717
5490.62293,1.82128697007427,1.01568,0.07917,0.49895,0.49544,0.50663
5488.69437,1.82192691483385,1.01562,0.07876,0.4993,0.49601,0.50551
5486.7658,1.82256731278744,1.01618,0.07826,0.49944,0.49614,0.50485
5484.83724,1.82320815776842,1.01655,0.0772,0.49898,0.49608,0.50505
5482.90867,1.82384945689785,1.01647,0.07609,0.49834,0.4956,0.50555
5480.98011,1.8244912040011,1.01614,0.0758,0.49818,0.49463,0.50559
5479.05154,1.82513340620994,1.01539,0.07621,0.49831,0.49386,0.50523
5477.12298,1.8257760573417,1.01406,0.076,0.49792,0.49406,0.50475
5475.19441,1.82641916453885,1.01329,0.07486,0.49676,0.49487,0.50395
5473.26585,1.82706272161072,1.01409,0.0739,0.49609,0.49504,0.50312
5471.33729,1.82770673236999,1.01521,0.07349,0.49651,0.49408,0.50279
5469.40872,1.82835120063947,1.01548,0.0735,0.49721,0.49262,0.50303
5467.48016,1.82899612021637,1.01527,0.07372,0.49771,0.49182,0.50344
5465.55159,1.82964149827008,1.01553,0.07336,0.49749,0.49203,0.50316
5463.62303,1.83028732858973,1.01558,0.07248,0.49633,0.49194,0.50195
5461.69446,1.8309336183555,1.01463,0.07158,0.49527,0.49077,0.50104
5459.7659,1.83158036134846,1.01463,0.07055,0.49456,0.49006,0.50151
5457.83733,1.83222756475961,1.01582,0.06968,0.49322,0.49071,0.50219
5455.90877,1.8328752223619,1.01606,0.06912,0.49191,0.49145,0.50173
5453.98021,1.83352333799539,1.01565,0.06868,0.49191,0.49111,0.50093
5452.05164,1.83417191551032,1.01552,0.06885,0.49213,0.49013,0.50052
5450.12308,1.83482094866746,1.01522,0.06938,0.49127,0.48945,0.49981
5448.19451,1.83547044468499,1.01428,0.06916,0.49039,0.48887,0.49891
5446.26595,1.83612039731552,1.01352,0.06835,0.49064,0.48803,0.49877
5444.33738,1.83677081378818,1.01373,0.06793,0.49102,0.48762,0.49878
5442.40882,1.8374216878474,1.014,0.06839,0.49029,0.48772,0.49795
5440.48026,1.83807302335474,1.01394,0.06875,0.48889,0.48715,0.497
5438.55169,1.83872482418201,1.01368,0.0681,0.48782,0.48554,0.49644
5436.62313,1.83937708406137,1.01344,0.06748,0.48781,0.48377,0.49572
5434.69456,1.84002981024936,1.01426,0.06723,0.48874,0.48277,0.49529
5432.766,1.84068299646994,1.01583,0.06633,0.48929,0.48309,0.49602
5430.83743,1.84133664999064,1.01655,0.06515,0.4885,0.48376,0.49715
5428.90887,1.84199076452724,1.01545,0.0646,0.48646,0.48336,0.49701
5426.9803,1.84264534735827,1.01363,0.06424,0.48489,0.48199,0.49554
5425.05174,1.84330039219128,1.01326,0.06362,0.48501,0.4808,0.49417
5423.12318,1.84395590291571,1.01413,0.06315,0.48534,0.48036,0.49315
5421.19461,1.84461188343135,1.01505,0.063,0.48431,0.48064,0.49266
5419.26605,1.84526832743338,1.01574,0.06315,0.48283,0.48097,0.49329
5417.33748,1.84592524222803,1.01591,0.06363,0.48242,0.48052,0.4939
5415.40892,1.8465826215022,1.01544,0.06393,0.48288,0.47934,0.49321
5413.48035,1.84724047257325,1.01463,0.06362,0.4828,0.47786,0.49172
5411.55179,1.84789878911978,1.01378,0.06315,0.48131,0.47673,0.49038
5409.62322,1.84855757847032,1.01348,0.06298,0.47916,0.47677,0.48916
5407.69466,1.84921683429515,1.01408,0.06262,0.47772,0.47689,0.48822
5405.7661,1.84987656051193,1.01528,0.06183,0.47729,0.47558,0.4882
5403.83753,1.85053676104877,1.01646,0.06113,0.47697,0.47358,0.48842
5401.90897,1.8511974295635,1.01684,0.06089,0.4762,0.47239,0.4878
5399.9804,1.8518585734126,1.01622,0.06094,0.47514,0.47191,0.48695
5398.05184,1.85252018624556,1.01508,0.06125,0.47368,0.47105,0.48634
5396.12327,1.85318227543012,1.0142,0.06197,0.47223,0.46962,0.48558
5394.19471,1.85384483460739,1.01443,0.06233,0.47122,0.46847,0.48483
5392.26614,1.85450787115637,1.01541,0.0618,0.46987,0.46765,0.4846
5390.33758,1.85517137870983,1.01542,0.06124,0.46834,0.46652,0.48446
5388.40902,1.85583536121391,1.01394,0.06074,0.46785,0.46511,0.48386
5386.48045,1.85649982262537,1.01297,0.05961,0.46827,0.4643,0.48289
5384.55189,1.85716475656436,1.01423,0.05819,0.46803,0.46437,0.48174
5382.62332,1.85783017043816,1.0156,0.05757,0.46637,0.46375,0.48081
5380.69476,1.85849605785852,1.0153,0.05779,0.46445,0.46212,0.48042
5378.76619,1.85916242624408,1.01417,0.05836,0.46373,0.46056,0.4803
5376.83763,1.85982926919815,1.01318,0.05843,0.46392,0.45909,0.47987
5374.90906,1.86049659415075,1.013,0.05761,0.46373,0.45817,0.47892
5372.9805,1.86116439469676,1.01403,0.05693,0.46313,0.45825,0.47801
5371.05194,1.86183267481118,1.0155,0.05679,0.462,0.45812,0.47758
5369.12337,1.86250143847971,1.01622,0.05694,0.46032,0.4573,0.47753
5367.19481,1.86317067928451,1.01586,0.05743,0.45944,0.45677,0.47751
5365.26624,1.86384040468419,1.01512,0.0581,0.45969,0.45656,0.47694
5363.33768,1.86451060825243,1.01522,0.05823,0.4592,0.45564,0.47572
5361.40911,1.86518129745932,1.01617,0.05766,0.45744,0.45384,0.47441
5359.48055,1.86585246587004,1.01646,0.05718,0.45594,0.45178,0.47345
5357.55198,1.86652412096616,1.01564,0.05703,0.45508,0.4502,0.4727
5355.62342,1.86719625630437,1.01453,0.05715,0.45388,0.44931,0.47171
5353.69486,1.86786887588883,1.0136,0.05771,0.4521,0.44839,0.47085
5351.76629,1.8685419837345,1.01296,0.05824,0.45082,0.44741,0.47053
5349.83773,1.86921557338525,1.01275,0.05846,0.45004,0.44672,0.47001
5347.90916,1.86988965235154,1.01314,0.05882,0.44901,0.44624,0.46912
5345.9806,1.87056421416868,1.01361,0.05914,0.4476,0.44575,0.46835
5344.05203,1.87123926635872,1.01319,0.05865,0.44588,0.44427,0.46764
5342.12347,1.8719148024484,1.01215,0.0581,0.44454,0.44219,0.46689
5340.1949,1.87259082997139,1.01102,0.05885,0.44395,0.44049,0.46587
5338.26634,1.87326734244586,1.01055,0.05995,0.44289,0.43906,0.46459
5336.33778,1.87394434390546,1.01174,0.05946,0.44115,0.43818,0.46384
5334.40921,1.87462183839473,1.01353,0.05827,0.44027,0.43787,0.46349
5332.48065,1.87529981941894,1.01422,0.05789,0.44007,0.4371,0.46273
5330.55208,1.87597829454093,1.01382,0.05833,0.43942,0.43549,0.46157
5328.62352,1.87665725725731,1.01381,0.05891,0.43844,0.43375,0.46055
5326.69495,1.87733671514266,1.01478,0.0589,0.43726,0.43259,0.45961
5324.76639,1.87801666168495,1.01597,0.05805,0.43585,0.43188,0.45821
5322.83782,1.87869710447049,1.01657,0.05682,0.43439,0.43073,0.45636
5320.90926,1.87937803697859,1.016,0.05601,0.43265,0.42906,0.45507
5318.9807,1.88005946327273,1.01478,0.0564,0.43109,0.42786,0.4552
5317.05213,1.8807413874274,1.01415,0.05771,0.43009,0.42701,0.45533
5315.12357,1.88142380290888,1.01426,0.05863,0.42896,0.42545,0.45372
5313.195,1.88210671733298,1.0149,0.05854,0.42752,0.42356,0.45154
5311.26644,1.88279012415728,1.01582,0.05793,0.42608,0.42233,0.45069
5309.33787,1.88347403100945,1.01591,0.05737,0.42471,0.42197,0.45044
5307.40931,1.88415843133832,1.01494,0.05751,0.42341,0.42164,0.44926
5305.48074,1.88484333278345,1.0143,0.05888,0.42172,0.42066,0.44773
5303.55218,1.88552872878494,1.01443,0.06065,0.41969,0.41927,0.4465
5301.62362,1.88621462343643,1.01477,0.0614,0.41804,0.41758,0.44543
5299.69505,1.8869010208427,1.01495,0.06087,0.41686,0.41553,0.4445
5297.76649,1.88758791443071,1.01501,0.06009,0.41592,0.41355,0.44325
5295.83792,1.88827531186982,1.01527,0.05992,0.41495,0.41234,0.44175
5293.90936,1.88896320657821,1.01535,0.06054,0.41382,0.41198,0.44065
5291.98079,1.88965160623722,1.0148,0.06142,0.4127,0.41135,0.43982
5290.05223,1.89034050425623,1.01434,0.06155,0.4115,0.40951,0.4386
5288.12367,1.89102990475259,1.0143,0.06128,0.41022,0.40747,0.43735
5286.1951,1.89171981185484,1.01436,0.06185,0.40876,0.40612,0.43693
5284.26654,1.89241021895917,1.01488,0.06261,0.40686,0.40474,0.43688
5282.33797,1.89310113377694,1.01554,0.06254,0.40517,0.40342,0.43632
5280.40941,1.8937925496955,1.01563,0.06236,0.40405,0.40293,0.43508
5278.48084,1.89448447443829,1.01563,0.06243,0.40301,0.40246,0.43364
5276.55228,1.8951769013838,1.01566,0.06262,0.40185,0.40084,0.43256
5274.62371,1.89586983826757,1.01549,0.06317,0.40082,0.39867,0.4319
5272.69515,1.89656327845922,1.01539,0.06405,0.39981,0.39704,0.43139
5270.76659,1.89725722610684,1.01528,0.06506,0.39844,0.39597,0.43018
5268.83802,1.8979516853699,1.01493,0.06582,0.39672,0.39521,0.42779
5266.90946,1.89864664960464,1.01447,0.06617,0.39522,0.39446,0.42546
5264.98089,1.89934212657703,1.01412,0.06655,0.39429,0.39337,0.42412
5263.05233,1.90003810963438,1.01395,0.06685,0.39357,0.39194,0.42323
5261.12376,1.90073460655486,1.01383,0.06676,0.39212,0.39042,0.42231
5259.1952,1.90143161067686,1.01376,0.06685,0.3898,0.38897,0.42144
5257.26663,1.90212912979078,1.01342,0.0671,0.38743,0.38753,0.42028
5255.33807,1.90282715722606,1.01297,0.0668,0.38554,0.38579,0.41861
5253.40951,1.90352569716196,1.01326,0.06625,0.38444,0.38406,0.41711
5251.48094,1.90422475378917,1.01383,0.06642,0.38423,0.38301,0.41623
5249.55238,1.90492432042368,1.01391,0.0674,0.38393,0.38204,0.4155
5247.62381,1.9056244048866,1.01377,0.06828,0.38254,0.38016,0.41429
5245.69525,1.90632500048492,1.01382,0.06864,0.38065,0.37817,0.41246
5243.76668,1.90702611505209,1.01439,0.06919,0.37929,0.37698,0.41045
5241.83812,1.90772774188609,1.01508,0.0698,0.37848,0.37605,0.40904
5239.90955,1.90842988883272,1.0153,0.07004,0.37751,0.37491,0.40826
5237.98099,1.90913254918094,1.01566,0.07036,0.37578,0.37349,0.40752
5236.05243,1.90983572714149,1.01648,0.0709,0.37377,0.37182,0.40645
5234.12386,1.91053942693668,1.01643,0.07148,0.37198,0.37021,0.40468
5232.1953,1.91124364184189,1.01488,0.07261,0.37012,0.3687,0.40259
5230.26673,1.91194837973397,1.0137,0.07384,0.36863,0.3674,0.40106
5228.33817,1.91265363387923,1.01388,0.07411,0.36786,0.36658,0.40022
5226.4096,1.91335941216701,1.01435,0.0738,0.36689,0.36583,0.39969
5224.48104,1.9140657078545,1.01507,0.0736,0.36537,0.36457,0.39903
5222.55247,1.91477252884355,1.01605,0.07344,0.36395,0.36289,0.39792
5220.62391,1.91547986838225,1.01606,0.07344,0.3627,0.36106,0.39635
5218.69535,1.91618773071319,1.01518,0.0739,0.36146,0.35965,0.3947
5216.76678,1.91689612009069,1.01485,0.07465,0.36021,0.35904,0.39329
5214.83822,1.91760502974913,1.01515,0.07537,0.3588,0.35836,0.39184
5212.90965,1.91831446762174,1.01484,0.07625,0.35687,0.35689,0.39016
5210.98109,1.91902442693378,1.0139,0.07745,0.35468,0.35506,0.38865
5209.05252,1.91973491563107,1.01328,0.07834,0.35333,0.35359,0.38782
5207.12396,1.92044592692969,1.01301,0.07878,0.35297,0.35252,0.38713
5205.19539,1.92115746878812,1.01334,0.07915,0.35252,0.35153,0.38578
5203.26683,1.92186953441325,1.01484,0.07941,0.35186,0.35061,0.38433
5201.33827,1.9225821280799,1.01625,0.07967,0.35103,0.34948,0.38329
5199.4097,1.92329525407471,1.01629,0.08028,0.34952,0.34793,0.38235
5197.48114,1.92400890559076,1.01586,0.081,0.34763,0.34626,0.38106
5195.55257,1.92472309061825,1.01612,0.08162,0.34609,0.345,0.37922
5193.62401,1.92543780234103,1.01649,0.08224,0.34484,0.34424,0.37716
5191.69544,1.92615304876204,1.01622,0.08269,0.34346,0.34327,0.37559
5189.76688,1.92686882305588,1.01528,0.0829,0.34193,0.34184,0.37509
5187.83831,1.92758513323828,1.01433,0.08317,0.34075,0.3407,0.37498
5185.90975,1.92830197247455,1.01427,0.08373,0.34011,0.33985,0.37391
5183.98119,1.92901934507212,1.01462,0.08456,0.33926,0.33845,0.37186
5182.05262,1.92973725535037,1.01418,0.08538,0.33765,0.33671,0.36976
5180.12406,1.93045569646068,1.01351,0.08615,0.33589,0.33574,0.36813
5178.19549,1.93117467645085,1.01369,0.08682,0.33474,0.33528,0.36695
5176.26693,1.93189418846296,1.01431,0.08713,0.33419,0.33414,0.36612
5174.33836,1.93261424055771,1.01461,0.08748,0.33402,0.33276,0.36548
5172.4098,1.93333482586782,1.01489,0.08829,0.33364,0.33221,0.36459
5170.48123,1.93405595246692,1.01552,0.08903,0.33255,0.33199,0.36319
5168.55267,1.9347776134784,1.01621,0.08953,0.33105,0.33097,0.3617
5166.62411,1.93549981324266,1.01665,0.0905,0.32969,0.32955,0.36056
5164.69554,1.93622255611219,1.01674,0.09187,0.32868,0.32886,0.35962
5162.76698,1.9369458351963,1.01628,0.09276,0.32781,0.32851,0.35845
5160.83841,1.93766965860107,1.01552,0.09318,0.32698,0.32756,0.357
5158.90985,1.93839401942641,1.01442,0.09337,0.32582,0.32613,0.35516
5156.98128,1.93911892579141,1.01298,0.09352,0.32424,0.32456,0.35309
5155.05272,1.93984437078657,1.01276,0.0943,0.32329,0.32313,0.35202
5153.12416,1.94057035877824,1.01388,0.09541,0.32284,0.32198,0.35183
5151.19559,1.94129689414492,1.01488,0.09609,0.32173,0.32112,0.35087
5149.26703,1.94202396996296,1.01571,0.09681,0.32022,0.32085,0.34936
5147.33846,1.94275159438418,1.01604,0.09815,0.31916,0.32092,0.34841
5145.4099,1.94347976047545,1.01543,0.09947,0.31867,0.32044,0.34738
5143.48133,1.94420847640172,1.01496,0.10012,0.31829,0.31948,0.34576
5141.55277,1.94493773522041,1.01515,0.10047,0.31768,0.31842,0.34442
5139.6242,1.94566754510962,1.01526,0.10087,0.31698,0.31689,0.34341
5137.69564,1.94639789911728,1.01503,0.10114,0.31664,0.31533,0.34225
5135.76708,1.9471288016434,1.01497,0.10158,0.31661,0.31477,0.34133
5133.83851,1.9478602571003,1.01519,0.10294,0.31601,0.31464,0.34073
5131.90995,1.94859225852161,1.01521,0.1046,0.31458,0.31404,0.34011
5129.98138,1.94932481411853,1.01544,0.10545,0.31316,0.31325,0.33947
5128.05282,1.95005791691514,1.01624,0.10591,0.31251,0.31285,0.33861
5126.12425,1.95079157513593,1.01636,0.10648,0.31208,0.31279,0.33737
5124.19569,1.95152578179543,1.01549,0.10692,0.3112,0.31268,0.33596
5122.26712,1.95226054513143,1.01515,0.10735,0.31057,0.3124,0.33448
5120.33856,1.95299585814888,1.0156,0.10805,0.3105,0.31197,0.33312
5118.41,1.95373172528188,1.01587,0.10889,0.31032,0.3114,0.33204
5116.48143,1.95446815097695,1.016,0.10968,0.30986,0.31092,0.33132
5114.55287,1.95520512822463,1.01636,0.11046,0.30945,0.31058,0.33092
5112.6243,1.95594266529618,1.01618,0.11112,0.30929,0.31002,0.33048
5110.69574,1.95668075517248,1.01551,0.11188,0.30929,0.30928,0.32988
5108.76717,1.95741940613825,1.01553,0.11287,0.30904,0.30907,0.32927
5106.83861,1.95815861116473,1.0157,0.11372,0.30838,0.3092,0.32843
5104.91004,1.95889837855008,1.01521,0.11453,0.30741,0.30869,0.32726
5102.98148,1.95963870125588,1.01502,0.11567,0.30664,0.3076,0.32607
5101.05292,1.96037958375072,1.0151,0.11693,0.30646,0.30673,0.32491
5099.12435,1.96112103051576,1.01459,0.11804,0.30652,0.30637,0.32386
5097.19579,1.96186303449803,1.01434,0.1189,0.30643,0.30642,0.32325
5095.26722,1.96260560402954,1.01502,0.11932,0.30615,0.30661,0.3229
5093.33866,1.9633487320476,1.01585,0.11973,0.30584,0.30682,0.3227
5091.41009,1.96409242689779,1.01661,0.12071,0.30599,0.30704,0.32275
5089.48153,1.96483668150771,1.01709,0.12183,0.30668,0.30718,0.32272
5087.55296,1.96558150423657,1.01664,0.12278,0.30762,0.30704,0.32235
5085.6244,1.96632688800219,1.0156,0.12385,0.30828,0.30661,0.32151
5083.69584,1.96707283730806,1.01494,0.1248,0.308,0.30648,0.32037
5081.76727,1.96781935667038,1.01525,0.12557,0.30752,0.30686,0.31972
5079.83871,1.96856643899231,1.01595,0.12661,0.30779,0.30706,0.3197
5077.91014,1.96931409266726,1.01592,0.12782,0.30833,0.30721,0.31941
5075.98158,1.97006231058861,1.01562,0.12889,0.3085,0.30776,0.31861
5074.05301,1.97081110116349,1.01572,0.12969,0.30821,0.30828,0.3179
5072.12445,1.97156045727545,1.01581,0.12993,0.30789,0.30861,0.31726
5070.19588,1.97231038734543,1.01565,0.12984,0.30804,0.30892,0.3167
5068.26732,1.97306088424712,1.01534,0.13036,0.30854,0.30915,0.31656
5066.33876,1.97381195251934,1.01503,0.13164,0.3089,0.30908,0.31645
5064.41019,1.97456359671372,1.01488,0.13274,0.30879,0.30866,0.31623
5062.48163,1.97531580968917,1.01503,0.13344,0.30852,0.30877,0.31615
5060.55306,1.97606859990121,1.01528,0.13447,0.30887,0.30998,0.31602
5058.6245,1.97682196019886,1.01541,0.13584,0.31009,0.3113,0.31589
5056.69593,1.97757589905154,1.01576,0.13694,0.31146,0.31217,0.31594
5054.76737,1.97833040929834,1.01606,0.13771,0.31227,0.31264,0.31599
5052.8388,1.97908549942262,1.01578,0.13849,0.31267,0.31286,0.31594
5050.91024,1.97984116225356,1.01545,0.13935,0.31323,0.31349,0.316
5048.98168,1.9805974023657,1.01552,0.14032,0.31396,0.31434,0.31618
5047.05311,1.98135422434657,1.01562,0.14141,0.31462,0.31473,0.31611
5045.12455,1.98211162101043,1.01533,0.14258,0.31552,0.3151,0.31584
5043.19598,1.98286960087559,1.01527,0.14394,0.31683,0.31608,0.31598
5041.26742,1.98362815674634,1.01566,0.14515,0.31805,0.31706,0.31651
5039.33885,1.98438729715506,1.01567,0.14585,0.31871,0.31761,0.31681
5037.41029,1.98514701489602,1.01544,0.14655,0.3194,0.31845,0.31699
5035.48172,1.9859073185157,1.01539,0.14761,0.32089,0.31986,0.31739
5033.55316,1.98666820079834,1.0154,0.14868,0.3226,0.3214,0.31769
5031.6246,1.98742966635468,1.01539,0.14951,0.32374,0.32268,0.31774
5029.69603,1.98819171980856,1.01505,0.15026,0.3245,0.32382,0.31776
5027.76747,1.98895435392918,1.01468,0.15112,0.32516,0.32533,0.3181
5025.8389,1.98971757729839,1.01472,0.15219,0.32578,0.32684,0.31876
5023.91034,1.99048138267531,1.01467,0.15329,0.32639,0.32805,0.31917
5021.98177,1.99124577865602,1.01472,0.154,0.32727,0.32952,0.31923
5020.05321,1.99201075798956,1.01542,0.15461,0.32859,0.33085,0.31947
5018.12464,1.99277632928623,1.01595,0.15578,0.32998,0.33146,0.32016
5016.19608,1.99354248528499,1.01581,0.15714,0.33139,0.33227,0.32129
5014.26752,1.99430923063315,1.01562,0.1584,0.33299,0.33395,0.3226
5012.33895,1.99507656999134,1.01558,0.15999,0.33454,0.33583,0.32368
5010.41039,1.99584449608328,1.01548,0.16161,0.33602,0.33733,0.32443
5008.48182,1.99661301755509,1.01537,0.16278,0.33776,0.33879,0.32536
5006.55326,1.99738212712033,1.01565,0.16375,0.33958,0.34061,0.32673
5004.62469,1.99815183343948,1.01616,0.16461,0.34105,0.34238,0.3279
5002.69613,1.99892212921595,1.01614,0.16527,0.34252,0.34375,0.32865
5000.76757,1.99969301912586,1.01572,0.16598,0.34444,0.34496,0.32968
4998.839,2.00046450785873,1.01549,0.16697,0.34651,0.34628,0.33116
4996.91044,2.00123658810263,1.01541,0.16826,0.3482,0.34807,0.33279
4994.98187,2.00200926855416,1.01536,0.16944,0.3495,0.35027,0.3341
4993.05331,2.00278254189119,1.0155,0.17033,0.35077,0.35219,0.3346
4991.12474,2.0035564168248,1.01558,0.17124,0.35232,0.35383,0.33477
4989.19618,2.00433088602261,1.01524,0.17206,0.35411,0.35556,0.33583
4987.26761,2.00510595821025,1.0149,0.17275,0.35628,0.35715,0.3378
4985.33905,2.00588162604507,1.01496,0.1738,0.35887,0.35885,0.33951
4983.41049,2.00665789424062,1.01525,0.17531,0.36122,0.36111,0.34083
4981.48192,2.00743476752396,1.01574,0.17697,0.36298,0.36335,0.34223
4979.55336,2.00821223853699,1.01634,0.17854,0.36435,0.36507,0.3435
4977.62479,2.00899031604188,1.01649,0.17999,0.3656,0.36642,0.34481
4975.69623,2.0097689926702,1.01622,0.18094,0.36716,0.3678,0.34637
4973.76766,2.01054827719878,1.01593,0.18134,0.36934,0.36978,0.34795
4971.8391,2.01132816224886,1.01549,0.18207,0.37181,0.37227,0.34949
4969.91053,2.01210865661197,1.01519,0.18338,0.37395,0.37473,0.35127
4967.98197,2.012889752899,1.01534,0.18452,0.37564,0.37683,0.35328
4966.05341,2.01367145586137,1.01543,0.18546,0.37704,0.37864,0.35499
4964.12484,2.01445377026417,1.01551,0.18672,0.37844,0.38063,0.35651
4962.19628,2.01523668870269,1.01606,0.18819,0.38022,0.38273,0.35857
4960.26771,2.01602022000542,1.01655,0.18967,0.3823,0.38452,0.36082
4958.33915,2.01680435675724,1.0164,0.19103,0.38458,0.386,0.36256
4956.41058,2.01758910780148,1.01629,0.19205,0.38707,0.38753,0.36401
4954.48202,2.01837446571256,1.01665,0.19292,0.38956,0.38948,0.36582
4952.55345,2.01916043934872,1.01675,0.19376,0.3914,0.39148,0.36789
4950.62489,2.01994702127391,1.01664,0.19475,0.39228,0.39309,0.36961
4948.69633,2.02073421627793,1.0169,0.19607,0.39324,0.39485,0.37142
4946.76776,2.02152202916435,1.01701,0.1973,0.39509,0.39692,0.37374
4944.8392,2.02231045248145,1.01656,0.19819,0.39738,0.39876,0.37583
4942.91063,2.0230994951248,1.01592,0.19927,0.39955,0.40042,0.37718
4940.98207,2.02388914963215,1.01534,0.20074,0.40152,0.4022,0.37836
4939.0535,2.02467942491411,1.01492,0.20196,0.40336,0.40423,0.38027
4937.12494,2.02547031349788,1.01526,0.2028,0.40515,0.40648,0.38278
4935.19637,2.02626182430913,1.01645,0.20364,0.40708,0.40845,0.38514
4933.26781,2.02705394986452,1.01709,0.20454,0.409,0.40992,0.38727
4931.33925,2.02784669499264,1.0166,0.20543,0.41055,0.41123,0.38943
4929.41068,2.02864006453607,1.01645,0.20615,0.41212,0.41284,0.39168
4927.48212,2.0294340509956,1.017,0.20702,0.41409,0.41484,0.39387
4925.55355,2.0302286633347,1.01716,0.20852,0.41597,0.41702,0.39577
4923.62499,2.03102389404356,1.0168,0.21008,0.41732,0.41901,0.39729
4921.69642,2.03181975210084,1.0164,0.21132,0.41857,0.42052,0.39879
4919.76786,2.0326162299861,1.01619,0.21262,0.42003,0.4217,0.40093
4917.83929,2.03341333669324,1.01592,0.21387,0.42132,0.42293,0.40371
4915.91073,2.03421106469116,1.01536,0.21462,0.42235,0.42423,0.40635
4913.98217,2.03500941884777,1.01501,0.21535,0.42327,0.42531,0.40857
4912.0536,2.0358084040451,1.01525,0.21688,0.42461,0.42625,0.41083
4910.12504,2.03660801273607,1.01592,0.2188,0.42678,0.42743,0.4129
4908.19647,2.0374082539528,1.0163,0.22002,0.42871,0.42899,0.41401
4906.26791,2.03820912013751,1.01602,0.22042,0.42946,0.43071,0.4149
4904.33934,2.0390106203377,1.01595,0.22097,0.4301,0.43227,0.41697
4902.41078,2.03981274698486,1.0162,0.22214,0.43155,0.43347,0.41976
4900.48221,2.04061550914191,1.01574,0.22356,0.43301,0.43432,0.42191
4898.55365,2.04141889922957,1.0148,0.22498,0.4339,0.43505,0.42355
4896.62509,2.04222292215555,1.01435,0.22613,0.43457,0.43579,0.42531
4894.69652,2.04302758284185,1.01441,0.2269,0.4354,0.43651,0.42716
4892.76796,2.04383287369303,1.01468,0.22783,0.43657,0.43742,0.42912
4890.83939,2.04463880381073,1.01508,0.22939,0.43787,0.4387,0.43117
4888.91083,2.04544536558872,1.01536,0.23125,0.43894,0.43995,0.43296
4886.98226,2.04625256814417,1.0158,0.23292,0.43978,0.44089,0.4346
4885.0537,2.04706040386004,1.01628,0.23416,0.44029,0.44163,0.43628
4883.12513,2.0478688818691,1.01584,0.2349,0.44046,0.44221,0.4378
4881.19657,2.04867799454346,1.01514,0.23561,0.44059,0.44265,0.43926
4879.26801,2.04948774683111,1.01544,0.23673,0.44072,0.44299,0.44098
4877.33944,2.05029814369451,1.01586,0.23794,0.44059,0.44312,0.44255
4875.41088,2.05110917748947,1.01591,0.23884,0.44041,0.44303,0.44372
4873.48231,2.05192085738791,1.01646,0.23972,0.44072,0.44294,0.44512
4871.55375,2.05273317573474,1.01725,0.24112,0.44151,0.44338,0.44695
4869.62518,2.05354614171763,1.01734,0.24268,0.44233,0.44439,0.44847
4867.69662,2.05435974767055,1.01716,0.24388,0.44279,0.44534,0.44961
4865.76806,2.05517399857321,1.01724,0.24508,0.44265,0.4457,0.45079
4863.83949,2.05598889941987,1.0168,0.24644,0.44179,0.44522,0.4516
4861.91093,2.05680444252812,1.01591,0.24773,0.4408,0.44426,0.45211
4859.98236,2.05762063712511,1.01577,0.24897,0.44038,0.44349,0.45322
4858.0538,2.05843747551746,1.01614,0.25006,0.44039,0.44306,0.45464
4856.12523,2.05925496694821,1.01613,0.25081,0.44026,0.44259,0.45579
4854.19667,2.06007310371296,1.01606,0.25175,0.4398,0.44198,0.45695
4852.2681,2.06089189507068,1.01612,0.25315,0.43931,0.4416,0.45808
4850.33954,2.06171133330596,1.01575,0.25449,0.43913,0.44156,0.45888
4848.41098,2.06253142343969,1.0153,0.25537,0.43903,0.44138,0.45959
4846.48241,2.06335217050752,1.01543,0.25599,0.43826,0.44072,0.46064
4844.55385,2.06417356677747,1.01585,0.25691,0.43699,0.43986,0.46175
4842.62528,2.06499562154848,1.01628,0.25821,0.43625,0.43887,0.46243
4840.69672,2.06581832707751,1.01649,0.25947,0.43607,0.43746,0.4628
4838.76815,2.06664169267957,1.01618,0.2608,0.43557,0.43613,0.46302
4836.83959,2.0674657106005,1.01568,0.26228,0.43459,0.43522,0.4631
4834.91102,2.06829039017144,1.01566,0.26355,0.43314,0.43411,0.46326
4832.98246,2.0691157236271,1.01624,0.26464,0.43151,0.43299,0.46341
4831.0539,2.06994171603012,1.01672,0.26579,0.43039,0.43225,0.46307
4829.12533,2.07076837245804,1.01645,0.26684,0.42936,0.43134,0.46264
4827.19677,2.07159568512887,1.01554,0.26779,0.42765,0.43006,0.46263
4825.2682,2.07242366341419,1.01464,0.26889,0.42571,0.42884,0.46262
4823.33964,2.07325229952084,1.01439,0.27005,0.42425,0.42782,0.46266
4821.41107,2.07408160283666,1.01486,0.27116,0.42298,0.42667,0.46283
4819.48251,2.07491156555727,1.01562,0.27241,0.42132,0.42489,0.46283
4817.55394,2.07574219708685,1.01609,0.2737,0.41937,0.42241,0.46282
4815.62538,2.07657348960978,1.01581,0.27471,0.41762,0.41989,0.46283
4813.69682,2.07740544823095,1.01536,0.2757,0.41618,0.41805,0.4625
4811.76825,2.07823807807036,1.01538,0.27701,0.41458,0.41685,0.46189
4809.83969,2.07907137129554,1.01585,0.27844,0.4128,0.41584,0.46144
4807.91112,2.07990533735158,1.01678,0.27972,0.41117,0.41467,0.46097
4805.98256,2.08073996839473,1.01742,0.28083,0.40967,0.41267,0.45987
4804.05399,2.08157527388655,1.01693,0.28168,0.40792,0.41009,0.45853
4802.12543,2.08241124597197,1.01623,0.28253,0.40571,0.40791,0.45772
4800.19686,2.08324789412908,1.01653,0.28385,0.40347,0.40625,0.45722
4798.2683,2.08408521049146,1.01709,0.28536,0.40155,0.40462,0.45606
4796.33974,2.08492320020683,1.01681,0.28677,0.39968,0.40282,0.45398
4794.41117,2.08576186843816,1.01613,0.28807,0.39767,0.4009,0.45196
4792.48261,2.08660120730203,1.01578,0.28903,0.39558,0.39883,0.45088
4790.55404,2.08744122631795,1.01581,0.28985,0.39359,0.39672,0.45016
4788.62548,2.0882819175911,1.01595,0.29104,0.39123,0.39454,0.44895
4786.69691,2.08912329065765,1.01598,0.29273,0.38837,0.39207,0.44749
4784.76835,2.08996533761138,1.0161,0.29422,0.38614,0.38961,0.44617
4782.83978,2.09080806800516,1.01621,0.29477,0.38467,0.38735,0.44484
4780.91122,2.09165147392133,1.01601,0.29485,0.38294,0.38503,0.44348
4778.98266,2.09249556055096,1.01583,0.29562,0.38054,0.38244,0.44201
4777.05409,2.09334033310056,1.01562,0.29741,0.37797,0.37985,0.44021
4775.12553,2.09418578363531,1.01509,0.29923,0.37542,0.37783,0.43839
4773.19696,2.09503192174999,1.01457,0.30042,0.37263,0.37614,0.43674
4771.2684,2.09587873949829,1.01485,0.3012,0.36994,0.37395,0.43511
4769.33983,2.09672624649186,1.01576,0.30215,0.36759,0.37123,0.43353
4767.41127,2.09757443477286,1.01618,0.30369,0.36543,0.36875,0.43191
4765.4827,2.09842331396985,1.01608,0.30529,0.36326,0.36661,0.42987
4763.55414,2.09927287611346,1.01621,0.30628,0.36076,0.36417,0.42734
4761.62558,2.10012312643868,1.01629,0.30699,0.35804,0.36148,0.4248
4759.69701,2.10097407019612,1.0161,0.30795,0.35544,0.35902,0.42266
4757.76845,2.10182569939905,1.01608,0.309,0.35311,0.35683,0.42096
4755.83988,2.10267802371849,1.01633,0.30985,0.3509,0.3546,0.41939
4753.91132,2.10353103515612,1.01629,0.31055,0.34845,0.35207,0.4176
4751.98275,2.10438474340001,1.01583,0.31126,0.34596,0.34956,0.41537
4750.05419,2.10523914044021,1.01579,0.31232,0.34378,0.34747,0.41288
4748.12562,2.1060942359819,1.01629,0.31378,0.34182,0.34573,0.41038
4746.19706,2.10695002200351,1.01642,0.31511,0.33971,0.34406,0.40789
4744.2685,2.10780650378451,1.01613,0.31608,0.33751,0.34193,0.40543
4742.33993,2.1086636866202,1.01593,0.31685,0.33555,0.33932,0.40318
4740.41137,2.10952156247149,1.01581,0.31779,0.33357,0.3371,0.4011
4738.4828,2.11038014108651,1.01544,0.31899,0.33137,0.33532,0.39882
4736.55424,2.11123941441448,1.01504,0.32025,0.32917,0.33339,0.39611
4734.62567,2.1120993922208,1.01525,0.32148,0.32714,0.3314,0.39328
4732.69711,2.11296006644296,1.01595,0.32283,0.32529,0.32949,0.39083
4730.76855,2.11382144239544,1.01624,0.32442,0.32355,0.32754,0.38897
4728.83998,2.1146835254087,1.01567,0.32567,0.32166,0.32557,0.38746
4726.91142,2.11554630740256,1.01493,0.32631,0.31978,0.32367,0.38566
4724.98285,2.11640979818583,1.0151,0.32706,0.31839,0.322,0.38311
4723.05429,2.11727398966655,1.01581,0.32823,0.3171,0.32045,0.38032
4721.12572,2.11813889167095,1.01596,0.32943,0.31566,0.31876,0.378
4719.19716,2.11900449609526,1.01565,0.33033,0.31427,0.31728,0.37613
4717.26859,2.11987081278321,1.0155,0.33097,0.31285,0.31628,0.37434
4715.34003,2.12073783361918,1.01552,0.33168,0.31164,0.31541,0.37258
4713.41147,2.12160556396321,1.01582,0.33269,0.31061,0.31422,0.37057
4711.4829,2.12247400919146,1.01638,0.33408,0.30918,0.31278,0.368
4709.55434,2.12334316117053,1.01666,0.33578,0.30759,0.31148,0.36527
4707.62577,2.12421302978805,1.01649,0.3376,0.30634,0.31035,0.36283
4705.69721,2.12508360689871,1.01619,0.33937,0.30522,0.30924,0.36062
4703.76864,2.12595490240779,1.01556,0.34056,0.30407,0.30808,0.35849
4701.84008,2.12682690815805,1.01459,0.34104,0.30305,0.30678,0.35655
4699.91151,2.12769963407247,1.01419,0.34149,0.30231,0.30563,0.35495
4697.98295,2.12857307198188,1.01449,0.34254,0.30212,0.30482,0.35334
4696.05439,2.12944722729244,1.01475,0.34407,0.30217,0.30407,0.35132
4694.12582,2.13032210542665,1.01499,0.3455,0.30189,0.30337,0.34912
4692.19726,2.13119769819737,1.0155,0.34653,0.30136,0.30289,0.34717
4690.26869,2.13207401557202,1.0158,0.34745,0.30082,0.30259,0.34528
4688.34013,2.13295104935145,1.01539,0.3486,0.3002,0.30229,0.3433
4686.41156,2.13382880952095,1.01483,0.34998,0.2998,0.30203,0.34154
4684.483,2.13470728786933,1.01477,0.35141,0.29993,0.30182,0.33987
4682.55443,2.13558649439981,1.01488,0.35277,0.30009,0.30159,0.33787
4680.62587,2.13646642088914,1.0147,0.35381,0.30005,0.30146,0.33598
4678.69731,2.13734707279023,1.0144,0.35462,0.30012,0.30157,0.33478
4676.76874,2.13822845557251,1.0146,0.35555,0.30028,0.30192,0.33392
4674.84018,2.13911056099462,1.01525,0.35653,0.30034,0.30228,0.33269
4672.91161,2.13999339910476,1.01564,0.35736,0.30045,0.30253,0.33096
4670.98305,2.14087696164943,1.01592,0.3582,0.30102,0.30281,0.32926
4669.05448,2.14176125869493,1.01642,0.35947,0.30198,0.30333,0.32806
4667.12592,2.14264628197561,1.01662,0.36108,0.30293,0.30389,0.32715
4665.19735,2.1435320415759,1.01607,0.36232,0.30357,0.30394,0.32619
4663.26879,2.144418529218,1.01532,0.36324,0.304,0.30392,0.32527
4661.34023,2.14530575040218,1.01513,0.36433,0.30463,0.30465,0.32444
4659.41166,2.14619371064543,1.01536,0.36555,0.30559,0.30581,0.32368
4657.4831,2.14708240165166,1.01533,0.36678,0.30663,0.30685,0.32287
4655.55453,2.14797183355084,1.01515,0.36817,0.30773,0.30773,0.3218
4653.62597,2.14886199803462,1.01517,0.36954,0.30898,0.30861,0.32083
4651.6974,2.14975290525132,1.01527,0.37057,0.31007,0.30978,0.32038
4649.76884,2.15064454688031,1.01551,0.37138,0.31107,0.31157,0.32009
4647.84027,2.15153693308828,1.01586,0.37217,0.31249,0.31331,0.31958
4645.91171,2.15243005554232,1.01587,0.37302,0.31419,0.31422,0.31914
4643.98315,2.15332391979071,1.01543,0.37391,0.31569,0.31493,0.31911
4642.05458,2.15421853139866,1.01507,0.37503,0.31709,0.31631,0.31914
4640.12602,2.15511388201478,1.01538,0.37657,0.3188,0.31802,0.31881
4638.19745,2.15600998185189,1.01614,0.37802,0.32072,0.31976,0.31828
4636.26889,2.15690682254627,1.0166,0.37909,0.32273,0.32173,0.31785
4634.34032,2.15780441432924,1.01669,0.38012,0.32473,0.32359,0.31785
4632.41176,2.15870274882473,1.0169,0.38136,0.32646,0.32505,0.3183
4630.48319,2.15960183628266,1.0168,0.38245,0.32792,0.3267,0.31868
4628.55463,2.16050166831454,1.01565,0.38333,0.32931,0.32861,0.31885
4626.62607,2.1614022505173,1.01463,0.38444,0.33085,0.33042,0.31915
4624.6975,2.16230358850498,1.01503,0.38571,0.33283,0.3324,0.31962
4622.76894,2.16320567387043,1.01604,0.38696,0.33506,0.33458,0.3201
4620.84037,2.16410851691031,1.01662,0.38818,0.33717,0.33661,0.32054
4618.91181,2.165012109205,1.0167,0.38936,0.33941,0.33842,0.3211
4616.98324,2.16591646106994,1.01649,0.39047,0.34172,0.34025,0.32191
4615.05468,2.166821564073,1.01612,0.39126,0.34359,0.34243,0.32285
4613.12611,2.16772742854845,1.01566,0.39189,0.34553,0.34499,0.32382
4611.19755,2.16863404605166,1.01554,0.39288,0.34801,0.34754,0.32507
4609.26899,2.16954142222886,1.01603,0.39439,0.35043,0.34977,0.32679
4607.34042,2.17044956274362,1.01654,0.39587,0.35269,0.35174,0.32833
4605.41186,2.17135845913247,1.0166,0.39692,0.35514,0.35353,0.32917
4603.48329,2.17226812177698,1.01651,0.39788,0.35764,0.35538,0.32985
4601.55473,2.17317854220111,1.01651,0.39914,0.35994,0.35762,0.33084
4599.62616,2.17408973080543,1.01626,0.40039,0.36206,0.36007,0.33193
4597.6976,2.1750016791013,1.01548,0.40105,0.36389,0.36235,0.33293
4595.76903,2.17591439750835,1.01493,0.40152,0.36555,0.36449,0.33409
4593.84047,2.17682787752532,1.01519,0.40254,0.36763,0.36657,0.33564
4591.91191,2.17774212484838,1.01575,0.40408,0.37016,0.3686,0.33745
4589.98334,2.17865714519129,1.01621,0.40576,0.37257,0.37085,0.33945
4588.05478,2.17957293003376,1.01658,0.40703,0.37456,0.37339,0.34138
4586.12621,2.18048948984333,1.01682,0.40783,0.37636,0.37596,0.34305
4584.19765,2.181406816087,1.01678,0.40869,0.37829,0.37836,0.34497
4582.26908,2.18232491925158,1.01644,0.40979,0.38032,0.38028,0.34706
4580.34052,2.18324379079135,1.01608,0.41087,0.38239,0.38167,0.34861
4578.41196,2.18416343644184,1.01567,0.41179,0.38453,0.38304,0.34966
4576.48339,2.18508386195629,1.01517,0.41304,0.3867,0.38476,0.35104
4574.55483,2.18600505876984,1.01513,0.41452,0.38883,0.38685,0.35316
4572.62626,2.18692703741766,1.01563,0.41548,0.39085,0.38925,0.3554
4570.6977,2.1878497893221,1.01621,0.41607,0.39278,0.39164,0.3574
4568.76913,2.18877332503777,1.01663,0.41714,0.39468,0.39366,0.35944
4566.84057,2.18969763597419,1.01697,0.41883,0.39648,0.39521,0.36138
4564.912,2.19062273270547,1.01702,0.42036,0.39794,0.39647,0.36306
4562.98344,2.1915486066283,1.01662,0.4212,0.39911,0.39774,0.36463
4561.05488,2.19247526352939,1.01615,0.42171,0.40047,0.39948,0.36639
4559.12631,2.19340270921338,1.01596,0.42245,0.40225,0.40153,0.36839
4557.19775,2.19433093505762,1.01591,0.42362,0.40411,0.40303,0.3703
4555.26918,2.19525995168523,1.01563,0.42485,0.40566,0.4039,0.37202
4553.34062,2.19618975046062,1.01515,0.42595,0.40693,0.4049,0.3739
4551.41205,2.1971203420266,1.01522,0.42723,0.40819,0.40642,0.37608
4549.48349,2.19805171773467,1.01596,0.4287,0.40976,0.40819,0.37832
4547.55492,2.19898388824736,1.01672,0.42982,0.41143,0.40969,0.38037
4545.62636,2.1999168449032,1.017,0.43037,0.41269,0.41071,0.38195
4543.6978,2.20085059354079,1.01704,0.43094,0.41365,0.41158,0.38325
4541.76923,2.2017851400169,1.01719,0.43185,0.41465,0.41271,0.38503
4539.84067,2.20272047565053,1.01717,0.43278,0.41566,0.41394,0.38718
4537.9121,2.20365661115384,1.01683,0.43376,0.41674,0.415,0.3891
4535.98354,2.20459353783281,1.01641,0.43477,0.41781,0.416,0.39078
4534.05497,2.20553126641956,1.01604,0.43561,0.41865,0.41698,0.39248
4532.12641,2.20646978820699,1.01595,0.43642,0.41947,0.41797,0.39427
4530.19784,2.20740911394722,1.01617,0.43726,0.42022,0.4187,0.3959
4528.26928,2.20834923492006,1.0163,0.43805,0.42049,0.41901,0.39732
4526.34072,2.20929015701673,1.01609,0.43878,0.42042,0.41923,0.39865
4524.41215,2.2102318861468,1.01575,0.43976,0.42061,0.41967,0.39986
4522.48359,2.2111744135704,1.0155,0.44131,0.4213,0.42043,0.40109
4520.55502,2.2121177500899,1.01546,0.44296,0.42192,0.42117,0.40257
4518.62646,2.21306188695226,1.01558,0.4441,0.42219,0.42159,0.40414
4516.69789,2.21400683498006,1.01563,0.44468,0.42242,0.4218,0.40552
4514.76933,2.21495258540706,1.01562,0.44531,0.42277,0.42166,0.40665
4512.84076,2.21589914907611,1.01554,0.44645,0.42316,0.42128,0.4076
4510.9122,2.21684651720776,1.01535,0.44776,0.4234,0.42118,0.40854
4508.98364,2.21779469574656,1.01522,0.44866,0.42347,0.4215,0.40983
4507.05507,2.21874369065564,1.01539,0.44912,0.42359,0.42183,0.41148
4505.12651,2.21969349313567,1.01595,0.4498,0.42376,0.42181,0.41292
4503.19794,2.2206441140804,1.01648,0.45096,0.42366,0.42153,0.41369
4501.26938,2.22159554467722,1.01672,0.45226,0.42315,0.42146,0.41423
4499.34081,2.22254779584034,1.01678,0.45332,0.42265,0.42169,0.41492
4497.41225,2.22350085874383,1.01642,0.45412,0.42231,0.42176,0.41529
4495.48368,2.22445474432242,1.01599,0.45501,0.42198,0.42155,0.4155
4493.55512,2.22540944373683,1.01597,0.45585,0.42166,0.42127,0.41615
4491.62656,2.2263649629857,1.01603,0.45647,0.4214,0.42092,0.41692
4489.69799,2.22732130808647,1.01607,0.45739,0.42119,0.42046,0.41748
4487.76943,2.22827847017978,1.01622,0.45887,0.421,0.41998,0.41788
4485.84086,2.22923646025196,1.01622,0.46043,0.42088,0.41966,0.41803
4483.9123,2.23019526943023,1.01598,0.46156,0.42059,0.41939,0.41806
4481.98373,2.23115490872163,1.01575,0.46228,0.41974,0.41893,0.41836
4480.05517,2.23211536923997,1.01582,0.46287,0.41878,0.41856,0.41907
4478.1266,2.23307666201308,1.01589,0.46361,0.41803,0.4183,0.41971
4476.19804,2.23403877814128,1.01548,0.46448,0.41712,0.41766,0.41985
4474.26948,2.23500172367803,1.01505,0.46531,0.41617,0.41663,0.41961
4472.34091,2.23596550469584,1.01525,0.46625,0.41539,0.41565,0.41939
4470.41235,2.23693011227477,1.01551,0.46719,0.4145,0.41469,0.4194
4468.48378,2.2378955574949,1.01528,0.4679,0.41339,0.41347,0.41944
4466.55522,2.23886183142274,1.01505,0.46861,0.41237,0.41229,0.41924
4464.62665,2.23982894515939,1.01526,0.46981,0.4115,0.41159,0.41903
4462.69809,2.24079688975778,1.01548,0.47137,0.41067,0.41112,0.41896
4460.76952,2.24176567634008,1.01529,0.47256,0.40989,0.41026,0.41868
4458.84096,2.24273529594561,1.01529,0.47325,0.4092,0.40904,0.41801
4456.9124,2.24370575468344,1.01579,0.47394,0.40844,0.408,0.41713
4454.98383,2.24467705868194,1.01604,0.47505,0.4075,0.40724,0.41649
4453.05527,2.24564919895998,1.01623,0.47648,0.40657,0.40659,0.41646
4451.1267,2.24662218669264,1.01672,0.47755,0.40549,0.40596,0.41644
4449.19814,2.24759601288514,1.01683,0.47821,0.404,0.40526,0.41577
4447.26957,2.24857068873385,1.01646,0.47896,0.40261,0.40449,0.41494
4445.34101,2.24954620523027,1.01622,0.47988,0.40181,0.40359,0.41452
4443.41245,2.25052256852726,1.01626,0.48064,0.40122,0.40256,0.41447
4441.48388,2.25149978479715,1.01615,0.48116,0.40035,0.40137,0.41425
4439.55532,2.25247784501084,1.01577,0.48186,0.39918,0.40001,0.41336
4437.62675,2.25345676041817,1.01566,0.4828,0.39798,0.39876,0.41214
4435.69819,2.25443652197626,1.01592,0.48379,0.39689,0.39766,0.41119
4433.76962,2.25541714095646,1.01592,0.4848,0.39564,0.39635,0.41042
4431.84106,2.25639860830208,1.01572,0.48571,0.39422,0.39511,0.40956
4429.91249,2.25738093530602,1.01574,0.48637,0.39289,0.39451,0.40887
4427.98393,2.25836411289776,1.01576,0.48699,0.39169,0.39405,0.40845
4426.05537,2.25934814728719,1.01571,0.48798,0.39065,0.39308,0.40797
4424.1268,2.26033304470387,1.01568,0.48915,0.38986,0.39195,0.40731
4422.19824,2.26131879605651,1.01552,0.49018,0.38918,0.39086,0.40643
4420.26967,2.26230541269216,1.01543,0.49101,0.38853,0.38965,0.40541
4418.34111,2.26329288550562,1.01561,0.49177,0.38775,0.38857,0.40462
4416.41254,2.26428122586573,1.01565,0.49282,0.38663,0.38769,0.40416
4414.48398,2.26527042465335,1.01516,0.49394,0.38514,0.38665,0.40359
4412.55541,2.26626049325917,1.01469,0.49477,0.38366,0.38548,0.40274
4410.62685,2.26725142255006,1.0146,0.49543,0.38258,0.38457,0.4019
4408.69829,2.26824321879373,1.01447,0.49601,0.38165,0.38366,0.40097
4406.76972,2.26923588827782,1.0143,0.49665,0.38059,0.38248,0.3997
4404.84116,2.27022942184821,1.01465,0.49752,0.37953,0.38143,0.39855
4402.91259,2.2712238309505,1.01559,0.49868,0.37854,0.38069,0.39793
4400.98403,2.27221910641653,1.01632,0.50009,0.37793,0.3802,0.39748
4399.05546,2.27321525971396,1.01634,0.50143,0.37778,0.37996,0.39673
4397.1269,2.27421228166055,1.01605,0.50225,0.37742,0.37969,0.39592
4395.19833,2.27521018374613,1.01556,0.50253,0.37645,0.37892,0.39541
4393.26977,2.27620895677435,1.01481,0.50261,0.37506,0.37764,0.39486
4391.34121,2.27720860707155,1.01458,0.50309,0.37376,0.37651,0.39395
4389.41264,2.27820914098429,1.0151,0.50417,0.37304,0.37572,0.39286
4387.48408,2.27921054929503,1.01519,0.5053,0.37272,0.37498,0.39162
4385.55551,2.28021284354921,1.01511,0.5063,0.37228,0.37444,0.39027
4383.62695,2.2812160145151,1.01575,0.50752,0.37168,0.37416,0.38912
4381.69838,2.28222007376053,1.01623,0.50875,0.37108,0.37353,0.38828
4379.76982,2.28322501203956,1.01632,0.50968,0.37047,0.37263,0.38771
4377.84125,2.28423084094244,1.01664,0.51051,0.37001,0.37236,0.38747
4375.91269,2.285237551209,1.01666,0.5113,0.36983,0.37247,0.3873
4373.98413,2.28624514922508,1.01607,0.51197,0.36979,0.37218,0.38684
4372.05556,2.287253641397,1.0154,0.51254,0.36945,0.37166,0.38597
4370.127,2.28826301844317,1.01499,0.5132,0.36854,0.37117,0.38491
4368.19843,2.28927329201023,1.01495,0.5141,0.36759,0.37069,0.38405
4366.26987,2.29028445280227,1.01517,0.51518,0.36722,0.37016,0.38352
4364.3413,2.29129651248861,1.01523,0.51617,0.36719,0.36975,0.38322
4362.41274,2.292309461759,1.01491,0.51677,0.36697,0.36951,0.38282
4360.48417,2.29332331230548,1.01447,0.5172,0.36659,0.36916,0.38214
4358.55561,2.29433805480344,1.01424,0.51793,0.36641,0.36885,0.3814
4356.62705,2.29535369569906,1.01444,0.51897,0.36631,0.36895,0.38071
4354.69848,2.29637024145929,1.01512,0.52019,0.36619,0.36943,0.38008
4352.76992,2.29738768273789,1.0159,0.52146,0.36626,0.36978,0.37969
4350.84135,2.29840603128404,1.01637,0.52255,0.3665,0.3698,0.37962
4348.91279,2.29942527773706,1.01653,0.52326,0.36666,0.36968,0.37952
4346.98422,2.30044543386909,1.0164,0.52367,0.36658,0.36939,0.37929
4345.05566,2.30146649030498,1.01623,0.52435,0.36661,0.36918,0.37925
4343.12709,2.30248845883992,1.01617,0.5254,0.36688,0.36939,0.37932
4341.19853,2.30351133008423,1.01576,0.52625,0.3671,0.36977,0.3791
4339.26997,2.30453511054533,1.01518,0.52681,0.36726,0.37007,0.37856
4337.3414,2.30555980675167,1.01507,0.52757,0.36744,0.37023,0.37816
4335.41284,2.30658540929173,1.01515,0.52864,0.36774,0.37035,0.37817
4333.48427,2.30761193001861,1.01521,0.52967,0.3681,0.37047,0.37823
4331.55571,2.30863935950624,1.01567,0.53048,0.36851,0.37067,0.37816
4329.62714,2.309667709631,1.01635,0.5312,0.36897,0.37121,0.37813
4327.69858,2.31069697095217,1.01651,0.53211,0.36925,0.37195,0.37814
4325.77001,2.3117271553695,1.01618,0.53289,0.36938,0.37237,0.37812
4323.84145,2.31275825342763,1.01599,0.53321,0.36975,0.37242,0.37826
4321.91289,2.31379027169611,1.01593,0.53357,0.37033,0.37263,0.37867
4319.98432,2.31482321676575,1.01557,0.53433,0.37065,0.37317,0.37901
4318.05576,2.31585707915916,1.01521,0.53535,0.3709,0.37387,0.37898
4316.12719,2.31689187083479,1.01544,0.53643,0.37164,0.37457,0.3789
4314.19863,2.31792758230049,1.01587,0.53749,0.37255,0.37518,0.37916
4312.27006,2.31896422553832,1.01601,0.53849,0.37318,0.37573,0.37966
4310.3415,2.32000179104138,1.01604,0.53923,0.37366,0.37618,0.38018
4308.41294,2.32104028542817,1.01602,0.5398,0.37413,0.37662,0.3805
4306.48437,2.32207971533866,1.01587,0.54056,0.37468,0.37733,0.38058
4304.55581,2.32312007124377,1.01565,0.54143,0.37549,0.37811,0.38064
4302.62724,2.32416136518487,1.01549,0.54211,0.37638,0.37881,0.38105
4300.69868,2.325203587618,1.01558,0.54261,0.37704,0.37958,0.38177
4298.77011,2.3262467506084,1.01564,0.54311,0.37747,0.38036,0.38238
4296.84155,2.32729084459724,1.01535,0.54364,0.37788,0.3809,0.3828
4294.91298,2.32833588167367,1.01528,0.54439,0.37864,0.38134,0.38342
4292.98442,2.32938185226398,1.01587,0.54554,0.37955,0.38217,0.38439
4291.05586,2.33042876305041,1.01634,0.5467,0.38012,0.38323,0.38507
4289.12729,2.33147662073699,1.01602,0.54736,0.38055,0.38409,0.38521
4287.19873,2.33252541572758,1.01544,0.54776,0.38122,0.38488,0.38543
4285.27016,2.33357516017147,1.01529,0.54855,0.38207,0.38567,0.38598
4283.3416,2.33462584445751,1.0153,0.54959,0.38288,0.38631,0.38658
4281.41303,2.3356774807592,1.01536,0.5504,0.38366,0.38699,0.38725
4279.48447,2.33673005945036,1.01574,0.5511,0.38448,0.38793,0.38805
4277.5559,2.33778359272874,1.01599,0.55193,0.38535,0.38891,0.3888
4275.62734,2.33883807095312,1.01582,0.55281,0.38641,0.38982,0.38958
4273.69878,2.33989350087046,1.01568,0.55357,0.38737,0.3909,0.39047
4271.77021,2.34094988924978,1.01572,0.55413,0.38791,0.39198,0.39121
4269.84165,2.34200722642724,1.01557,0.55441,0.38848,0.39266,0.39169
4267.91308,2.34306552466153,1.01512,0.5549,0.38953,0.39308,0.39218
4265.98452,2.34412477427368,1.01524,0.55613,0.39084,0.39371,0.39302
4264.05595,2.34518498754689,1.01624,0.55757,0.39201,0.39474,0.39412
4262.12739,2.34624615478704,1.01696,0.55838,0.39292,0.39594,0.39498
4260.19882,2.34730828830191,1.01673,0.55865,0.39383,0.39699,0.39543
4258.27026,2.34837137838217,1.01613,0.55897,0.39482,0.3978,0.396
4256.3417,2.34943543184045,1.01586,0.55948,0.39567,0.3984,0.39689
4254.41313,2.35050045551171,1.01613,0.56028,0.39643,0.39886,0.39793
4252.48457,2.35156643966377,1.01659,0.56141,0.39727,0.39973,0.39903
4250.556,2.35263339666623,1.01683,0.56252,0.39827,0.40112,0.4
4248.62744,2.35370131677161,1.01677,0.56332,0.39949,0.40225,0.40087
4246.69887,2.35477021237439,1.01636,0.56386,0.40051,0.40293,0.40167
4244.77031,2.35584007371179,1.01585,0.56444,0.40108,0.40366,0.40217
4242.84174,2.35691091320319,1.01572,0.5651,0.40175,0.40466,0.40273
4240.91318,2.35798272107047,1.01581,0.56567,0.40273,0.40578,0.40376
4238.98462,2.35905550419289,1.01556,0.56623,0.40368,0.40682,0.40495
4237.05605,2.36012926947237,1.01508,0.56688,0.40475,0.40772,0.40593
4235.12749,2.36120400710771,1.01496,0.56767,0.40619,0.40856,0.40669
4233.19892,2.36227972958096,1.01539,0.56846,0.40762,0.40967,0.40741
4231.27036,2.36335642707548,1.01589,0.5692,0.40872,0.41099,0.4085
4229.34179,2.36443411209856,1.01584,0.57,0.40955,0.412,0.4099
4227.41323,2.36551277481809,1.01525,0.5707,0.41028,0.41256,0.41089
4225.48466,2.36659242776662,1.01482,0.57116,0.41112,0.41321,0.4114
4223.5561,2.36767306109655,1.01486,0.57164,0.41234,0.41419,0.41188
4221.62754,2.3687546817548,1.01505,0.57239,0.41378,0.41519,0.41256
4219.69897,2.36983729671124,1.01523,0.57327,0.41494,0.4164,0.4135
4217.77041,2.37092089609496,1.01548,0.57398,0.41565,0.41768,0.41463
4215.84184,2.37200549250206,1.01576,0.5746,0.41623,0.41867,0.41583
4213.91328,2.37309107604606,1.01596,0.5754,0.41722,0.41984,0.41689
4211.98471,2.37417765934863,1.016,0.57632,0.41857,0.42127,0.41762
4210.05615,2.37526523250765,1.01597,0.57717,0.4197,0.42239,0.41842
4208.12758,2.37635380817043,1.01592,0.57792,0.42053,0.42304,0.41958
4206.19902,2.37744337641922,1.01581,0.57861,0.42134,0.4237,0.4208
4204.27046,2.37853394426961,1.01565,0.57927,0.42215,0.42482,0.42182
4202.34189,2.37962551876045,1.01529,0.57982,0.42314,0.42615,0.42287
4200.41333,2.38071808995045,1.0148,0.58022,0.42452,0.42727,0.42411
4198.48476,2.38181167055135,1.01481,0.58074,0.42591,0.42806,0.42525
4196.5562,2.38290625060615,1.01545,0.58148,0.42696,0.4288,0.42616
4194.62763,2.3840018428525,1.01607,0.58219,0.42801,0.4297,0.42691
4192.69907,2.38509843731761,1.01619,0.58296,0.42925,0.43076,0.42753
4190.7705,2.38619604676515,1.01578,0.58387,0.43044,0.4317,0.42819
4188.84194,2.38729466120653,1.01517,0.58465,0.43143,0.43242,0.42917
4186.91338,2.38839428772706,1.01508,0.58522,0.43228,0.43346,0.43041
4184.98481,2.38949493343561,1.01578,0.58575,0.43312,0.435,0.4317
4183.05625,2.39059658831984,1.01646,0.58632,0.43391,0.4365,0.43297
4181.12768,2.39169926520876,1.0163,0.58699,0.4348,0.43763,0.434
4179.19912,2.39280295407413,1.01547,0.58762,0.43582,0.43847,0.43459
4177.27055,2.39390766777124,1.01476,0.58828,0.43688,0.43944,0.43512
4175.34199,2.39501339625596,1.01455,0.58898,0.43809,0.44067,0.43605
4173.41342,2.39612015240992,1.01444,0.58951,0.43934,0.44177,0.43731
4171.48486,2.39722792617303,1.01448,0.58988,0.44033,0.4426,0.43861
4169.5563,2.39833672470138,1.01485,0.59045,0.44131,0.44376,0.43976
4167.62773,2.39944655517493,1.01508,0.59138,0.44267,0.44534,0.44073
4165.69917,2.40055740750958,1.01511,0.59237,0.44394,0.44653,0.44168
4163.7706,2.40166929465326,1.01526,0.59318,0.44486,0.44716,0.44277
4161.84204,2.40278220650585,1.01533,0.59364,0.44586,0.44779,0.44386
4159.91347,2.40389615604192,1.01504,0.59394,0.44712,0.44872,0.44479
4157.98491,2.40501113314526,1.01474,0.5945,0.44836,0.45001,0.44568
4156.05635,2.40612714502776,1.01489,0.59524,0.44934,0.45145,0.44676
4154.12778,2.40724419892544,1.01528,0.59603,0.45031,0.45261,0.44807
4152.19922,2.40836228469789,1.01531,0.59675,0.45157,0.45354,0.44926
4150.27065,2.40948141538673,1.01501,0.59719,0.45284,0.45452,0.4502
4148.34209,2.41060158083539,1.01486,0.59761,0.45374,0.45553,0.45124
4146.41352,2.41172279411244,1.01497,0.59838,0.4545,0.45645,0.45224
4144.48496,2.41284504504512,1.01514,0.59916,0.45552,0.45743,0.45304
4142.55639,2.41396834672901,1.01517,0.59961,0.45665,0.45861,0.45399
4140.62783,2.41509268897514,1.01499,0.60016,0.45777,0.45978,0.45515
4138.69927,2.41621807906811,1.01482,0.60103,0.459,0.46079,0.45615
4136.7707,2.417344524317,1.01467,0.60184,0.46016,0.46163,0.45687
4134.84214,2.41847201450839,1.01442,0.60243,0.46112,0.46248,0.45767
4132.91357,2.41960056280587,1.01438,0.60313,0.46215,0.46363,0.45887
4130.98501,2.42073015897969,1.01457,0.60405,0.46333,0.46505,0.46019
4129.05644,2.42186081622076,1.01489,0.60489,0.46458,0.46645,0.46144
4127.12788,2.42299252428301,1.01558,0.60559,0.46581,0.46762,0.46258
4125.19931,2.42412529638477,1.01607,0.60606,0.46693,0.46852,0.46356
4123.27075,2.42525912226356,1.01581,0.60632,0.46796,0.46919,0.46445
4121.34219,2.42639400927784,1.01534,0.60663,0.46886,0.47,0.46542
4119.41362,2.42752996481087,1.01509,0.60717,0.46972,0.47123,0.46664
4117.48506,2.42866697857551,1.01511,0.60793,0.47072,0.4726,0.46806
4115.55649,2.42980506385906,1.01538,0.60864,0.47183,0.47392,0.46941
4113.62793,2.43094421035789,1.01559,0.60919,0.47288,0.47495,0.47036
4111.69936,2.43208443138703,1.01557,0.60964,0.47392,0.47562,0.47101
4109.7708,2.43322571662634,1.01546,0.61001,0.47502,0.4764,0.47173
4107.84223,2.43436807941867,1.01544,0.61043,0.4761,0.47772,0.4727
4105.91367,2.43551150942733,1.01537,0.61112,0.47714,0.47932,0.47389
4103.98511,2.43665601408578,1.01508,0.61193,0.47828,0.48051,0.47507
4102.05654,2.43780160085263,1.01497,0.61268,0.47951,0.48138,0.47629
4100.12798,2.43894825936628,1.01534,0.61352,0.48069,0.48239,0.47767
4098.19941,2.44009600303954,1.01581,0.61433,0.48173,0.48346,0.47889
4096.27085,2.44124482149417,1.01601,0.61498,0.48275,0.48448,0.47982
4094.34228,2.44239472817109,1.01601,0.6155,0.48382,0.48572,0.48075
4092.41372,2.4435457126754,1.01572,0.61593,0.48479,0.48702,0.48178
4090.48515,2.44469778847626,1.0151,0.61636,0.48571,0.48781,0.48279
4088.55659,2.44585094516204,1.0146,0.61671,0.48683,0.48834,0.48376
4086.62803,2.44700519024238,1.01449,0.61701,0.48798,0.48925,0.48459
4084.69946,2.4481605312524,1.01449,0.61749,0.48875,0.49049,0.48527
4082.7709,2.44931695775533,1.01429,0.61809,0.48935,0.49165,0.48606
4080.84233,2.4504744832913,1.01401,0.61862,0.49023,0.49263,0.48708
4078.91377,2.45163309740672,1.01408,0.61917,0.49158,0.49367,0.48825
4076.9852,2.45279281367026,1.01457,0.61985,0.4932,0.49478,0.48947
4075.05664,2.4539536216115,1.01502,0.62068,0.49453,0.49592,0.49059
4073.12807,2.45511553482776,1.01521,0.6217,0.49556,0.49726,0.49162
4071.19951,2.45627854283172,1.01532,0.62263,0.49665,0.49856,0.49285
4069.27095,2.4574426532104,1.01541,0.62326,0.49773,0.49954,0.49405
4067.34238,2.45860787357665,1.01528,0.62364,0.49853,0.50024,0.4948
4065.41382,2.45977419341778,1.01508,0.62381,0.49928,0.50085,0.49535
4063.48525,2.4609416264031,1.01515,0.62405,0.50028,0.50159,0.49599
4061.55669,2.46211016200293,1.01523,0.62456,0.50142,0.5027,0.49687
4059.62812,2.46327981391557,1.01493,0.62517,0.50254,0.50399,0.49806
4057.69956,2.46445057159432,1.01449,0.62579,0.50353,0.50521,0.49934
4055.77099,2.46562244876652,1.01446,0.62643,0.50458,0.50643,0.50062
4053.84243,2.46679543486844,1.01486,0.62715,0.50598,0.50761,0.50179
4051.91387,2.46796953756571,1.01505,0.62763,0.50721,0.50862,0.50259
4049.9853,2.46914476455013,1.01467,0.62772,0.50782,0.50932,0.50315
4048.05674,2.47032110523233,1.01417,0.62789,0.50848,0.50992,0.50399
4046.12817,2.47149857341272,1.01397,0.62849,0.50957,0.51063,0.50514
4044.19961,2.47267715848477,1.01411,0.62936,0.51075,0.51147,0.50649
4042.27104,2.47385687427828,1.0146,0.63037,0.51205,0.51252,0.508
4040.34248,2.47503771016956,1.01535,0.63137,0.51351,0.5138,0.50924
4038.41391,2.47621968001789,1.01594,0.632,0.51481,0.51518,0.5101
4036.48535,2.47740277318237,1.01604,0.63231,0.51562,0.51619,0.51088
4034.55679,2.47858699740846,1.01583,0.63271,0.51612,0.51684,0.51179
4032.62822,2.47977236046818,1.01552,0.6332,0.51687,0.51781,0.51291
4030.69966,2.48095885169475,1.01528,0.63366,0.51791,0.5191,0.51396
4028.77109,2.48214648502157,1.01528,0.63422,0.51909,0.52033,0.51495
4026.84253,2.48333524976454,1.01526,0.63481,0.5205,0.5214,0.5161
4024.91396,2.4845251598869,1.01501,0.63535,0.52185,0.52222,0.51724
4022.9854,2.4857162046872,1.01497,0.63609,0.52286,0.523,0.51804
4021.05684,2.48690839197389,1.01529,0.63706,0.52353,0.52405,0.51862
4019.12827,2.48810172958227,1.0156,0.63792,0.52435,0.52524,0.51942
4017.19971,2.4892962067848,1.01577,0.63843,0.52545,0.52628,0.52047
4015.27114,2.49049183761971,1.01587,0.63878,0.52652,0.52731,0.52151
4013.34258,2.49168861134202,1.01555,0.63924,0.52739,0.52832,0.52241
4011.41401,2.49288654202013,1.01457,0.63966,0.52807,0.529,0.52315
4009.48545,2.49408561889157,1.01372,0.63998,0.52876,0.52962,0.52393
4007.55688,2.49528585605502,1.01393,0.64053,0.52975,0.53056,0.52512
4005.62832,2.4964872427305,1.01462,0.64127,0.5309,0.5317,0.52659
4003.69976,2.49768978680859,1.01466,0.6417,0.5317,0.53265,0.5278
4001.77119,2.49889349620711,1.0144,0.64184,0.53224,0.53352,0.52871
3999.84263,2.50009836011973,1.01449,0.642,0.5331,0.53453,0.52956
3997.91406,2.50130439272124,1.01479,0.64221,0.53425,0.53545,0.53041
3995.9855,2.50251158318768,1.01525,0.64269,0.53545,0.53644,0.53132
3994.05693,2.50371994572446,1.01572,0.64348,0.53682,0.53773,0.53225
3992.12837,2.50492946948998,1.01567,0.64422,0.53828,0.53895,0.53309
3990.1998,2.50614016872037,1.01512,0.64475,0.53927,0.53968,0.53395
3988.27124,2.50735203255634,1.01472,0.64516,0.53972,0.54014,0.53482
3986.34268,2.50856506897194,1.01454,0.64561,0.54025,0.54087,0.53567
3984.41411,2.50977928596885,1.01439,0.64616,0.54114,0.54196,0.53664
3982.48555,2.51099467266115,1.01461,0.64684,0.54231,0.54306,0.53786
3980.55698,2.51221124336223,1.01489,0.64733,0.54347,0.54409,0.53904
3978.62842,2.5134289871684,1.01453,0.64757,0.5444,0.54497,0.53986
3976.69985,2.51464791842412,1.01395,0.64797,0.5454,0.54563,0.54053
3974.77129,2.51586802620787,1.01386,0.64853,0.54653,0.54643,0.54139
3972.84272,2.5170893248953,1.01419,0.64899,0.54743,0.54757,0.54234
3970.91416,2.51831180354702,1.01454,0.64941,0.54806,0.54878,0.54327
3968.9856,2.51953547022191,1.01483,0.65008,0.54876,0.54999,0.54436
3967.05703,2.52076033300686,1.01506,0.65077,0.5496,0.55113,0.54553
3965.12847,2.5219863809356,1.0149,0.65129,0.55042,0.55194,0.54652
3963.1999,2.52321362846219,1.0144,0.65203,0.55127,0.55261,0.54728
3961.27134,2.52444206460242,1.01431,0.65287,0.55226,0.55344,0.54803
3959.34277,2.5256717038419,1.01461,0.65329,0.55338,0.5543,0.54899
3957.41421,2.52690253517839,1.01474,0.65345,0.55457,0.55518,0.55004
3955.48564,2.52813457312918,1.01466,0.65387,0.55575,0.55624,0.55094
3953.55708,2.52936780667398,1.01429,0.65448,0.55688,0.55737,0.55176
3951.62852,2.53060224395789,1.01345,0.65498,0.55787,0.55832,0.55259
3949.69995,2.53183789315439,1.01285,0.65556,0.55867,0.55916,0.55337
3947.77139,2.53307474321607,1.01322,0.65632,0.55946,0.5601,0.55425
3945.84282,2.53431280873981,1.0136,0.65686,0.56022,0.56087,0.55507
3943.91426,2.53555207866005,1.01328,0.6571,0.56099,0.56144,0.55577
3941.98569,2.53679256760569,1.01333,0.65747,0.56204,0.56221,0.55683
3940.05713,2.53803426449301,1.01401,0.65795,0.56312,0.56316,0.55819
3938.12856,2.53927718398304,1.01436,0.65833,0.56392,0.56416,0.55932
3936.2,2.54052131497383,1.01413,0.65874,0.56454,0.56519,0.56009
3934.27144,2.54176666569808,1.0135,0.6593,0.56534,0.56599,0.56077
3932.34287,2.54301324441732,1.01292,0.65995,0.56647,0.5666,0.56159
3930.41431,2.54426104000217,1.01316,0.66039,0.56757,0.56747,0.56243
3928.48574,2.54551006719449,1.01364,0.66069,0.56837,0.5686,0.56332
3926.55718,2.54676031484661,1.0133,0.66114,0.56922,0.56957,0.56435
3924.62861,2.54801179773288,1.0129,0.66158,0.57036,0.57039,0.56535
3922.70005,2.54926450468728,1.01325,0.66192,0.57138,0.57119,0.56603
3920.77148,2.55051845051679,1.0132,0.66232,0.57204,0.57207,0.56655
3918.84292,2.55177362403697,1.01241,0.66275,0.57266,0.57293,0.56738
3916.91436,2.55303003356959,1.01228,0.66313,0.57351,0.57368,0.56845
3914.98579,2.55428768746566,1.01319,0.66349,0.57443,0.57445,0.56932
3913.05723,2.55554657451304,1.01411,0.66379,0.57514,0.57523,0.57008
3911.12866,2.5568067096008,1.01462,0.66412,0.5758,0.57599,0.57095
3909.2001,2.55806808149831,1.0144,0.66453,0.57658,0.57672,0.57185
3907.27153,2.55933070512763,1.01267,0.66502,0.5775,0.57748,0.57276
3905.34297,2.56059456923959,1.00979,0.66579,0.57869,0.57853,0.57371
3903.4144,2.56185968878938,1.00804,0.66684,0.57981,0.58001,0.57458
3901.48584,2.56312605250927,1.00852,0.66778,0.58037,0.58117,0.57539
3899.55728,2.56439366881155,1.0103,0.66836,0.58085,0.58183,0.5762
3897.62871,2.56566254613821,1.01222,0.66861,0.58155,0.58259,0.57715
3895.70015,2.56693267319355,1.01277,0.66879,0.5824,0.5834,0.57807
3893.77158,2.56820406501606,1.01199,0.66906,0.58348,0.58411,0.57876
3891.84302,2.56947671029136,1.01193,0.66948,0.58464,0.58481,0.5793
3889.91445,2.57075062409149,1.01269,0.6698,0.58545,0.5855,0.57998
3887.98589,2.57202579508333,1.012,0.67009,0.58621,0.58621,0.58077
3886.05733,2.57330223175066,1.01037,0.67063,0.5872,0.58705,0.58153
3884.12876,2.57457994260726,1.00964,0.67129,0.588,0.5879,0.5825
3882.2002,2.57585891629185,1.0096,0.67211,0.58865,0.58876,0.58373
3880.27163,2.57713916796078,1.01066,0.67289,0.58957,0.58966,0.58478
3878.34307,2.57842068623393,1.01216,0.67286,0.5904,0.59029,0.58534
3876.4145,2.57970348630158,1.01195,0.67251,0.59108,0.59073,0.58567
3874.48594,2.58098755676476,1.01024,0.67247,0.59192,0.59119,0.58597
3872.55737,2.58227291284777,1.00844,0.67277,0.59285,0.59159,0.58647
3870.62881,2.58355954313273,1.00792,0.67341,0.5939,0.5923,0.58735
3868.70025,2.58484745619669,1.0091,0.6742,0.59473,0.59327,0.58828
3866.77168,2.58613666064711,1.00961,0.67478,0.5953,0.59412,0.58903
3864.84312,2.58742714503765,1.00924,0.67536,0.59618,0.59507,0.58984
3862.91455,2.58871892467826,1.00997,0.67593,0.59703,0.59612,0.59081
3860.98599,2.59001198810359,1.01101,0.67626,0.59746,0.59697,0.59173
3859.05742,2.59130635065803,1.0106,0.67637,0.59783,0.59748,0.59236
3857.12886,2.59260200085719,1.00849,0.67674,0.5986,0.59802,0.59308
3855.20029,2.59389895408002,1.00543,0.67811,0.60041,0.5992,0.59458
3853.27173,2.59519719882304,1.00534,0.67952,0.60247,0.60049,0.59613
3851.34317,2.5964967437581,1.00913,0.67909,0.60257,0.60076,0.59632
3849.4146,2.59779759758796,1.01202,0.67873,0.60235,0.60115,0.59654
3847.48604,2.59909974878038,1.013,0.67904,0.60274,0.60201,0.59717
3845.55747,2.60040321280129,1.01203,0.67961,0.6036,0.60305,0.59796
3843.62891,2.60170797809927,1.0102,0.68029,0.60473,0.60417,0.59902
3841.70034,2.60301406017524,1.00846,0.68093,0.60585,0.6051,0.60021
3839.77178,2.60432144745853,1.00679,0.68136,0.60689,0.60571,0.60104
3837.84321,2.60563015548517,1.00676,0.6818,0.60785,0.60633,0.6016
3835.91465,2.60694017266521,1.00886,0.68228,0.60829,0.60713,0.60211
3833.98609,2.60825150776695,1.0109,0.6827,0.60861,0.60809,0.60264
3832.05752,2.60956416959002,1.01206,0.68287,0.60915,0.60887,0.6032
3830.12896,2.61087814651546,1.0124,0.68279,0.6097,0.60933,0.60384
3828.20039,2.61219345416764,1.01205,0.68303,0.61044,0.60994,0.60459
3826.27183,2.61351008090818,1.01135,0.68359,0.61129,0.6109,0.60536
3824.34326,2.61482804239701,1.01006,0.68421,0.6119,0.61181,0.60617
3822.4147,2.61614732697632,1.00825,0.68518,0.61261,0.61252,0.6072
3820.48613,2.6174679503417,1.00815,0.68578,0.61371,0.6132,0.60838
3818.55757,2.61878990081587,1.00942,0.6858,0.61464,0.61412,0.60945
3816.62901,2.62011318726522,1.01062,0.68619,0.61535,0.61515,0.61025
3814.70044,2.62143781858793,1.01227,0.68641,0.61595,0.61581,0.61061
3812.77188,2.62276378307742,1.0134,0.68628,0.61661,0.61632,0.61109
3810.84331,2.624091096519,1.01332,0.68631,0.61743,0.61695,0.61191
3808.91475,2.62541974718652,1.01221,0.68664,0.61836,0.61747,0.61273
3806.98618,2.62674975090138,1.01086,0.68718,0.61917,0.6178,0.61328
3805.05762,2.62808109591781,1.00968,0.6876,0.61979,0.6182,0.61376
3803.12905,2.62941379809344,1.00823,0.68804,0.62063,0.61892,0.61449
3801.20049,2.63074784566283,1.00805,0.68864,0.62144,0.61976,0.61515
3799.27193,2.63208324759213,1.00931,0.689,0.62185,0.62043,0.6156
3797.34336,2.63342001287974,1.01062,0.68948,0.62255,0.62135,0.6163
3795.4148,2.63475812973064,1.01235,0.69006,0.62353,0.62253,0.6173
3793.48623,2.63609761409362,1.01386,0.69022,0.62413,0.6234,0.6183
3791.55767,2.63743845415386,1.01462,0.69033,0.6247,0.62402,0.61927
3789.6291,2.63878066589683,1.01482,0.69063,0.62564,0.62475,0.62014
3787.70054,2.6401242374879,1.01427,0.69083,0.62657,0.62542,0.62063
3785.77197,2.64146918494935,1.01332,0.691,0.62722,0.62584,0.62098
3783.84341,2.64281549642669,1.01286,0.69146,0.62768,0.62621,0.62158
3781.91485,2.64416318098754,1.0125,0.6923,0.62803,0.62691,0.62233
3779.98628,2.64551224773229,1.01234,0.69319,0.62864,0.62809,0.62313
3778.05772,2.64686268477656,1.01327,0.69354,0.62964,0.62926,0.62409
3776.12915,2.64821450823524,1.01399,0.69338,0.63049,0.62982,0.625
3774.20059,2.64956770620398,1.01344,0.69332,0.63092,0.62988,0.62546
3772.27202,2.65092229483493,1.01225,0.69377,0.63131,0.63002,0.62561
3770.34346,2.65227826220373,1.0116,0.69455,0.63195,0.63073,0.6259
3768.41489,2.65363562449993,1.01173,0.69524,0.63273,0.63187,0.62676
3766.48633,2.65499436977911,1.0119,0.69569,0.63356,0.63292,0.62794
3764.55777,2.65635450721215,1.01225,0.69577,0.63419,0.63356,0.62872
3762.6292,2.65771604600315,1.01204,0.69575,0.63467,0.63389,0.62918
3760.70064,2.65907897417754,1.01052,0.69605,0.63541,0.63419,0.62976
3758.77207,2.66044330801894,1.00925,0.69642,0.63628,0.63482,0.63044
3756.84351,2.6618090355326,1.0091,0.69662,0.63702,0.63557,0.63101
3754.91494,2.66317617304002,1.00821,0.697,0.63774,0.63609,0.63158
3752.98638,2.66454470852623,1.00535,0.69773,0.6387,0.63657,0.63242
3751.05781,2.66591465835073,1.00218,0.69843,0.63974,0.63712,0.63313
3749.12925,2.6672860104783,1.00184,0.69841,0.64012,0.6378,0.63316
3747.20069,2.66865877418484,1.0023,0.69848,0.64038,0.63898,0.63343
3745.27212,2.67003295878004,1.0028,0.69956,0.64109,0.6404,0.63435
3743.34356,2.67140855219819,1.00431,0.70039,0.64156,0.64073,0.63496
3741.41499,2.6727855708944,1.00494,0.70019,0.64185,0.64046,0.63498
3739.48643,2.6741640027826,1.00333,0.70018,0.64257,0.64072,0.63493
3737.55786,2.67554386435639,0.99956,0.701,0.64329,0.64141,0.63489
3735.6293,2.67692514350929,0.99639,0.70204,0.6433,0.642,0.63536
3733.70074,2.67830784960018,0.99742,0.7019,0.64329,0.6421,0.63633
3731.77217,2.67969199202212,0.99994,0.70123,0.64379,0.64226,0.6369
3729.84361,2.68107755863791,1.00067,0.70099,0.64427,0.64275,0.6371
3727.91504,2.68246456603796,0.99978,0.70124,0.64481,0.64341,0.63746
3725.98648,2.68385300206457,0.99914,0.70188,0.64577,0.64414,0.63841
3724.05791,2.68524288334711,1.00027,0.70239,0.64656,0.64478,0.63956
3722.12935,2.68663419770729,1.00269,0.70263,0.64686,0.64546,0.64036
3720.20078,2.6880269618136,1.00549,0.70295,0.64744,0.64646,0.64099
3718.27222,2.68942116346716,1.00799,0.70338,0.64858,0.64754,0.6419
3716.34366,2.69081681213518,1.00911,0.70387,0.64966,0.64834,0.64309
3714.41509,2.69221391731962,1.00765,0.70448,0.65037,0.6488,0.64412
3712.48653,2.69361246679055,1.00377,0.70515,0.65109,0.64898,0.64453
3710.55796,2.69501247731487,1.00171,0.70535,0.65174,0.64931,0.64439
3708.6294,2.69641393664193,1.0032,0.70503,0.65192,0.65009,0.6448
3706.70083,2.69781686157822,1.00478,0.70483,0.65229,0.65079,0.6458
3704.77227,2.69922123985235,1.00528,0.70517,0.65326,0.65134,0.64685
3702.8437,2.70062708831053,1.00527,0.70597,0.65434,0.65205,0.64747
3700.91514,2.70203439466056,1.0058,0.70647,0.65481,0.65287,0.64749
3698.98658,2.70344316847995,1.00675,0.7066,0.65493,0.65355,0.64767
3697.05801,2.70485341938143,1.00737,0.70676,0.65533,0.65392,0.64834
3695.12945,2.70626513504148,1.00727,0.70701,0.65607,0.65423,0.64925
3693.20088,2.70767833240633,1.00604,0.7074,0.65688,0.65481,0.65017
3691.27232,2.70909299913153,1.00421,0.70807,0.65754,0.65546,0.65111
3689.34375,2.71050915220356,1.00452,0.7088,0.65813,0.65602,0.65189
3687.41519,2.71192677925699,1.00721,0.70903,0.65871,0.65685,0.65249
3685.48662,2.71334589731871,1.00931,0.70909,0.65928,0.65781,0.65314
3683.55806,2.71476649400227,1.01014,0.70948,0.65996,0.65855,0.65376
3681.6295,2.71618857899743,1.00975,0.71002,0.66073,0.65915,0.65429
3679.70093,2.7176121620297,1.00817,0.71044,0.66141,0.65987,0.65483
3677.77237,2.71903723068103,1.00547,0.71102,0.66218,0.66068,0.65533
3675.8438,2.72046380207995,1.00374,0.71175,0.66312,0.66112,0.65572
3673.91524,2.72189186378726,1.00511,0.71183,0.6637,0.66129,0.65619
3671.98667,2.72332143297241,1.00639,0.71175,0.66429,0.6619,0.65692
3670.05811,2.72475249717504,1.00783,0.71193,0.66527,0.66293,0.65776
3668.12954,2.72618507360566,1.01057,0.712,0.66585,0.66377,0.65856
3666.20098,2.72761914978267,1.01256,0.71211,0.66605,0.66434,0.65939
3664.27242,2.72905473551009,1.01351,0.71249,0.66634,0.66493,0.66011
3662.34385,2.73049184062824,1.01394,0.71307,0.66674,0.66551,0.66068
3660.41529,2.73193045262359,1.01379,0.71361,0.66732,0.666,0.66144
3658.48672,2.73337058881001,1.0129,0.71414,0.66797,0.66647,0.66236
3656.55816,2.73481223665262,1.0118,0.71474,0.66845,0.66696,0.66278
3654.62959,2.7362554135069,1.0108,0.71508,0.66875,0.6673,0.66267
3652.70103,2.73770010681657,1.00849,0.71535,0.6692,0.66741,0.66251
3650.77246,2.73914633397886,1.00431,0.71613,0.67004,0.66757,0.6624
3648.8439,2.74059408241608,1.00284,0.7166,0.67098,0.66818,0.66274
3646.91534,2.74204336204854,1.00662,0.716,0.67132,0.66887,0.66372
3644.98677,2.74349418283348,1.00999,0.71569,0.67142,0.66941,0.6646
3643.05821,2.74494653216096,1.01121,0.7159,0.67189,0.67001,0.66527
3641.12964,2.74640042753325,1.01107,0.71628,0.67283,0.67082,0.66597
3639.20108,2.74785585631888,1.01034,0.71664,0.67369,0.67148,0.66653
3637.27251,2.74931283606243,1.00908,0.71693,0.67375,0.67155,0.6666
3635.34395,2.7507713541108,1.0074,0.71713,0.67323,0.67133,0.66633
3633.41538,2.75223142805104,1.0055,0.71731,0.67308,0.67134,0.66629
3631.48682,2.75369304520841,1.00305,0.71756,0.67374,0.67164,0.66671
3629.55826,2.75515621562168,1.0009,0.71812,0.675,0.67215,0.66708
3627.62969,2.75662094936708,1.00226,0.71848,0.67573,0.67284,0.66723
3625.70113,2.75808723373733,1.00481,0.71837,0.67582,0.67355,0.66787
3623.77256,2.75955508642629,1.00587,0.71853,0.67618,0.67443,0.66898
3621.844,2.76102449470491,1.00554,0.71924,0.67695,0.67546,0.67014
3619.91543,2.76249547631006,1.00491,0.72014,0.67779,0.6762,0.67095
3617.98687,2.7639680184909,1.00534,0.72028,0.67838,0.67658,0.67125
3616.0583,2.76544213902746,1.0061,0.71982,0.67886,0.67708,0.67148
3614.12974,2.76691782514703,1.00682,0.71983,0.67941,0.67768,0.67197
3612.20118,2.76839508700897,1.00745,0.72045,0.67991,0.6781,0.6725
3610.27261,2.7698739348107,1.00677,0.72088,0.68027,0.67825,0.67278
3608.34405,2.77135435574665,1.0058,0.72063,0.68047,0.67819,0.67288
3606.41548,2.77283636770548,1.00654,0.72035,0.68052,0.67835,0.67325
3604.48692,2.77431995785963,1.00733,0.7206,0.68067,0.67891,0.67383
3602.55835,2.77580514414152,1.00671,0.72114,0.68092,0.67944,0.6741
3600.62979,2.77729191370158,1.006,0.7218,0.68138,0.67984,0.67421
3598.70123,2.77878027679447,1.006,0.72232,0.68226,0.68035,0.67471
3596.77266,2.78027024371343,1.00563,0.72252,0.68313,0.6808,0.67531
3594.8441,2.78176180157576,1.00522,0.7226,0.68357,0.68092,0.67555
3592.91553,2.78325496842393,1.00594,0.72272,0.68414,0.68125,0.67582
3590.98697,2.78474973135311,1.00658,0.72306,0.6852,0.68223,0.67646
3589.0584,2.78624610845006,1.00594,0.72363,0.68613,0.68331,0.67717
3587.12984,2.78774408678778,1.00598,0.72392,0.68638,0.68388,0.67775
3585.20127,2.78924368449752,1.00811,0.72399,0.68667,0.68433,0.67862
3583.27271,2.79074488863004,1.01019,0.72429,0.68736,0.68501,0.67964
3581.34415,2.79224770956458,1.01106,0.72458,0.68786,0.68568,0.68029
3579.41558,2.79375215771956,1.0112,0.72475,0.68812,0.68628,0.68077
3577.48702,2.79525822011228,1.01148,0.72509,0.68872,0.68684,0.68147
3575.55845,2.79676591498595,1.0121,0.72562,0.68963,0.68734,0.68209
3573.62989,2.79827522933551,1.01249,0.72604,0.69046,0.68788,0.68239
3571.70132,2.79978618144924,1.01175,0.72615,0.69107,0.68838,0.68263
3569.77276,2.80129875829967,1.0092,0.72599,0.69128,0.68847,0.68286
3567.84419,2.80281297822033,1.0065,0.72599,0.69128,0.68842,0.68305
3565.91563,2.80432882816131,1.00707,0.72632,0.69158,0.68907,0.68327
3563.98707,2.80584631862876,1.00933,0.72662,0.69195,0.68997,0.68364
3562.0585,2.80736546016861,1.01083,0.72698,0.69236,0.69052,0.68438
3560.12994,2.8088862396972,1.01185,0.7275,0.69298,0.69102,0.68541
3558.20137,2.81040867566188,1.01264,0.72786,0.69369,0.69164,0.68625
3556.27281,2.81193275495645,1.01268,0.72787,0.69411,0.69209,0.68664
3554.34424,2.81345849607409,1.01186,0.72775,0.69433,0.69241,0.68675
3552.41568,2.81498588588597,1.01116,0.728,0.69492,0.69293,0.68684
3550.48711,2.81651494293131,1.01107,0.72873,0.69578,0.69345,0.68706
3548.55855,2.8180456540586,1.01058,0.72944,0.69635,0.69365,0.68726
3546.62999,2.81957802990326,1.00973,0.72973,0.69665,0.69382,0.68753
3544.70142,2.8211120811411,1.01,0.72974,0.69722,0.69443,0.68804
3542.77286,2.82264779458653,1.01148,0.72989,0.69809,0.69523,0.68863
3540.84429,2.8241851888946,1.01269,0.7301,0.69878,0.69584,0.68924
3538.91573,2.82572425085691,1.01289,0.7303,0.69921,0.69636,0.68992
3536.98716,2.82726499917517,1.0129,0.73069,0.69974,0.69715,0.6907
3535.0586,2.82880742061815,1.01328,0.73121,0.70036,0.69807,0.69127
3533.13003,2.83035153393435,1.01317,0.73149,0.70085,0.69853,0.69142
3531.20147,2.83189732586966,1.01231,0.73146,0.70136,0.6984,0.69136
3529.27291,2.83344480719118,1.01147,0.73128,0.70186,0.69821,0.69132
3527.34434,2.8349939887071,1.01119,0.73115,0.70206,0.69851,0.69148
3525.41578,2.83654485712888,1.01128,0.73124,0.70213,0.69905,0.6919
3523.48721,2.83809743132287,1.01173,0.7317,0.70248,0.69946,0.69251
3521.55865,2.83965169797754,1.01256,0.73221,0.70305,0.69988,0.69312
3519.63008,2.84120767600668,1.01321,0.73242,0.70363,0.70045,0.69363
3517.70152,2.84276535207569,1.01335,0.73262,0.70417,0.70099,0.69411
3515.77295,2.84432474514601,1.0131,0.73297,0.70467,0.70143,0.69455
3513.84439,2.84588584185995,1.01272,0.7333,0.70518,0.70188,0.69506
3511.91583,2.84744865311877,1.01253,0.73365,0.70576,0.70242,0.69565
3509.98726,2.84901318986554,1.0127,0.7342,0.70649,0.7031,0.6961
3508.0587,2.8505794387078,1.01301,0.73462,0.70739,0.70388,0.69637
3506.13013,2.85214741872687,1.01269,0.73455,0.70808,0.70445,0.69656
3504.20157,2.85371711650709,1.01198,0.73445,0.70838,0.70472,0.69666
3502.273,2.85528855117805,1.01202,0.73469,0.7085,0.70509,0.69681
3500.34444,2.85686170930081,1.01269,0.73503,0.70879,0.70575,0.69726
3498.41587,2.85843661005345,1.01318,0.73539,0.70943,0.70657,0.69788
3496.48731,2.86001323997369,1.01346,0.73559,0.71021,0.70725,0.69832
3494.55875,2.86159161009956,1.01349,0.73547,0.71096,0.70763,0.69859
3492.63018,2.86317173151152,1.01298,0.73524,0.71156,0.70792,0.69882
3490.70162,2.86475359071223,1.01235,0.73522,0.71208,0.70831,0.69905
3488.77305,2.86633720700176,1.01223,0.73568,0.71281,0.70889,0.69945
3486.84449,2.8679225668593,1.01231,0.7364,0.7137,0.70962,0.70007
3484.91592,2.86950968963406,1.01195,0.73688,0.71462,0.71035,0.70065
3482.98736,2.87109856178175,1.01132,0.73704,0.71548,0.71088,0.70097
3481.05879,2.87268920270088,1.01131,0.73717,0.71618,0.7112,0.70109
3479.13023,2.87428159882362,1.01202,0.73745,0.71681,0.71166,0.70137
3477.20167,2.87587576132736,1.01264,0.73786,0.71749,0.71256,0.70183
3475.2731,2.87747170143262,1.01286,0.73831,0.71821,0.71363,0.70214
3473.34454,2.87906940553614,1.0129,0.73861,0.71908,0.71442,0.70225
3471.41597,2.88066889316062,1.01288,0.73872,0.72006,0.71498,0.70245
3469.48741,2.88227015067912,1.01273,0.73877,0.72085,0.71562,0.70278
3467.55884,2.88387319766433,1.01244,0.73877,0.72145,0.71628,0.70314
3465.63028,2.88547802046559,1.01215,0.73877,0.72223,0.71684,0.70349
3463.70171,2.8870846387058,1.01196,0.73902,0.72321,0.71761,0.70376
3461.77315,2.88869303871052,1.01193,0.7395,0.72402,0.7187,0.70402
3459.84459,2.89030323179921,1.01195,0.73976,0.72465,0.71971,0.70435
3457.91602,2.89191522933515,1.01203,0.73966,0.72536,0.7205,0.70465
3455.98746,2.89352901760818,1.0124,0.73957,0.72618,0.72125,0.70503
3454.05889,2.89514461636756,1.01283,0.73975,0.72717,0.72189,0.70561
3452.13033,2.8967620118792,1.01299,0.74011,0.72836,0.72253,0.70635
3450.20176,2.89838122394326,1.01268,0.74037,0.72949,0.72338,0.70692
3448.2732,2.90000223880173,1.012,0.74052,0.73037,0.72426,0.7071
3446.34464,2.90162506788642,1.0117,0.74063,0.73107,0.72511,0.70726
3444.41607,2.9032497226736,1.01199,0.74079,0.73167,0.72597,0.70776
3442.48751,2.90487618936924,1.01221,0.74101,0.73239,0.72692,0.70833
3440.55894,2.90650448790161,1.01227,0.74136,0.73332,0.728,0.70882
3438.63038,2.9081346044526,1.01229,0.7419,0.7342,0.72904,0.70929
3436.70181,2.9097665590021,1.01215,0.7422,0.73481,0.72989,0.70959
3434.77325,2.91140033770788,1.01198,0.74206,0.73539,0.73063,0.70982
3432.84468,2.91303596060163,1.01207,0.74202,0.73629,0.73141,0.71029
3430.91612,2.91467341381695,1.01225,0.7423,0.73734,0.7323,0.71088
3428.98756,2.91631270893266,1.01229,0.74254,0.7384,0.73329,0.71156
3427.05899,2.91795385757279,1.01238,0.74275,0.73955,0.73432,0.71236
3425.13043,2.91959684583457,1.01246,0.74301,0.74076,0.73519,0.71316
3423.20186,2.92124169388013,1.01212,0.74318,0.74178,0.73575,0.71371
3421.2733,2.92288838778241,1.01161,0.74339,0.74258,0.73626,0.71405
3419.34473,2.92453694775607,1.01172,0.74366,0.7434,0.73718,0.71459
3417.41617,2.92618735984971,1.01235,0.74393,0.74429,0.73847,0.71533
3415.4876,2.92783964433072,1.01269,0.7443,0.74509,0.73975,0.71594
3413.55904,2.92949378722332,1.01257,0.74471,0.74584,0.74082,0.71641
3411.63048,2.93114980025621,1.01241,0.74498,0.74668,0.74176,0.71706
3409.70191,2.93280769520407,1.01223,0.74498,0.74754,0.74266,0.71785
3407.77335,2.93446745805439,1.01192,0.74461,0.74833,0.74348,0.71857
3405.84478,2.93612910920738,1.01181,0.74437,0.74931,0.74434,0.71936
3403.91622,2.93779263462601,1.01201,0.74475,0.75042,0.74526,0.7202
3401.98765,2.93945805476396,1.01216,0.7454,0.7514,0.7461,0.72092
3400.05909,2.94112535555963,1.01206,0.74576,0.75224,0.74692,0.72153
3398.13052,2.94279455752041,1.01186,0.7457,0.75309,0.74781,0.72224
3396.20196,2.94446564656008,1.01173,0.74556,0.75409,0.7488,0.72304
3394.2734,2.9461386345602,1.01167,0.74571,0.7551,0.74993,0.72386
3392.34483,2.94781353344908,1.01173,0.74592,0.75585,0.75106,0.72467
3390.41627,2.94949032910345,1.01188,0.74594,0.75647,0.75201,0.7254
3388.4877,2.95116904216592,1.01184,0.74605,0.75728,0.75286,0.72604
3386.55914,2.95284965848847,1.01165,0.74643,0.7582,0.7537,0.7266
3384.63057,2.95453219876815,1.0116,0.74691,0.7591,0.75451,0.72724
3382.70201,2.95621664883216,1.01171,0.74718,0.76001,0.75545,0.7282
3380.77344,2.95790302943222,1.0118,0.74727,0.76092,0.75647,0.72929
3378.84488,2.95959132637069,1.01183,0.74748,0.76201,0.75746,0.73041
3376.91632,2.961281551685,1.01188,0.74782,0.76322,0.75852,0.7316
3374.98775,2.96297371746016,1.01193,0.7481,0.7642,0.75973,0.73263
3373.05919,2.96466780946112,1.01187,0.74832,0.76498,0.76089,0.73336
3371.13062,2.96636384857731,1.01172,0.74848,0.76583,0.76184,0.73416
3369.20206,2.96806182054869,1.01165,0.74855,0.76667,0.76267,0.73517
3367.27349,2.96976174632017,1.01155,0.74864,0.76732,0.76345,0.73611
3365.34493,2.97146361160667,1.01131,0.74872,0.76803,0.76424,0.73695
3363.41636,2.97316743740879,1.01107,0.74869,0.76892,0.76512,0.73795
3361.4878,2.97487320941638,1.01086,0.74877,0.76978,0.76594,0.73904
3359.55924,2.9765809398259,1.01073,0.74904,0.77064,0.76671,0.74002
3357.63067,2.97829064088219,1.01075,0.74915,0.77148,0.76749,0.7409
3355.70211,2.98000229823737,1.01085,0.74904,0.77208,0.76815,0.74178
3353.77354,2.98171593303226,1.01101,0.74914,0.77262,0.76889,0.74273
3351.84498,2.98343153089377,1.01122,0.74958,0.77332,0.7699,0.74387
3349.91641,2.98514911301921,1.01145,0.75008,0.77399,0.77103,0.74519
3347.98785,2.98686866501024,1.01151,0.7504,0.77437,0.77183,0.74641
3346.05928,2.98859020812088,1.01125,0.7506,0.77453,0.77216,0.74729
3344.13072,2.99031372792748,1.01098,0.7508,0.7748,0.77249,0.74817
3342.20216,2.99203923678872,1.01102,0.75099,0.77529,0.77317,0.74935
3340.27359,2.99376674711247,1.01102,0.75101,0.77572,0.77378,0.75051
3338.34503,2.99549624443702,1.01078,0.7509,0.77592,0.77398,0.75144
3336.41646,2.99722775015922,1.01061,0.751,0.77609,0.77412,0.75245
3334.4879,2.99896124979191,1.01064,0.75128,0.7764,0.77451,0.75375
3332.55933,3.00069676478948,1.01071,0.75143,0.77672,0.77489,0.75508
3330.63077,3.00243428063928,1.01065,0.75152,0.77685,0.77507,0.75616
3328.7022,3.00417381885349,1.01047,0.75164,0.77683,0.77508,0.75712
3326.77364,3.0059153648939,1.01034,0.75181,0.77685,0.77518,0.75819
3324.84508,3.0076589312847,1.01044,0.75199,0.77682,0.77554,0.7594
3322.91651,3.00940453060014,1.01066,0.75219,0.77672,0.77602,0.7606
3320.98795,3.01115214826359,1.01079,0.75246,0.77669,0.77633,0.76175
3319.05938,3.01290180593274,1.01075,0.75273,0.7767,0.77627,0.76291
3317.13082,3.0146534890053,1.01057,0.7528,0.77661,0.77591,0.76407
3315.20225,3.01640721919756,1.0103,0.75274,0.77638,0.77551,0.7653
3313.27369,3.01816298188152,1.01001,0.75278,0.77609,0.77534,0.76666
3311.34513,3.01992078971243,1.00994,0.75304,0.77594,0.7755,0.768
3309.41656,3.02168065539625,1.01016,0.75355,0.77595,0.77581,0.76918
3307.488,3.0234425642663,1.01047,0.75408,0.77583,0.77606,0.77032
3305.55943,3.02520653818649,1.01056,0.75426,0.77541,0.77617,0.77167
3303.63087,3.02697256246428,1.01041,0.75404,0.77481,0.77594,0.77305
3301.7023,3.02874065902308,1.01016,0.75376,0.77407,0.77533,0.77392
3299.77374,3.03051081314442,1.01,0.75389,0.77337,0.77487,0.77454
3297.84517,3.03228304681144,1.00997,0.75433,0.77295,0.77463,0.77562
3295.91661,3.03405734527974,1.0099,0.7546,0.77263,0.77422,0.77709
3293.98805,3.03583372137613,1.00986,0.75477,0.77225,0.77381,0.77843
3292.05948,3.03761218797906,1.01001,0.75499,0.77197,0.77369,0.77949
3290.13092,3.03939273030509,1.01022,0.75509,0.77187,0.77372,0.78058
3288.20235,3.04117537048777,1.01025,0.75494,0.77163,0.7735,0.78163
3286.27379,3.04296009371757,1.01004,0.75474,0.77114,0.77281,0.78231
3284.34522,3.04474692218865,1.00979,0.75474,0.77068,0.77196,0.78278
3282.41666,3.04653584106535,1.00949,0.75483,0.7703,0.77143,0.7834
3280.48809,3.04832687260267,1.00905,0.75477,0.76985,0.77106,0.7841
3278.55953,3.05012000193878,1.00864,0.75464,0.76935,0.77061,0.78472
3276.63097,3.05191524207561,1.00861,0.75491,0.76895,0.77033,0.78544
3274.7024,3.05371260606765,1.00896,0.75555,0.76859,0.77024,0.78625
3272.77384,3.05551207901369,1.00922,0.75612,0.76797,0.77011,0.78686
3270.84527,3.05731368332199,1.00923,0.75646,0.76712,0.76982,0.78721
3268.91671,3.05911740406503,1.00921,0.75651,0.7663,0.7692,0.78746
3266.98814,3.06092326371286,1.00927,0.75651,0.76576,0.76851,0.78777
3265.05958,3.06273124731157,1.00947,0.7567,0.76554,0.76813,0.78816
3263.13101,3.06454137739324,1.00961,0.75679,0.76537,0.76796,0.78848
3261.20245,3.06635363897755,1.00938,0.75677,0.76506,0.76764,0.78862
3259.27389,3.0681680452452,1.00902,0.75694,0.76466,0.76708,0.78863
3257.34532,3.06998460943036,1.00884,0.75724,0.76448,0.76664,0.78873
3255.41676,3.071803316513,1.00886,0.75735,0.76435,0.76661,0.78891
3253.48819,3.0736241891814,1.00908,0.75736,0.76406,0.76674,0.78899
3251.55963,3.07544721238897,1.00954,0.7574,0.76388,0.76656,0.78883
3249.63106,3.07727240888693,1.0098,0.75739,0.76385,0.76592,0.78847
3247.7025,3.07909976360212,1.0096,0.75749,0.76374,0.76526,0.78809
3245.77393,3.08092929934895,1.00935,0.75779,0.76374,0.76493,0.78783
3243.84537,3.08276100102762,1.00926,0.758,0.76391,0.76471,0.78767
3241.91681,3.08459488200131,1.00913,0.75792,0.76392,0.76437,0.78734
3239.98824,3.08643095568767,1.0089,0.75782,0.76373,0.7639,0.78673
3238.05968,3.0882692069468,1.00895,0.75796,0.76366,0.76349,0.78619
3236.13111,3.09010965875236,1.0094,0.75831,0.76373,0.76323,0.78592
3234.20255,3.09195229593768,1.0097,0.75875,0.76371,0.76312,0.78574
3232.27398,3.09379714154058,1.0097,0.75904,0.76344,0.76285,0.7854
3230.34542,3.09564418036756,1.00974,0.75906,0.76308,0.7623,0.7848
3228.41685,3.09749343552088,1.00984,0.75891,0.76273,0.76183,0.78399
3226.48829,3.09934489178016,1.01009,0.75887,0.76242,0.76167,0.78331
3224.55973,3.10119856269495,1.01043,0.75916,0.76228,0.76169,0.78294
3222.63116,3.10305446187022,1.01029,0.75946,0.76215,0.76159,0.78255
3220.7026,3.10491257404518,1.00979,0.75967,0.76179,0.7613,0.782
3218.77403,3.1067729224844,1.00971,0.75988,0.76129,0.76083,0.78134
3216.84547,3.10863549190008,1.01002,0.75994,0.76066,0.76013,0.7806
3214.9169,3.11050030562221,1.01033,0.75989,0.76002,0.75945,0.77986
3212.98834,3.11236734833591,1.01041,0.7599,0.75963,0.75901,0.77916
3211.05977,3.11423664343688,1.01015,0.75997,0.75937,0.75857,0.77857
3209.13121,3.11610817558314,1.00994,0.76009,0.75898,0.75809,0.77809
3207.20265,3.11798195851453,1.01025,0.7604,0.75873,0.75795,0.77775
3205.27408,3.11985800602737,1.01067,0.76074,0.75879,0.75792,0.77744
3203.34552,3.1217363027389,1.01065,0.76085,0.75874,0.75754,0.77692
3201.41695,3.12361687221029,1.01031,0.76092,0.7585,0.75708,0.77619
3199.48839,3.12549969903157,1.01007,0.76106,0.75831,0.75684,0.77538
3197.55982,3.1273848068306,1.01018,0.76117,0.75831,0.75681,0.77462
3195.63126,3.12927218017012,1.01061,0.76124,0.75852,0.75697,0.7741
3193.70269,3.13116184274498,1.0109,0.76131,0.75872,0.7572,0.77384
3191.77413,3.13305377909057,1.01067,0.76129,0.75863,0.75714,0.77341
3189.84557,3.13494800314111,1.01025,0.76125,0.75851,0.75685,0.77267
3187.917,3.1368445288883,1.01013,0.76141,0.75877,0.75682,0.77207
3185.98844,3.13874334082644,1.01022,0.76153,0.75915,0.75702,0.77166
3184.05987,3.1406444628191,1.01021,0.76149,0.75945,0.75717,0.77137
3182.13131,3.14254787933311,1.01024,0.76165,0.75982,0.75724,0.77125
3180.20274,3.14445361430008,1.01048,0.76203,0.76029,0.7574,0.77112
3178.27418,3.14636165215929,1.01093,0.76232,0.76088,0.75792,0.77095
3176.34562,3.14827200699904,1.01157,0.76251,0.76166,0.75861,0.77095
3174.41705,3.15018469296591,1.01209,0.76272,0.76243,0.75929,0.77106
3172.48849,3.15209969445784,1.01201,0.76271,0.76296,0.75984,0.77094
3170.55992,3.15401703557774,1.01152,0.76249,0.76336,0.76006,0.77046
3168.63136,3.15593670069591,1.01137,0.76244,0.76398,0.76017,0.76983
3166.70279,3.15785871398433,1.01161,0.76263,0.7648,0.7605,0.76936
3164.77423,3.1597830597856,1.01172,0.76284,0.76548,0.76098,0.76916
3162.84566,3.16170976234104,1.01167,0.76302,0.76597,0.76136,0.76888
3160.9171,3.16363880596552,1.01171,0.76327,0.76648,0.76166,0.76837
3158.98854,3.16557020494921,1.01179,0.76348,0.76706,0.76203,0.76783
3157.05997,3.16750397364165,1.01174,0.76352,0.76771,0.7627,0.76753
3155.13141,3.16944009631599,1.01167,0.76358,0.76854,0.7637,0.76755
3153.20284,3.1713785973883,1.01171,0.76374,0.76953,0.76471,0.76751
3151.27428,3.17331946110384,1.01168,0.76372,0.77032,0.76535,0.76698
3149.34571,3.17526271194914,1.01153,0.76346,0.77088,0.76565,0.76622
3147.41715,3.17720833414154,1.01161,0.76346,0.77156,0.76616,0.76587
3145.48858,3.17915635223829,1.01208,0.76388,0.77249,0.76707,0.76587
3143.56002,3.18110675042877,1.01252,0.76431,0.77347,0.76817,0.76575
3141.63146,3.18305954320944,1.01271,0.76455,0.77437,0.76932,0.76549
3139.70289,3.18501474513724,1.01283,0.76461,0.77524,0.77034,0.76538
3137.77433,3.18697234035948,1.01304,0.7645,0.77622,0.77112,0.76546
3135.84576,3.18893235361168,1.01311,0.76441,0.7773,0.7718,0.76544
3133.9172,3.19089476901304,1.01294,0.76459,0.7782,0.77246,0.76517
3131.98863,3.19285961137094,1.01269,0.76491,0.77885,0.77304,0.76486
3130.06007,3.19482686477643,1.01256,0.76499,0.77962,0.77366,0.76482
3128.1315,3.19679655410906,1.0126,0.76484,0.78066,0.77454,0.76512
3126.20294,3.19876866343168,1.01281,0.76486,0.78176,0.77565,0.76552
3124.27438,3.20074320745158,1.01309,0.76522,0.78292,0.77687,0.76587
3122.34581,3.20272020093764,1.01331,0.76557,0.78411,0.77802,0.76627
3120.41725,3.20469962791034,1.01342,0.76562,0.78517,0.77903,0.7667
3118.48868,3.20668151343105,1.01335,0.76543,0.78604,0.78003,0.76685
3116.56012,3.20866584149193,1.01322,0.76537,0.7869,0.78109,0.76675
3114.63155,3.21065263722767,1.0133,0.76563,0.78808,0.78221,0.76687
3112.70299,3.21264188460204,1.01352,0.76592,0.78952,0.78333,0.76723
3110.77442,3.21463360882336,1.01363,0.76603,0.79087,0.78447,0.76745
3108.84586,3.216627793827,1.01381,0.766,0.79198,0.78567,0.76757
3106.9173,3.21862445453569,1.01426,0.76607,0.79292,0.78683,0.76793
3104.98873,3.22062360593496,1.01455,0.76627,0.79381,0.78797,0.76854
3103.06017,3.22262523191743,1.01436,0.76644,0.79489,0.78922,0.76916
3101.1316,3.22462935787698,1.01407,0.7665,0.79611,0.79039,0.76972
3099.20304,3.22663596767768,1.01394,0.76641,0.79714,0.79127,0.77017
3097.27447,3.22864508678819,1.01394,0.76638,0.79812,0.79211,0.77067
3095.34591,3.23065669904402,1.01404,0.76651,0.79933,0.79316,0.77132
3093.41734,3.23267082998895,1.01412,0.7667,0.80061,0.79435,0.77206
3091.48878,3.23468746342984,1.01424,0.76701,0.80179,0.79554,0.77278
3089.56022,3.23670661450969,1.01448,0.76731,0.80278,0.7967,0.7734
3087.63165,3.23872829843547,1.01469,0.76742,0.80369,0.7979,0.77389
3085.70309,3.24075249897099,1.01477,0.76741,0.80481,0.79918,0.77451
3083.77452,3.24277924184937,1.0148,0.7674,0.80608,0.80032,0.77542
3081.84596,3.24480851080565,1.01481,0.76751,0.80727,0.80129,0.7764
3079.91739,3.24684033164929,1.01485,0.76776,0.80827,0.80233,0.77726
3077.98883,3.24887468808651,1.01498,0.76787,0.80916,0.80348,0.77812
3076.06026,3.25091160600345,1.01492,0.76766,0.80999,0.80453,0.77899
3074.1317,3.25295106907749,1.01463,0.76744,0.81076,0.80553,0.77974
3072.20314,3.25499309267681,1.01452,0.76748,0.81159,0.80663,0.78059
3070.27457,3.2570376922348,1.01469,0.76769,0.81267,0.80767,0.78178
3068.34601,3.25908485138545,1.01483,0.76795,0.8138,0.80856,0.78315
3066.41744,3.26113459620814,1.01487,0.76816,0.81457,0.80949,0.78444
3064.48888,3.26318691030786,1.01499,0.76826,0.8152,0.81051,0.78569
3062.56031,3.26524181984191,1.01516,0.76825,0.81584,0.81135,0.7869
3060.63175,3.26729930838625,1.0151,0.76817,0.81621,0.81196,0.78796
3058.70318,3.26935940217645,1.0149,0.76816,0.81646,0.8126,0.78896
3056.77462,3.27142208475939,1.01484,0.76822,0.81696,0.81326,0.7902
3054.84606,3.27348737173355,1.01489,0.76824,0.81763,0.81384,0.79164
3052.91749,3.27555527876386,1.01493,0.76822,0.81827,0.81438,0.79293
3050.98893,3.27762578935349,1.01506,0.76833,0.81881,0.81494,0.79395
3049.06036,3.27969892993525,1.01524,0.76851,0.81921,0.81562,0.79491
3047.1318,3.28177468398315,1.01531,0.76873,0.81961,0.81632,0.79609
3045.20323,3.28385307800951,1.01529,0.76905,0.8201,0.8168,0.79749
3043.27467,3.28593409545909,1.01513,0.76913,0.8204,0.81698,0.79887
3041.3461,3.28801776292412,1.01481,0.76894,0.82043,0.81706,0.80018
3039.41754,3.29010406382007,1.01467,0.7689,0.82059,0.81739,0.80151
3037.48898,3.29219301398091,1.01472,0.76902,0.82098,0.81803,0.80283
3035.56041,3.29428462930837,1.01462,0.769,0.82128,0.81865,0.80409
3033.63185,3.29637889317387,1.01441,0.76888,0.8214,0.81904,0.80529
3031.70328,3.29847583237104,1.01447,0.769,0.82157,0.81935,0.80658
3029.77472,3.30057543024189,1.01471,0.76925,0.82188,0.81961,0.80797
3027.84615,3.30267771366124,1.01489,0.76935,0.82223,0.81985,0.80935
3025.91759,3.30478266594167,1.01496,0.7694,0.82257,0.82016,0.81062
3023.98903,3.30689030310404,1.01501,0.76953,0.82285,0.82037,0.81167
3022.06046,3.309000641238,1.015,0.76961,0.82288,0.82035,0.81246
3020.1319,3.31111366361185,1.01491,0.76962,0.82277,0.82039,0.81319
3018.20333,3.31322939730505,1.01485,0.76977,0.82279,0.82076,0.81406
3016.27477,3.31534782555636,1.01482,0.77001,0.82289,0.82126,0.81514
3014.3462,3.31746897552776,1.01482,0.77016,0.82305,0.82159,0.81632
3012.41764,3.31959283042839,1.01486,0.77007,0.82319,0.82165,0.81721
3010.48907,3.32171941750315,1.0149,0.76989,0.82323,0.8216,0.81776
3008.56051,3.32384871993151,1.01494,0.76989,0.82322,0.82161,0.81834
3006.63195,3.32598075397955,1.01494,0.77007,0.82319,0.8217,0.81899
3004.70338,3.32811553598346,1.01493,0.77018,0.8231,0.82181,0.81961
3002.77482,3.33025304907812,1.01493,0.76997,0.82286,0.82191,0.82024
3000.84625,3.33239332071745,1.01488,0.76976,0.82267,0.82203,0.8209
2998.91769,3.33453633400655,1.0148,0.76987,0.82268,0.82221,0.8216
2996.98912,3.33668211648363,1.01474,0.77009,0.82266,0.82224,0.82228
2995.06056,3.33883065122396,1.01469,0.77029,0.82256,0.82215,0.82291
2993.13199,3.34098196585043,1.01467,0.77052,0.82256,0.82209,0.82344
2991.20343,3.34313604340846,1.01463,0.77074,0.82252,0.82198,0.82388
2989.27487,3.34529290041501,1.01456,0.77082,0.82221,0.82175,0.8243
2987.3463,3.34745255345857,1.01464,0.77077,0.82179,0.82152,0.82468
2985.41774,3.34961498553968,1.01472,0.77069,0.82152,0.82137,0.82499
2983.48917,3.35178022449467,1.01468,0.77063,0.82135,0.82126,0.82535
2981.56061,3.3539482532941,1.01466,0.77061,0.8211,0.82109,0.82578
2979.63204,3.3561190998604,1.01464,0.77057,0.82076,0.82089,0.82612
2977.70348,3.35829274713411,1.01452,0.77061,0.82053,0.82083,0.82642
2975.77491,3.36046922312414,1.01441,0.77085,0.82037,0.82078,0.82684
2973.84635,3.36264851074098,1.01448,0.77112,0.8201,0.82055,0.82719
2971.91779,3.36483062675835,1.01481,0.77123,0.81981,0.82028,0.82737
2969.98922,3.36701558802291,1.0151,0.77123,0.8196,0.82011,0.82747
2968.06066,3.36920337739998,1.01511,0.77122,0.81934,0.81986,0.82758
2966.13209,3.37139402311648,1.015,0.77129,0.81893,0.81947,0.82768
2964.20353,3.37358750800759,1.01495,0.77151,0.81852,0.81919,0.82784
2962.27496,3.37578386038817,1.01494,0.77157,0.81814,0.8189,0.82809
2960.3464,3.37798306306316,1.01482,0.77133,0.81755,0.81833,0.82817
2958.41783,3.3801851444358,1.01476,0.77115,0.81701,0.81767,0.8281
2956.48927,3.38239008728078,1.01489,0.77128,0.81688,0.81729,0.8282
2954.56071,3.38459790863461,1.01503,0.77152,0.81681,0.81717,0.82854
2952.63214,3.3868086256082,1.01513,0.77157,0.81643,0.817,0.82882
2950.70358,3.38902222093078,1.01516,0.77141,0.81589,0.81654,0.82887
2948.77501,3.39123872322833,1.01507,0.77137,0.81556,0.81599,0.82875
2946.84645,3.39345811519973,1.01493,0.77144,0.81549,0.81566,0.8286
2944.91788,3.3956804255608,1.01482,0.77144,0.81544,0.81546,0.8285
2942.98932,3.39790563698002,1.01486,0.77147,0.81525,0.81514,0.82837
2941.06075,3.40013377826351,1.01504,0.77159,0.81506,0.81469,0.82815
2939.13219,3.40236483204929,1.01511,0.77168,0.81486,0.81431,0.8279
2937.20363,3.40459881564289,1.01502,0.77176,0.81461,0.81413,0.82777
2935.27506,3.40683574642576,1.01483,0.77184,0.8144,0.81406,0.8277
2933.3465,3.40907560699017,1.01462,0.77189,0.81423,0.8139,0.82749
2931.41793,3.41131842636986,1.01448,0.77193,0.81398,0.81363,0.82713
2929.48937,3.41356418712658,1.0145,0.77188,0.81371,0.81325,0.82667
2927.5608,3.41581291838585,1.01474,0.7718,0.81358,0.8129,0.82621
2925.63224,3.41806460267884,1.01509,0.77187,0.81351,0.81276,0.82596
2923.70367,3.42031926922334,1.01538,0.77206,0.81333,0.81272,0.82585
2921.77511,3.4225769005199,1.01556,0.77221,0.81316,0.81263,0.8256
2919.84655,3.4248375141495,1.01547,0.77219,0.813,0.81228,0.82505
2917.91798,3.42710112777056,1.01507,0.772,0.81276,0.8117,0.82434
2915.98942,3.42936772383763,1.01477,0.77185,0.81258,0.81136,0.8237
2914.06085,3.43163733180109,1.01469,0.77181,0.81249,0.81147,0.8233
2912.13229,3.43390993408476,1.01454,0.77179,0.81228,0.81158,0.82303
2910.20372,3.43618556023288,1.01446,0.77181,0.81202,0.81133,0.82264
2908.27516,3.4384641926385,1.01468,0.77191,0.81187,0.81096,0.82216
2906.34659,3.44074586094014,1.01491,0.77195,0.81181,0.81078,0.82174
2904.41803,3.44303054750008,1.01495,0.77199,0.81182,0.81073,0.82147
2902.48947,3.44531827018136,1.01496,0.77207,0.81184,0.81065,0.82126
2900.5609,3.44760904692606,1.01508,0.77223,0.81181,0.81057,0.82097
2898.63234,3.4499028600502,1.01512,0.77242,0.81183,0.81068,0.82069
2896.70377,3.45219973943004,1.01496,0.77246,0.81184,0.81086,0.82049
2894.77521,3.45449966735068,1.0148,0.77239,0.81159,0.81077,0.82024
2892.84664,3.45680267378433,1.01497,0.7724,0.81127,0.81047,0.81993
2890.91808,3.45910874098515,1.01532,0.77243,0.81123,0.81036,0.81975
2888.98952,3.46141788704031,1.01534,0.77234,0.81127,0.81038,0.81963
2887.06095,3.46373013011727,1.01516,0.77239,0.8112,0.8103,0.81953
2885.13239,3.46604545242376,1.01513,0.77262,0.8112,0.81011,0.81942
2883.20382,3.46836388417382,1.01512,0.7727,0.81126,0.80981,0.81912
2881.27526,3.47068540754416,1.01506,0.77253,0.81126,0.80962,0.81878
2879.34669,3.4730100528464,1.01498,0.77233,0.81118,0.80954,0.81871
2877.41813,3.47533780222619,1.01482,0.77227,0.81096,0.80939,0.81871
2875.48956,3.47766868609323,1.01467,0.77229,0.81069,0.8093,0.81848
2873.561,3.48000268656207,1.01473,0.77228,0.81055,0.80947,0.81813
2871.63244,3.48233982201427,1.01494,0.77219,0.81056,0.80962,0.8178
2869.70387,3.48468011091333,1.01509,0.77213,0.81064,0.80945,0.81752
2867.77531,3.48702353532711,1.01516,0.77221,0.81083,0.8092,0.81742
2865.84674,3.4893701259126,1.01524,0.77226,0.81095,0.8091,0.81738
2863.91818,3.49171986470647,1.01527,0.77218,0.81081,0.80897,0.81714
2861.98961,3.49407278246548,1.01526,0.77228,0.81062,0.80885,0.81687
2860.06105,3.49642886119511,1.01527,0.77262,0.81064,0.80894,0.81683
2858.13248,3.49878813175238,1.01519,0.77286,0.81067,0.80906,0.81688
2856.20392,3.50115057611153,1.01504,0.77284,0.8105,0.80906,0.81691
2854.27536,3.50351621295571,1.01502,0.7727,0.81036,0.80903,0.81691
2852.34679,3.50588506105178,1.01503,0.77248,0.8104,0.80899,0.81674
2850.41823,3.50825710232705,1.01497,0.77235,0.81056,0.80899,0.81653
2848.48966,3.51063236789141,1.01484,0.77236,0.81059,0.80888,0.81639
2846.5611,3.51301083964086,1.01474,0.77241,0.81033,0.80853,0.81622
2844.63253,3.51539254878731,1.01483,0.77248,0.81017,0.80836,0.81615
2842.70397,3.51777747719542,1.01492,0.77256,0.8103,0.80849,0.8162
2840.7754,3.52016565617965,1.01472,0.77269,0.81036,0.80854,0.81614
2838.84684,3.52255706757326,1.01454,0.7728,0.81023,0.80846,0.81591
2836.91828,3.52495173036849,1.01472,0.77284,0.81017,0.80854,0.81574
2834.98971,3.52734966364305,1.01491,0.77278,0.81015,0.80874,0.81562
2833.06115,3.52975084918305,1.01473,0.77249,0.80994,0.80863,0.81538
2831.13258,3.53215531856159,1.01452,0.77212,0.80974,0.80824,0.81519
2829.20402,3.53456305353334,1.01456,0.77202,0.80983,0.80812,0.81526
2827.27545,3.53697408577576,1.01483,0.77224,0.81002,0.80839,0.81542
2825.34689,3.53938839701202,1.01524,0.7725,0.81006,0.8087,0.81548
2823.41832,3.54180601902449,1.01549,0.77251,0.80994,0.80881,0.81532
2821.48976,3.5442269335048,1.01533,0.77231,0.80978,0.80871,0.81491
2819.5612,3.54665115976202,1.01503,0.77208,0.8097,0.8085,0.81456
2817.63263,3.54907871719245,1.01501,0.77198,0.80977,0.80838,0.81459
2815.70407,3.55150958744042,1.01511,0.77208,0.80996,0.80832,0.81479
2813.7755,3.55394380255283,1.01501,0.77224,0.8101,0.8082,0.81483
2811.84694,3.55638134414244,1.01476,0.7722,0.81008,0.80806,0.81468
2809.91837,3.55882224436292,1.01454,0.77204,0.80989,0.80799,0.81446
2807.98981,3.5612664847954,1.01443,0.772,0.80965,0.80797,0.81423
2806.06124,3.56371409770088,1.01446,0.77211,0.80955,0.80799,0.81404
2804.13268,3.56616506462883,1.01458,0.77232,0.80966,0.80801,0.81407
2802.20412,3.56861940521307,1.0147,0.77246,0.80984,0.80805,0.81424
2800.27555,3.57107713917654,1.01475,0.77234,0.80991,0.80806,0.81428
2798.34699,3.5735382480212,1.01475,0.77222,0.80996,0.80806,0.8142
2796.41842,3.57600276427875,1.01486,0.77228,0.81002,0.80807,0.8141
2794.48986,3.57847066941943,1.01505,0.77234,0.80999,0.80801,0.81406
2792.56129,3.58094199608418,1.01512,0.77235,0.81001,0.80796,0.81408
2790.63273,3.58341672571152,1.01497,0.77235,0.81014,0.80808,0.81402
2788.70416,3.5858948910522,1.01473,0.77227,0.81006,0.80811,0.81382
2786.7756,3.58837647351297,1.01454,0.77209,0.8097,0.80791,0.8137
2784.84704,3.59086149306068,1.01449,0.77198,0.80947,0.80774,0.81376
2782.91847,3.59334996975316,1.01453,0.7719,0.80956,0.80763,0.8137
2780.98991,3.59584188494952,1.01445,0.77178,0.80968,0.80753,0.8135
2779.06134,3.59833727167749,1.01435,0.77177,0.80973,0.80763,0.81351
2777.13278,3.60083611126437,1.01433,0.77191,0.80988,0.80786,0.81368
2775.20421,3.60333843684966,1.01435,0.77199,0.80997,0.80791,0.81369
2773.27565,3.60584422972884,1.0145,0.77189,0.80982,0.80778,0.81362
2771.34708,3.6083535231538,1.01481,0.77181,0.8097,0.80774,0.81373
2769.41852,3.61086629838815,1.01498,0.77176,0.80981,0.80779,0.81377
2767.48996,3.61338257574022,1.01488,0.7717,0.80991,0.80782,0.81353
2765.56139,3.61590237561134,1.01479,0.77185,0.80984,0.80785,0.81331
2763.63283,3.61842567921731,1.01483,0.77207,0.80972,0.80787,0.81326
2761.70426,3.62095252009352,1.01487,0.77204,0.80965,0.80786,0.8132
2759.7757,3.62348287942386,1.01485,0.77187,0.80962,0.80783,0.81316
2757.84713,3.62601679085817,1.01473,0.77178,0.80963,0.80779,0.81329
2755.91857,3.62855423554841,1.01448,0.7717,0.80959,0.8077,0.81336
2753.99001,3.63109523407458,1.01438,0.77173,0.80952,0.80776,0.81323
2752.06144,3.63363980711128,1.01457,0.77193,0.80957,0.80808,0.8131
2750.13288,3.63618793576258,1.01469,0.77209,0.80966,0.80833,0.81305
2748.20431,3.63873965396699,1.01455,0.77197,0.80965,0.80822,0.81297
2746.27575,3.64129494279662,1.01441,0.77167,0.80961,0.80788,0.81287
2744.34718,3.64385383630653,1.01441,0.77153,0.80961,0.80763,0.81289
2742.41862,3.64641631553683,1.01442,0.77162,0.80964,0.8076,0.81305
2740.49005,3.64898241465974,1.01442,0.77171,0.80959,0.80775,0.81319
2738.56149,3.65155211468339,1.01446,0.77168,0.80952,0.80795,0.81326
2736.63293,3.65412543654512,1.01455,0.77157,0.8096,0.8081,0.81334
2734.70436,3.65670240127895,1.0147,0.7715,0.80981,0.80818,0.81333
2732.7758,3.65928298984498,1.01482,0.77148,0.80993,0.8081,0.81321
2730.84723,3.66186723671101,1.01485,0.77144,0.8099,0.80795,0.8131
2728.91867,3.66445512280511,1.01482,0.77129,0.80983,0.80794,0.81303
2726.9901,3.6670466827144,1.01464,0.77114,0.80975,0.80796,0.81296
2725.06154,3.66964189733491,1.01432,0.77111,0.80956,0.80777,0.8128
2723.13297,3.67224080137372,1.0141,0.7712,0.80938,0.80752,0.81262
2721.20441,3.67484337569481,1.0141,0.77126,0.80941,0.80747,0.81249
2719.27585,3.67744964160219,1.01427,0.77127,0.80956,0.80754,0.81245
2717.34728,3.68005962049871,1.01452,0.77135,0.80973,0.80761,0.81263
2715.41872,3.68267329320025,1.0147,0.77146,0.80988,0.80766,0.81292
2713.49015,3.68529069471654,1.01467,0.77145,0.80988,0.80768,0.81304
2711.56159,3.68791180583142,1.01456,0.77135,0.80979,0.80767,0.81301
2709.63302,3.69053666167679,1.01451,0.77119,0.80973,0.80761,0.81287
2707.70446,3.6931652430044,1.01449,0.77101,0.80965,0.80755,0.81265
2705.77589,3.69579758506903,1.01457,0.77096,0.80968,0.80762,0.8126
2703.84733,3.69843366859031,1.01485,0.77099,0.8099,0.80783,0.8128
2701.91877,3.70107351524857,1.01495,0.77096,0.80998,0.80791,0.81285
2699.9902,3.7037171468252,1.01471,0.77092,0.80977,0.80783,0.81259
2698.06164,3.70636454399166,1.01458,0.77102,0.80953,0.80782,0.81249
2696.13307,3.70901574231275,1.0146,0.77115,0.80941,0.80787,0.81258
2694.20451,3.71167072242782,1.01462,0.7712,0.80957,0.80788,0.81263
2692.27594,3.71432952002684,1.01466,0.7712,0.8099,0.80788,0.81264
2690.34738,3.71699211571704,1.01469,0.7711,0.81002,0.80786,0.81264
2688.41881,3.71965854531423,1.01469,0.77086,0.8099,0.80783,0.81261
2686.49025,3.72232878939352,1.01466,0.77062,0.80972,0.80782,0.81248
2684.56169,3.72500287002159,1.01457,0.7705,0.80963,0.8078,0.81233
2682.63312,3.72768080936837,1.01452,0.77054,0.80972,0.80769,0.8123
2680.70456,3.73036258796083,1.01456,0.77066,0.80986,0.80757,0.81231
2678.77599,3.73304824193232,1.01445,0.77065,0.80979,0.80744,0.81214
2676.84743,3.73573775177766,1.01421,0.7705,0.80961,0.80734,0.812
2674.91886,3.73843115375844,1.0142,0.77041,0.80948,0.80739,0.81201
2672.9903,3.74112842833736,1.0144,0.77042,0.80942,0.80748,0.81195
2671.06173,3.74382961190493,1.01439,0.77039,0.80953,0.80754,0.81185
2669.13317,3.74653468489173,1.01416,0.77028,0.80965,0.80752,0.81188
2667.20461,3.74924366976105,1.01408,0.77017,0.80965,0.80745,0.81198
2665.27604,3.75195658908186,1.01423,0.77015,0.80962,0.80747,0.81197
2663.34748,3.75467342323654,1.01425,0.77009,0.80955,0.80746,0.81182
2661.41891,3.75739420894098,1.01404,0.76985,0.80942,0.80734,0.81169
2659.49035,3.76011892654546,1.01403,0.76962,0.80933,0.80727,0.81168
2657.56178,3.76284761289726,1.01432,0.76962,0.80927,0.80731,0.81171
2655.63322,3.76558024831456,1.01451,0.76963,0.80916,0.80733,0.81174
2653.70465,3.76831686977675,1.01453,0.76953,0.80919,0.80734,0.81185
2651.77609,3.77105745756988,1.0147,0.76951,0.80948,0.80732,0.81209
2649.84753,3.77380203456461,1.01485,0.76967,0.80978,0.80719,0.81228
2647.91896,3.77655062373963,1.01476,0.76985,0.80979,0.80706,0.81226
2645.9904,3.77930320533287,1.01458,0.76987,0.80959,0.80709,0.81208
2644.06183,3.78205981665716,1.01448,0.76968,0.8093,0.80724,0.81187
2642.13327,3.78482043791834,1.0145,0.76947,0.8091,0.80734,0.8117
2640.2047,3.7875851065639,1.01455,0.76943,0.80919,0.80745,0.81166
2638.27614,3.79035380276759,1.0145,0.76943,0.8094,0.80756,0.81168
2636.34757,3.79312656411233,1.01436,0.76929,0.80944,0.80745,0.81164
2634.41901,3.7959033707398,1.01418,0.76919,0.80938,0.80721,0.81152
2632.49045,3.79868424593905,1.01403,0.76931,0.80936,0.8071,0.81144
2630.56188,3.80146921310971,1.01407,0.76947,0.80947,0.80718,0.81152
2628.63332,3.80425825234537,1.01436,0.76946,0.80965,0.80736,0.81169
2626.70475,3.80705140157073,1.01468,0.76943,0.8096,0.80756,0.81181
2624.77619,3.80984864084736,1.01474,0.7694,0.80935,0.80753,0.81175
2622.84762,3.81265000823799,1.01454,0.76929,0.80918,0.80725,0.81161
2620.91906,3.81545548377217,1.01436,0.7691,0.80915,0.80696,0.8116
2618.99049,3.81826510565145,1.0144,0.76894,0.80921,0.80679,0.81165
2617.06193,3.82107885387336,1.01465,0.76897,0.80936,0.80698,0.81171
2615.13337,3.82389675215685,1.01481,0.7691,0.80952,0.80735,0.81177
2613.2048,3.82671882433401,1.01471,0.76913,0.80955,0.80752,0.81186
2611.27624,3.82954505035438,1.0145,0.76902,0.80952,0.80748,0.81193
2609.34767,3.83237546876994,1.01426,0.76877,0.80937,0.80731,0.8118
2607.41911,3.83521005949826,1.01402,0.76842,0.80911,0.80702,0.81151
2605.49054,3.83804886123287,1.014,0.76817,0.80891,0.80686,0.81134
2603.56198,3.84089185385938,1.01415,0.76812,0.80892,0.80688,0.8114
2601.63342,3.84373906143933,1.01417,0.76814,0.80901,0.80685,0.8114
2599.70485,3.84659050814942,1.01411,0.76812,0.80903,0.80676,0.81128
2597.77629,3.84944617382739,1.01412,0.76813,0.80902,0.80682,0.81123
2595.84772,3.85230609752409,1.01416,0.76823,0.80905,0.807,0.81129
2593.91916,3.85517025904539,1.01423,0.76836,0.80907,0.80713,0.81132
2591.99059,3.85803869758648,1.01425,0.76834,0.80902,0.80707,0.81117
2590.06203,3.86091139292135,1.01411,0.76812,0.80901,0.80695,0.81089
2588.13346,3.86378838439035,1.01383,0.76777,0.80899,0.80681,0.8106
2586.2049,3.86666965173564,1.01366,0.76755,0.80896,0.80666,0.81047
2584.27634,3.86955521947007,1.01393,0.76771,0.80911,0.80674,0.81061
2582.34777,3.87244511222437,1.01432,0.76798,0.80929,0.80689,0.81083
2580.41921,3.87533930969302,1.01436,0.76795,0.80934,0.80685,0.81091
2578.49064,3.87823785158282,1.01428,0.76771,0.80925,0.80668,0.81085
2576.56208,3.88114071755647,1.01423,0.76752,0.80906,0.80653,0.81077
2574.63351,3.88404794746884,1.01411,0.76744,0.80881,0.80651,0.81072
2572.70495,3.8869595209509,1.01403,0.76745,0.80868,0.80662,0.81067
2570.77638,3.88987547800638,1.01413,0.76744,0.80869,0.80665,0.81066
2568.84782,3.89279579823456,1.01427,0.76732,0.80871,0.80655,0.81068
2566.91926,3.89572050661227,1.01439,0.76723,0.80872,0.80651,0.81076
2564.99069,3.89864962823705,1.0145,0.76716,0.80881,0.80645,0.81083
2563.06213,3.90158314266069,1.0145,0.76709,0.80885,0.80626,0.81083
2561.13356,3.90452109026286,1.01438,0.76706,0.80869,0.80617,0.81074
2559.205,3.90746345056375,1.01429,0.76699,0.80847,0.80625,0.81066
2557.27643,3.91041026409492,1.01423,0.76687,0.80838,0.80626,0.81058
2555.34787,3.91336151034497,1.01418,0.7668,0.8084,0.80626,0.81047
2553.4193,3.91631722999822,1.0142,0.76676,0.80838,0.80634,0.81039
2551.49074,3.91927740251176,1.01428,0.7667,0.80825,0.80638,0.81039
2549.56218,3.92224205333953,1.01431,0.76669,0.80814,0.80633,0.81035
2547.63361,3.92521120805908,1.01425,0.76665,0.80821,0.8062,0.81016
2545.70505,3.92818484608026,1.0142,0.76649,0.80839,0.80606,0.80998
2543.77648,3.93116300847314,1.01431,0.76637,0.80861,0.80616,0.81001
2541.84792,3.93414567461613,1.01449,0.76639,0.80871,0.8063,0.81016
2539.91935,3.93713288573513,1.01446,0.76636,0.80847,0.80624,0.81023
2537.99079,3.94012462117721,1.01436,0.76621,0.80815,0.80623,0.81015
2536.06222,3.94312092232501,1.01443,0.76623,0.80812,0.80641,0.81007
2534.13366,3.94612176849425,1.01445,0.7663,0.80834,0.80645,0.81004
2532.2051,3.94912718562963,1.01427,0.76614,0.80849,0.80623,0.80997
2530.27653,3.95213719980243,1.01417,0.76588,0.80843,0.806,0.80982
2528.34797,3.95515179028146,1.01429,0.7658,0.80828,0.80589,0.80972
2526.4194,3.95817099884524,1.01447,0.76581,0.80817,0.80588,0.80975
2524.49084,3.9611948047314,1.01449,0.76569,0.80811,0.80588,0.80973
2522.56227,3.96422324987839,1.01436,0.76547,0.80811,0.80583,0.8096
2520.63371,3.96725631349269,1.0143,0.7653,0.80817,0.8058,0.80959
2518.70514,3.97029403767366,1.01441,0.76529,0.80829,0.80593,0.8098
2516.77658,3.97333640159668,1.01452,0.76544,0.80837,0.80609,0.81002
2514.84802,3.97638343171131,1.01451,0.76562,0.80833,0.80598,0.81007
2512.91945,3.97943515459678,1.01443,0.76563,0.80825,0.80567,0.81
2510.99089,3.98249154938193,1.01435,0.76539,0.8082,0.80551,0.80986
2509.06232,3.98555265857247,1.01425,0.76507,0.80811,0.80554,0.80969
2507.13376,3.9886184612663,1.01427,0.76492,0.80803,0.80548,0.80958
2505.20519,3.99168900013336,1.01444,0.76493,0.80794,0.80525,0.8095
2503.27663,3.99476425424065,1.01452,0.76492,0.80782,0.80501,0.80938
2501.34806,3.99784426642328,1.01441,0.76472,0.8077,0.80491,0.80929
2499.4195,4.00092901571745,1.01425,0.76449,0.8076,0.80494,0.80925
2497.49094,4.00401852909224,1.01421,0.76451,0.80756,0.80502,0.80924
2495.56237,4.0071128336496,1.01426,0.76459,0.80755,0.80504,0.80921
2493.63381,4.0102119083796,1.01418,0.76445,0.80748,0.80497,0.80912
2491.70524,4.01331579653459,1.01413,0.76426,0.80743,0.80495,0.8091
2489.77668,4.01642447707399,1.0142,0.76413,0.80741,0.80503,0.80911
2487.84811,4.01953799341874,1.01421,0.76402,0.80744,0.80514,0.80899
2485.91955,4.02265632449771,1.01414,0.76393,0.80757,0.80516,0.80886
2483.99098,4.02577951390146,1.01405,0.76379,0.80755,0.80496,0.80878
2482.06242,4.02890754052833,1.01382,0.76356,0.80725,0.80455,0.80867
2480.13386,4.03204043188217,1.01356,0.76332,0.8069,0.80425,0.80854
2478.20529,4.03517821560295,1.01354,0.7632,0.80673,0.80432,0.80855
2476.27673,4.03832087054342,1.01382,0.76327,0.80681,0.80456,0.80867
2474.34816,4.04146844072259,1.0141,0.76337,0.807,0.80469,0.80874
2472.4196,4.0446209049629,1.01415,0.76331,0.80711,0.80471,0.80872
2470.49103,4.04777830745656,1.01417,0.76312,0.80714,0.80472,0.80866
2468.56247,4.05094062699576,1.01429,0.76292,0.80712,0.80473,0.80863
2466.63391,4.05410789151115,1.01437,0.76273,0.80695,0.80463,0.80858
2464.70534,4.05728012907214,1.01431,0.76256,0.80675,0.8044,0.80846
2462.77678,4.06045731842575,1.01419,0.76247,0.80667,0.8042,0.80832
2460.84821,4.06363950420168,1.0141,0.76244,0.80667,0.80411,0.80819
2458.91965,4.06682666511694,1.01409,0.76229,0.80671,0.80395,0.80822
2456.99108,4.07001884597807,1.01423,0.76216,0.80679,0.80386,0.80847
2455.06252,4.07321602547213,1.01433,0.76226,0.80676,0.80403,0.80863
2453.13395,4.07641824858361,1.01417,0.76237,0.80651,0.80412,0.8085
2451.20539,4.07962549396972,1.01395,0.76229,0.80619,0.80399,0.80827
2449.27683,4.08283779012436,1.01389,0.7621,0.80593,0.8039,0.80802
2447.34826,4.08605516568369,1.01388,0.76185,0.80576,0.80389,0.80775
2445.4197,4.08927759926036,1.01386,0.76166,0.8058,0.80384,0.80756
2443.49113,4.09250513628834,1.01399,0.76162,0.80602,0.8038,0.80752
2441.56257,4.09573775535067,1.01424,0.76164,0.80618,0.80385,0.80757
2439.634,4.09897550206302,1.0144,0.76161,0.80618,0.80382,0.80757
2437.70544,4.10221835497893,1.01441,0.76156,0.80614,0.80369,0.80747
2435.77687,4.10546635989691,1.01438,0.76151,0.80618,0.80359,0.80741
2433.84831,4.10871949534111,1.0143,0.76138,0.80623,0.80352,0.80742
2431.91975,4.11197779038556,1.01415,0.76115,0.80605,0.80343,0.80739
2429.99118,4.11524127425022,1.01401,0.76095,0.80564,0.8033,0.80728
2428.06262,4.11850992541535,1.01401,0.76083,0.80541,0.80323,0.80715
2426.13405,4.12178379014136,1.0142,0.76078,0.8056,0.80329,0.80706
2424.20549,4.12506284687937,1.01435,0.76066,0.80589,0.80325,0.80703
2422.27692,4.12834714207656,1.01427,0.76045,0.80593,0.80314,0.8071
2420.34836,4.13163665415503,1.01413,0.76033,0.8059,0.80326,0.80731
2418.41979,4.13493142974984,1.01415,0.76034,0.80585,0.80347,0.8075
2416.49123,4.13823144725421,1.0142,0.76025,0.80561,0.80344,0.80743
2414.56267,4.14153673633992,1.01421,0.76004,0.80537,0.8033,0.80715
2412.6341,4.14484732682838,1.01424,0.75986,0.80528,0.80319,0.8069
2410.70554,4.14816319706969,1.01419,0.75971,0.8052,0.80297,0.80681
2408.77697,4.1514843941737,1.01413,0.75959,0.80511,0.80267,0.80677
2406.84841,4.1548108964619,1.01417,0.75956,0.8051,0.8025,0.80666
2404.91984,4.15814275123615,1.01422,0.75955,0.80507,0.80255,0.8065
2402.99128,4.16147993678945,1.01421,0.7594,0.805,0.80255,0.80634
2401.06271,4.16482250061682,1.0141,0.7592,0.80499,0.80245,0.80625
2399.13415,4.16817042098292,1.01398,0.75905,0.80496,0.8025,0.80622
2397.20559,4.17152372817552,1.0139,0.75897,0.80481,0.80257,0.80619
2395.27702,4.1748824526359,1.01378,0.75889,0.80463,0.80236,0.80608
2393.34846,4.17824657258643,1.01357,0.75878,0.80451,0.80205,0.80586
2391.41989,4.18161613601031,1.01319,0.75854,0.80437,0.80186,0.8056
2389.49133,4.18499112110191,1.01226,0.75816,0.80395,0.8016,0.80518
2387.56276,4.18837157604184,1.01019,0.75783,0.80324,0.80099,0.80434
2385.6342,4.19175747899657,1.00651,0.75762,0.80232,0.79981,0.80298
2383.70563,4.19514887834535,1.00118,0.75735,0.8011,0.7981,0.80125
2381.77707,4.19854575222693,0.99431,0.75691,0.7995,0.79604,0.799
2379.84851,4.20194813156406,0.98566,0.75638,0.79754,0.79365,0.79602
2377.91994,4.20535604743699,0.97465,0.75589,0.79529,0.791,0.79278
2375.99138,4.20876947794314,0.9608,0.75566,0.7927,0.78839,0.79004
2374.06281,4.21218847196381,0.94422,0.75742,0.79107,0.78682,0.78819
2372.13425,4.21561300756903,0.92522,0.76448,0.7941,0.78855,0.78844
2370.20568,4.21904313384314,0.90221,0.7786,0.80447,0.7974,0.79455
2368.27712,4.22247882882895,0.87173,0.80053,0.82239,0.81877,0.81288
2366.34855,4.22592014181512,0.83467,0.83535,0.85172,0.85791,0.85158
2364.41999,4.2293670508174,0.79361,0.88595,0.89697,0.91066,0.9078
2362.49143,4.23281958741328,0.74785,0.94031,0.94574,0.95484,0.95378
2360.56286,4.23627778334189,0.72963,0.97212,0.97043,0.96531,0.96354
2358.6343,4.23974161657871,0.7723,0.94329,0.94219,0.92452,0.92299
2356.70573,4.24321113692884,0.83122,0.87009,0.87736,0.85958,0.85893
2354.77717,4.24668632234107,0.87313,0.80825,0.82679,0.81478,0.81298
2352.8486,4.25016722282938,0.90673,0.77374,0.80196,0.79398,0.79095
2350.92004,4.2536538163161,0.92733,0.7608,0.79317,0.7869,0.78453
2348.99147,4.25714615302541,0.93292,0.75787,0.79075,0.78488,0.78356
2347.06291,4.2606442108533,0.92547,0.76032,0.79154,0.78556,0.78471
2345.13435,4.26414802205255,0.90508,0.76943,0.79608,0.79025,0.78921
2343.20578,4.26765761904189,0.88262,0.78338,0.80379,0.79781,0.79586
2341.27722,4.27117297967816,0.87725,0.78897,0.81007,0.8005,0.79803
2339.34865,4.27469415471696,0.88097,0.78411,0.81207,0.79894,0.79787
2337.42009,4.27822112198924,0.88399,0.77811,0.80971,0.79771,0.79704
2335.49152,4.28175393246557,0.88975,0.77628,0.80679,0.79588,0.79464
2333.56296,4.28529256395122,0.89984,0.7776,0.80629,0.79278,0.79321
2331.6344,4.28883704923894,0.90825,0.77787,0.80523,0.7905,0.79347
2329.70583,4.29238742129087,0.91078,0.77372,0.80051,0.78862,0.7922
2327.77727,4.29594365787411,0.91226,0.76633,0.79543,0.78621,0.78827
2325.8487,4.29950581050264,0.91956,0.76031,0.79373,0.78477,0.78497
2323.92014,4.30307385691834,0.93087,0.75751,0.79286,0.78452,0.78383
2321.99157,4.30664784885502,0.9407,0.75605,0.79066,0.78417,0.78356
2320.06301,4.31022776402957,0.9479,0.75477,0.78933,0.78386,0.7837
2318.13444,4.31381365439703,0.95414,0.75382,0.78968,0.78442,0.7843
2316.20588,4.31740549764946,0.9598,0.75291,0.7903,0.78538,0.78527
2314.27732,4.32100332729355,0.96414,0.75169,0.79048,0.78565,0.78621
2312.34875,4.32460717700996,0.96731,0.75048,0.79046,0.78537,0.7867
2310.42019,4.3282170244539,0.97077,0.74987,0.79071,0.78569,0.78734
2308.49162,4.33183292213987,0.97564,0.74981,0.79146,0.78682,0.78866
2306.56306,4.33545484769881,0.98121,0.74988,0.79264,0.78823,0.79036
2304.63449,4.33908285387155,0.98568,0.74978,0.79375,0.78944,0.79176
2302.70593,4.34271691826494,0.98855,0.74964,0.79442,0.79025,0.79262
2300.77736,4.34635709384762,0.99097,0.74985,0.79489,0.79095,0.79329
2298.8488,4.35000335820259,0.99341,0.75021,0.79531,0.79163,0.79394
2296.92024,4.35365574557347,0.99544,0.75031,0.79557,0.79212,0.79451
2294.99167,4.35731429038259,0.99725,0.75021,0.79575,0.79247,0.79523
2293.06311,4.36097897017758,0.99943,0.7502,0.79604,0.79292,0.79617
2291.13454,4.36464983850316,1.00206,0.75034,0.79655,0.79369,0.79711
2289.20598,4.36832687288367,1.00474,0.75058,0.79731,0.79466,0.79797
2287.27741,4.37201012709691,1.00714,0.75086,0.79809,0.7955,0.79887
2285.34885,4.3756995786442,1.00907,0.75105,0.79866,0.7961,0.79969
2283.42028,4.37939528153792,1.01012,0.75104,0.79892,0.79636,0.8001
2281.49172,4.3830972132566,1.01009,0.75088,0.79883,0.7962,0.80007
2279.56316,4.38680540880473,1.00954,0.75064,0.79865,0.79595,0.79986
2277.63459,4.39051990337045,1.00917,0.75038,0.79857,0.79585,0.79961
2275.70603,4.39424067439853,1.00905,0.75008,0.79847,0.7957,0.79926
2273.77746,4.39796777649472,1.00909,0.74984,0.79821,0.79543,0.79898
2271.8489,4.40170118708159,1.00923,0.74968,0.79789,0.79517,0.7989
2269.92033,4.40544096100501,1.00926,0.74951,0.79773,0.79498,0.79887
2267.99177,4.40918707566562,1.00923,0.74937,0.79773,0.79492,0.79886
2266.0632,4.412939586151,1.0094,0.74932,0.79782,0.79504,0.799
2264.13464,4.41669846984012,1.00985,0.74935,0.79793,0.79526,0.79915
2262.20608,4.42046376252335,1.01029,0.74939,0.79787,0.79531,0.79917
2260.27751,4.4242355001798,1.01054,0.7493,0.79767,0.79518,0.79912
2258.34895,4.42801366015646,1.01077,0.74906,0.7976,0.79509,0.79903
2256.42038,4.43179829815223,1.01114,0.7488,0.79768,0.79513,0.79903
2254.49182,4.43558939149311,1.01148,0.74859,0.79769,0.79515,0.79909
2252.56325,4.43938699612541,1.01162,0.74847,0.79771,0.79508,0.79906
2250.63469,4.44319108935444,1.01179,0.74843,0.79779,0.79503,0.79898
2248.70612,4.44700172737556,1.0122,0.74837,0.79779,0.7951,0.799
2246.77756,4.45081888747367,1.01266,0.74826,0.79771,0.79525,0.79912
2244.849,4.45464260625102,1.01295,0.74816,0.79768,0.79542,0.79922
2242.92043,4.45847292050392,1.01315,0.74803,0.79764,0.79543,0.79925
2240.99187,4.46230980748717,1.01327,0.74787,0.79753,0.79522,0.79919
2239.0633,4.46615332402617,1.01325,0.74775,0.79737,0.79492,0.79907
2237.13474,4.47000344735606,1.01325,0.74771,0.7973,0.79477,0.79899
2235.20617,4.47386023455725,1.01343,0.74766,0.79737,0.79479,0.79889
2233.27761,4.47772366284548,1.01366,0.7475,0.79743,0.7948,0.79872
2231.34904,4.48159378955791,1.01377,0.74727,0.79744,0.79471,0.79866
2229.42048,4.48547059189122,1.01384,0.74702,0.7973,0.79463,0.79873
2227.49192,4.48935410728673,1.0139,0.7468,0.797,0.79453,0.79871
2225.56335,4.49324437338528,1.01381,0.74661,0.79673,0.79439,0.7986
2223.63479,4.49714136735556,1.01378,0.74644,0.7967,0.79434,0.79853
2221.70622,4.50104514718422,1.01393,0.7463,0.79673,0.79431,0.79845
2219.77766,4.50495569002168,1.01405,0.74619,0.79663,0.79422,0.7983
2217.84909,4.50887305411749,1.01405,0.74597,0.7964,0.79407,0.79813
2215.92053,4.51279721660415,1.01396,0.74566,0.79615,0.79378,0.79795
2213.99196,4.51672823599594,1.01386,0.74541,0.79597,0.79348,0.79776
2212.0634,4.52066608940775,1.01382,0.74522,0.79587,0.79339,0.79758
2210.13484,4.52461081514827,1.01379,0.74505,0.79579,0.7934,0.79745
2208.20627,4.52856245173147,1.0138,0.74494,0.79577,0.79332,0.79737
2206.27771,4.53252097624646,1.01395,0.74494,0.79585,0.79318,0.79731
2204.34914,4.53648644787731,1.01415,0.74492,0.79588,0.79312,0.79725
2202.42058,4.54045884369642,1.01436,0.74478,0.79574,0.79312,0.79721
2200.49201,4.54443822315901,1.01458,0.74458,0.79556,0.79316,0.79717
2198.56345,4.54842456332111,1.01465,0.74444,0.79544,0.79321,0.79715
2196.63488,4.55241792391096,1.01444,0.74428,0.79531,0.79304,0.79711
2194.70632,4.55641828196859,1.01421,0.74402,0.79519,0.79271,0.79698
2192.77776,4.56042567669968,1.01407,0.74379,0.79503,0.79246,0.79676
2190.84919,4.56444014752106,1.01392,0.74363,0.79484,0.79232,0.79647
2188.92063,4.56846167144946,1.01383,0.74349,0.79467,0.79221,0.79622
2186.99206,4.572490308904,1.01391,0.74336,0.79442,0.79204,0.79605
2185.0635,4.57652603688634,1.01403,0.74326,0.79419,0.7918,0.79592
2183.13493,4.58056891609535,1.01407,0.74313,0.79406,0.79165,0.79579
2181.20637,4.584618923518,1.01412,0.74296,0.79395,0.79163,0.79577
2179.27781,4.5886760990789,1.01414,0.74271,0.79382,0.79156,0.79579
2177.34924,4.59274048291858,1.01402,0.74232,0.79368,0.79143,0.79564
2175.42068,4.59681205200274,1.01394,0.742,0.79356,0.79136,0.79547
2173.49211,4.60089086773819,1.0141,0.74187,0.79348,0.79129,0.7955
2171.56355,4.60497690707693,1.01435,0.74184,0.79347,0.79109,0.79558
2169.63498,4.60907023171243,1.01444,0.7418,0.79344,0.79089,0.79553
2167.70642,4.61317081858345,1.01435,0.74169,0.7933,0.79086,0.7954
2165.77785,4.61727872967211,1.01419,0.7414,0.79312,0.79088,0.79519
2163.84929,4.62139394190434,1.0141,0.74109,0.79297,0.79075,0.79494
2161.92073,4.62551649615756,1.0141,0.74098,0.79287,0.79057,0.79482
2159.99216,4.6296464335315,1.01411,0.74089,0.79286,0.79051,0.79479
2158.0636,4.6337837309336,1.0141,0.74069,0.79284,0.79051,0.79467
2156.13503,4.63792845107665,1.01414,0.74054,0.7927,0.79044,0.79447
2154.20647,4.64208057085633,1.01421,0.74042,0.79247,0.79022,0.79431
2152.2779,4.64624015328132,1.01423,0.74018,0.79225,0.78989,0.79424
2150.34934,4.650407175236,1.0142,0.73996,0.79216,0.78968,0.7942
2148.42077,4.65458170002704,1.01413,0.73983,0.79218,0.78965,0.79403
2146.49221,4.65876370452796,1.01408,0.73962,0.79214,0.78958,0.79374
2144.56365,4.66295323060241,1.01418,0.73934,0.79199,0.78944,0.79345
2142.63508,4.66715032034293,1.01434,0.73919,0.79184,0.78931,0.79325
2140.70652,4.67135495060762,1.01444,0.73917,0.79171,0.7893,0.79327
2138.77795,4.67556718545747,1.0144,0.73913,0.79155,0.78933,0.79336
2136.84939,4.67978700174092,1.01417,0.73891,0.79138,0.78916,0.79321
2134.92082,4.68401446382447,1.01393,0.73857,0.79122,0.78873,0.79285
2132.99226,4.68824954854735,1.01393,0.73834,0.79115,0.78831,0.79261
2131.06369,4.69249232058381,1.01415,0.73822,0.79119,0.78817,0.79259
2129.13513,4.69674275676434,1.01438,0.73807,0.79125,0.78827,0.79267
2127.20657,4.70100089997372,1.01453,0.73789,0.7911,0.78833,0.79273
2125.278,4.70526679333245,1.01446,0.73764,0.79069,0.78817,0.79254
2123.34944,4.7095404136589,1.01419,0.73738,0.79024,0.78794,0.79223
2121.42087,4.71382182640638,1.01396,0.73724,0.79006,0.78781,0.79214
2119.49231,4.71811100838578,1.01389,0.73713,0.79009,0.78771,0.79213
2117.56374,4.72240802536598,1.01391,0.73689,0.79,0.78757,0.79189
2115.63518,4.72671285415097,1.0139,0.73647,0.78974,0.78738,0.79154
2113.70661,4.73102556082748,1.01387,0.73609,0.78955,0.7871,0.79139
2111.77805,4.7353461221931,1.01397,0.73603,0.78948,0.7869,0.79147
2109.84949,4.73967458219022,1.01418,0.73619,0.78941,0.78687,0.79149
2107.92092,4.74401098500412,1.0143,0.73622,0.78925,0.78674,0.79121
2105.99236,4.74835530742381,1.01419,0.73598,0.78901,0.78638,0.79082
2104.06379,4.75270761634085,1.01408,0.7356,0.78886,0.78608,0.79065
2102.13523,4.75706788853922,1.01414,0.73519,0.78885,0.78604,0.79068
2100.20666,4.76143619123653,1.01415,0.73488,0.78877,0.78607,0.79062
2098.2781,4.7658125012123,1.01403,0.73475,0.78851,0.78598,0.79039
2096.34953,4.77019688601261,1.01393,0.73464,0.78829,0.78581,0.7901
2094.42097,4.77458932241306,1.01376,0.73433,0.78815,0.78562,0.78986
2092.49241,4.77898985545185,1.01348,0.73387,0.78798,0.78536,0.78964
2090.56384,4.78339853041752,1.01343,0.73355,0.78786,0.78512,0.78947
2088.63528,4.7878153240809,1.0137,0.73344,0.78782,0.78504,0.7894
2086.70671,4.79224030481984,1.01391,0.73338,0.78771,0.78506,0.78934
2084.77815,4.79667344940276,1.01385,0.73324,0.78742,0.78498,0.78914
2082.84958,4.80111482654451,1.01365,0.73303,0.7871,0.78478,0.78893
2080.92102,4.8055644130117,1.01354,0.7328,0.78692,0.78458,0.78885
2078.99245,4.81002227785868,1.01356,0.73259,0.78689,0.78444,0.78879
2077.06389,4.81448839785087,1.01366,0.73241,0.78686,0.78429,0.78868
2075.13533,4.81896281916226,1.01368,0.73215,0.78677,0.78412,0.78856
2073.20676,4.82344558822488,1.01365,0.73181,0.78664,0.78396,0.78837
2071.2782,4.82793668180354,1.01366,0.73157,0.78641,0.78376,0.78821
2069.34963,4.83243616981245,1.01366,0.73143,0.7861,0.78356,0.78815
2067.42107,4.83694402901679,1.01351,0.73128,0.78579,0.7834,0.78798
2065.4925,4.84146032967924,1.01324,0.73108,0.78551,0.78317,0.78756
2063.56394,4.84598504856603,1.01322,0.73088,0.78537,0.78295,0.78728
2061.63537,4.85051825629088,1.01347,0.73077,0.78542,0.78289,0.78734
2059.70681,4.85505992962173,1.01375,0.73073,0.78549,0.78288,0.7875
2057.77825,4.85961011591021,1.01397,0.73057,0.78548,0.78286,0.78761
2055.84968,4.86416886277405,1.01403,0.73018,0.78535,0.78278,0.78758
2053.92112,4.86873614698504,1.01395,0.72977,0.78514,0.78262,0.78732
2051.99255,4.87331204004615,1.01388,0.72954,0.78492,0.78248,0.787
2050.06399,4.87789651873257,1.01387,0.72945,0.78464,0.7824,0.78687
2048.13542,4.88248965490768,1.01383,0.72931,0.78433,0.78225,0.78678
2046.20686,4.88709142535081,1.01376,0.72909,0.78417,0.78205,0.78647
2044.2783,4.89170187835971,1.0137,0.72886,0.78412,0.78189,0.78609
2042.34973,4.89632106250481,1.01358,0.72861,0.78397,0.78172,0.78586
2040.42117,4.90094895457294,1.01354,0.72835,0.78376,0.78151,0.78585
2038.4926,4.90558562734052,1.01361,0.72812,0.78358,0.78133,0.78586
2036.56404,4.91023105760033,1.0136,0.72789,0.78339,0.7812,0.78568
2034.63547,4.91488531849885,1.01353,0.72766,0.7832,0.78106,0.78537
2032.70691,4.91954838683556,1.01361,0.7275,0.7831,0.78083,0.78514
2030.77834,4.92422033612984,1.01382,0.72729,0.78304,0.78064,0.78506
2028.84978,4.92890114318863,1.01396,0.72691,0.78295,0.78059,0.78506
2026.92122,4.93359085756673,1.01402,0.72658,0.78287,0.78049,0.78503
2024.99265,4.93828952910027,1.01389,0.72644,0.78274,0.78014,0.78486
2023.06409,4.94299713460882,1.01345,0.72626,0.78237,0.77962,0.78455
2021.13552,4.94771374855655,1.01295,0.72593,0.78187,0.77914,0.78418
2019.20696,4.95243934777246,1.01263,0.72562,0.78143,0.77882,0.78386
2017.27839,4.9571740071037,1.01267,0.72539,0.78121,0.77879,0.7837
2015.34983,4.96191770338949,1.013,0.72521,0.78115,0.77897,0.78367
2013.42126,4.96667051186298,1.01318,0.72494,0.78104,0.77901,0.7836
2011.4927,4.97143240937439,1.01314,0.72463,0.78095,0.77889,0.78343
2009.56414,4.97620344678324,1.01313,0.7244,0.78099,0.77874,0.78324
2007.63557,4.98098367523943,1.01324,0.72423,0.78108,0.77856,0.78315
2005.70701,4.98577307161129,1.0134,0.72405,0.78102,0.77832,0.78312
2003.77844,4.99057171211005,1.01354,0.7239,0.78081,0.77816,0.78302
2001.84988,4.99537957361718,1.01362,0.72371,0.78054,0.7781,0.78282
1999.92131,5.00019673274045,1.01363,0.72348,0.78026,0.77801,0.78259
1997.99275,5.00502316637535,1.01363,0.7233,0.78006,0.77787,0.78239
1996.06418,5.0098589515293,1.01352,0.72313,0.77993,0.77771,0.78208
1994.13562,5.01470406511268,1.01309,0.72285,0.7797,0.77734,0.78162
1992.20706,5.01955855933971,1.01268,0.72261,0.77944,0.77688,0.78131
1990.27849,5.02442248672446,1.01281,0.72246,0.77923,0.77665,0.78133
1988.34993,5.02929582420133,1.01323,0.72228,0.77902,0.77664,0.78149
1986.42136,5.0341786497906,1.01359,0.72215,0.77882,0.7767,0.78156
1984.4928,5.03907094044383,1.01381,0.72206,0.77872,0.77677,0.78147
1982.56423,5.04397277459203,1.01381,0.72174,0.77862,0.77672,0.78122
1980.63567,5.04888412920484,1.01366,0.7213,0.77846,0.77646,0.78092
1978.7071,5.05380508312726,1.01353,0.72096,0.77829,0.77612,0.78073
1976.77854,5.05873561334797,1.01353,0.72069,0.77816,0.77586,0.78066
1974.84998,5.06367577348837,1.0135,0.72043,0.77806,0.77574,0.78054
1972.92141,5.06862561747961,1.01342,0.72019,0.77791,0.77565,0.78033
1970.99285,5.07358512234075,1.01331,0.72,0.77773,0.77547,0.78017
1969.06428,5.07855436796609,1.0129,0.71975,0.77748,0.77508,0.7799
1967.13572,5.08353333139617,1.01256,0.71947,0.77721,0.77465,0.77948
1965.20715,5.08852209295086,1.0128,0.71923,0.77697,0.77445,0.77921
1963.27859,5.09352062969321,1.01325,0.71894,0.77662,0.77433,0.77912
1961.35002,5.09852902237205,1.01349,0.71864,0.77629,0.77414,0.77902
1959.42146,5.10354724807393,1.01354,0.71844,0.77609,0.77401,0.77885
1957.4929,5.10857536188254,1.01344,0.71821,0.77597,0.77394,0.77856
1955.56433,5.11361341920161,1.01329,0.71802,0.77593,0.77373,0.77828
1953.63577,5.11866139715491,1.01324,0.71798,0.77589,0.77343,0.77819
1951.7072,5.12371937757877,1.01336,0.71788,0.77577,0.77318,0.77822
1949.77864,5.12878733762311,1.01348,0.71761,0.77554,0.77301,0.77817
1947.85007,5.13386535956538,1.0133,0.71729,0.7752,0.7728,0.77787
1945.92151,5.13895342058273,1.0127,0.71694,0.7748,0.77246,0.77733
1943.99294,5.14405160339728,1.01202,0.7166,0.77443,0.77209,0.77684
1942.06438,5.14915988521452,1.01201,0.71633,0.77422,0.77194,0.77663
1940.13582,5.15427832263826,1.01274,0.7161,0.77419,0.77199,0.77667
1938.20725,5.15940697260316,1.01326,0.71582,0.77418,0.7719,0.77667
1936.27869,5.16454581235927,1.01338,0.71553,0.7741,0.77161,0.77658
1934.35012,5.16969492575625,1.01353,0.7153,0.77397,0.77142,0.77652
1932.42156,5.1748542900753,1.01369,0.71513,0.77382,0.7714,0.77645
1930.49299,5.1800239896235,1.01361,0.715,0.77367,0.77135,0.77627
1928.56443,5.18520400171438,1.01334,0.71485,0.77342,0.77117,0.776
1926.63586,5.19039441111617,1.01287,0.71454,0.77304,0.77084,0.77569
1924.7073,5.19559519517591,1.01208,0.71412,0.77257,0.77027,0.77532
1922.77874,5.20080641207839,1.01148,0.71377,0.77222,0.76975,0.775
1920.85017,5.20602812035048,1.01143,0.7135,0.77206,0.76952,0.77484
1918.92161,5.21126029739172,1.0116,0.71329,0.77193,0.76934,0.77468
1916.99304,5.21650302913985,1.01215,0.71319,0.77184,0.76925,0.77456
1915.06448,5.22175629303093,1.01291,0.7131,0.7718,0.76934,0.77465
1913.13591,5.22702017547724,1.01307,0.7128,0.77163,0.76925,0.77463
1911.20735,5.23229465395265,1.01252,0.71228,0.77119,0.76888,0.77416
1909.27878,5.23757981534787,1.01209,0.71182,0.77065,0.76855,0.7736
1907.35022,5.24287563717585,1.01236,0.71162,0.77036,0.76841,0.77354
1905.42166,5.2481821792663,1.01279,0.71151,0.77034,0.76821,0.7737
1903.49309,5.25349950180276,1.01298,0.71131,0.77039,0.76799,0.77357
1901.56453,5.25882758235925,1.01321,0.71107,0.7705,0.76799,0.7733
1899.63596,5.26416650903997,1.01341,0.71083,0.77056,0.76801,0.77313
1897.7074,5.26951625946129,1.01307,0.71052,0.7703,0.76768,0.7729
1895.77883,5.27487692221988,1.01244,0.71014,0.76983,0.76718,0.77257
1893.85027,5.2802484749758,1.01225,0.70989,0.76949,0.76685,0.77232
1891.92171,5.28563097888443,1.01217,0.70976,0.76926,0.76656,0.77199
1889.99314,5.29102449546457,1.01206,0.70957,0.76905,0.76625,0.77154
1888.06458,5.2964290024444,1.01252,0.70935,0.76896,0.76613,0.77135
1886.13601,5.30184458966986,1.0131,0.70913,0.76894,0.76618,0.77144
1884.20745,5.3072712349163,1.01327,0.70889,0.76885,0.76616,0.77143
1882.27888,5.31270902853673,1.01331,0.70862,0.7686,0.766,0.77124
1880.35032,5.31815794835507,1.01342,0.70832,0.76831,0.76585,0.77098
1878.42175,5.32361808523565,1.01356,0.70804,0.76808,0.76571,0.77072
1876.49319,5.32908941705246,1.0136,0.70779,0.7679,0.76542,0.77048
1874.56463,5.33457200672777,1.01335,0.70746,0.76773,0.76503,0.7702
1872.63606,5.34006591756008,1.01252,0.70708,0.76745,0.76471,0.76978
1870.7075,5.34557112750123,1.01102,0.70677,0.76699,0.76429,0.76917
1868.77893,5.35108772871278,1.01009,0.70654,0.76658,0.76374,0.76864
1866.85037,5.35661569920036,1.01094,0.70636,0.76641,0.76344,0.76862
1864.9218,5.36215513165217,1.01221,0.70618,0.76629,0.7634,0.76881
1862.99324,5.36770600412914,1.01276,0.70595,0.7662,0.76341,0.76881
1861.06467,5.37326840985058,1.01284,0.70566,0.76621,0.76342,0.76868
1859.13611,5.37884232693431,1.01292,0.70534,0.76612,0.76329,0.76852
1857.20755,5.3844278201432,1.0132,0.70513,0.76585,0.76306,0.76834
1855.27898,5.39002495462974,1.01358,0.70508,0.76559,0.76296,0.76824
1853.35042,5.39563370860002,1.01371,0.70494,0.76542,0.76288,0.76817
1851.42185,5.40125417662107,1.01334,0.7046,0.76521,0.76264,0.76788
1849.49329,5.40688633695989,1.01246,0.70418,0.76487,0.76223,0.7674
1847.56472,5.4125302847307,1.01125,0.70373,0.76445,0.76174,0.76687
1845.63616,5.41818599826306,1.01012,0.70335,0.76405,0.76125,0.76634
1843.70759,5.42385357322307,1.01027,0.70303,0.76374,0.76098,0.7661
1841.77903,5.42953298800454,1.01159,0.70277,0.76355,0.76102,0.76627
1839.85047,5.43522430928857,1.01244,0.70265,0.76342,0.76112,0.76641
1837.9219,5.44092760415989,1.01252,0.70255,0.76324,0.76114,0.76629
1835.99334,5.44664285111187,1.01258,0.70233,0.76309,0.76103,0.76617
1834.06477,5.45237014721132,1.01249,0.70201,0.76297,0.76068,0.76611
1832.13621,5.45810947102017,1.0115,0.70162,0.76272,0.76002,0.76569
1830.20764,5.46386092017406,1.01039,0.70126,0.76234,0.75939,0.76497
1828.27908,5.46962447330525,1.01045,0.70103,0.76209,0.75926,0.76463
1826.35051,5.47540022862315,1.01073,0.70075,0.76189,0.75926,0.76447
1824.42195,5.48118816483216,1.01104,0.70032,0.76166,0.75905,0.76414
1822.49339,5.48698835061344,1.01191,0.70006,0.76164,0.75893,0.76402
1820.56482,5.49280085506651,1.0126,0.70002,0.76164,0.75891,0.76401
1818.63626,5.49862565700741,1.01273,0.69994,0.76148,0.75877,0.76383
1816.70769,5.50446285610207,1.01285,0.69972,0.76133,0.75857,0.76368
1814.77913,5.51031243124336,1.01287,0.69945,0.76122,0.75838,0.7637
1812.85056,5.51617448268874,1.0123,0.69917,0.76089,0.75813,0.76364
1810.922,5.52204898940982,1.01181,0.69887,0.76052,0.75789,0.76348
1808.99343,5.52793605226084,1.01215,0.69856,0.76042,0.75777,0.76335
1807.06487,5.53383565029406,1.01263,0.69832,0.76038,0.75763,0.7632
1805.13631,5.539747854277,1.0124,0.69817,0.76011,0.75729,0.76287
1803.20774,5.54567273541095,1.0114,0.69801,0.75961,0.75681,0.76232
1801.27918,5.55161027287286,1.01048,0.69768,0.75912,0.75638,0.76174
1799.35061,5.55756056903218,1.01041,0.69713,0.75883,0.75607,0.76147
1797.42205,5.56352360315153,1.01051,0.69664,0.75861,0.75585,0.76139
1795.49348,5.56949947821587,1.01,0.69639,0.75833,0.75564,0.76117
1793.56492,5.57548817357556,1.00897,0.69619,0.75802,0.75527,0.76063
1791.63635,5.58148979283659,1.00909,0.69593,0.75794,0.75501,0.76016
1789.70779,5.58750431543912,1.01093,0.69573,0.75808,0.75529,0.76023
1787.77923,5.5935318143281,1.01224,0.6955,0.75799,0.75551,0.76033
1785.85066,5.59957236289848,1.01237,0.69524,0.75769,0.75527,0.76024
1783.9221,5.60562594072914,1.01206,0.69506,0.75747,0.75488,0.76011
1781.99353,5.61169265300307,1.0116,0.69491,0.75731,0.75454,0.75984
1780.06497,5.61777247939439,1.01123,0.69468,0.75711,0.75414,0.75945
1778.1364,5.62386552572682,1.01104,0.69436,0.75691,0.75375,0.75913
1776.20784,5.62997177177193,1.01032,0.69407,0.75662,0.75342,0.75888
1774.27927,5.63609132399997,1.00871,0.69385,0.75614,0.75301,0.75852
1772.35071,5.64222416228219,1.00748,0.69338,0.7555,0.75237,0.75803
1770.42215,5.64837036183715,1.00826,0.6928,0.75522,0.75197,0.75778
1768.49358,5.65452999835035,1.01008,0.69258,0.75544,0.75209,0.75793
1766.56502,5.66070305184691,1.01163,0.69254,0.75568,0.75244,0.75816
1764.63645,5.66688963043918,1.01192,0.69239,0.75557,0.75261,0.7581
1762.70789,5.67308971425776,1.01106,0.6921,0.75509,0.75238,0.75766
1760.77932,5.67930341208233,1.01051,0.69183,0.75459,0.752,0.75724
1758.85076,5.68553070415139,1.01055,0.69173,0.75434,0.75175,0.7571
1756.9222,5.69177166752176,1.01088,0.69161,0.75428,0.75163,0.75709
1754.99363,5.69802637973108,1.01116,0.69126,0.75419,0.7515,0.75699
1753.06507,5.70429482118425,1.00999,0.69081,0.75386,0.75103,0.75651
1751.1365,5.7105771023561,1.00741,0.69049,0.7533,0.75023,0.75553
1749.20794,5.71687320376559,1.00606,0.6902,0.75276,0.74956,0.75464
1747.27937,5.72318323657653,1.00679,0.68979,0.75254,0.74925,0.75447
1745.35081,5.72950718142446,1.00773,0.68942,0.7525,0.74905,0.75465
1743.42224,5.73584515016856,1.0083,0.68924,0.75248,0.74899,0.75475
1741.49368,5.74219712356349,1.00876,0.68921,0.75251,0.74916,0.75478
1739.56512,5.74856318112426,1.00933,0.68919,0.75246,0.74942,0.75484
1737.63655,5.75494340286523,1.00936,0.68907,0.75223,0.74945,0.75484
1735.70799,5.76133776972473,1.00779,0.68884,0.75178,0.74896,0.75441
1733.77942,5.76774639532865,1.00607,0.68845,0.7513,0.74807,0.75346
1731.85086,5.77416926074108,1.00728,0.68812,0.75126,0.74779,0.75318
1729.92229,5.78060648030612,1.00966,0.68808,0.75146,0.74813,0.75369
1727.99373,5.78705803521637,1.01148,0.68804,0.7516,0.74854,0.75424
1726.06516,5.79352404054086,1.01204,0.6877,0.75156,0.74861,0.75439
1724.1366,5.80000447760346,1.01172,0.68718,0.75133,0.74834,0.75418
1722.20804,5.80649942848949,1.01112,0.68684,0.751,0.74803,0.75389
1720.27947,5.81300897580322,1.00938,0.68679,0.75071,0.74759,0.75341
1718.35091,5.81953310107072,1.00603,0.68667,0.75027,0.74677,0.75235
1716.42234,5.82607192120326,1.00489,0.68625,0.74964,0.74611,0.7515
1714.49378,5.83262541786533,1.0075,0.68589,0.74951,0.74624,0.75181
1712.56521,5.83919370871723,1.0098,0.6857,0.7497,0.74648,0.75231
1710.63665,5.84577677556482,1.01049,0.68555,0.7497,0.74648,0.75242
1708.70808,5.85237473682456,1.00978,0.68532,0.74939,0.74623,0.75213
1706.77952,5.85898757444664,1.0083,0.68499,0.74882,0.74577,0.7514
1704.85096,5.86561537320541,1.00733,0.68477,0.74835,0.7454,0.75086
1702.92239,5.87225821841476,1.00676,0.68481,0.74834,0.74537,0.75109
1700.99383,5.87891609224708,1.00545,0.68479,0.7485,0.74533,0.75136
1699.06526,5.88558911504082,1.00439,0.6843,0.74823,0.74489,0.75086
1697.1367,5.8922772691204,1.00525,0.68383,0.74782,0.74451,0.75033
1695.20813,5.89898067560589,1.00788,0.68355,0.74785,0.74448,0.7502
1693.27957,5.90569931697694,1.00994,0.68322,0.7479,0.74446,0.75029
1691.351,5.91243331514275,1.00997,0.68292,0.74759,0.74414,0.75019
1689.42244,5.91918265274137,1.00887,0.68265,0.74711,0.74368,0.74979
1687.49388,5.92594741736189,1.00732,0.68242,0.74687,0.74338,0.74934
1685.56531,5.93272769715461,1.00487,0.68224,0.74688,0.74303,0.7487
1683.63675,5.93952347500136,1.00398,0.68188,0.74655,0.74248,0.7478
1681.70818,5.94633487481758,1.00635,0.68148,0.74614,0.74239,0.74778
1679.77962,5.95316187965181,1.00852,0.68132,0.74613,0.74266,0.74839
1677.85105,5.96000461423557,1.00935,0.68127,0.74618,0.74278,0.74886
1675.92249,5.96686306178754,1.00904,0.68123,0.74607,0.74249,0.74881
1673.99392,5.97373734786325,1.00854,0.68112,0.74579,0.7421,0.74849
1672.06536,5.98062745585496,1.00771,0.68076,0.74529,0.74175,0.74806
1670.1368,5.98753347629967,1.00701,0.68021,0.74473,0.74132,0.7475
1668.20823,5.99445550031845,1.00856,0.67992,0.74466,0.74146,0.7475
1666.27967,6.0013935115706,1.01032,0.67996,0.7448,0.74195,0.74779
1664.3511,6.00834763770697,1.01044,0.67995,0.74476,0.74198,0.74769
1662.42254,6.01531786256941,1.01044,0.67986,0.74475,0.74173,0.7475
1660.49397,6.02230431466126,1.0114,0.67968,0.7449,0.74178,0.74762
1658.56541,6.0293069780106,1.01156,0.67933,0.74486,0.74186,0.74762
1656.63684,6.03632598198167,1.00971,0.67904,0.74461,0.74172,0.74733
1654.70828,6.0433613107925,1.00592,0.67911,0.74425,0.7413,0.74686
1652.77972,6.05041305806923,1.00431,0.67906,0.74368,0.7405,0.74609
1650.85115,6.05748131804615,1.00604,0.67838,0.74309,0.73989,0.74551
1648.92259,6.06456607523341,1.00567,0.67784,0.74257,0.73933,0.74507
1646.99402,6.07166746118483,1.0052,0.67758,0.74228,0.7388,0.74483
1645.06546,6.07878546061018,1.00791,0.67751,0.7426,0.73905,0.74531
1643.13689,6.08592020595436,1.0104,0.67741,0.74292,0.73957,0.74578
1641.20833,6.09307168213069,1.01083,0.67717,0.74282,0.73971,0.74578
1639.27976,6.10024002248402,1.00934,0.67684,0.74241,0.7394,0.7454
1637.3512,6.10742521213531,1.00688,0.67663,0.74204,0.73886,0.74482
1635.42264,6.11462734794964,1.00699,0.67654,0.7421,0.73874,0.74455
1633.49407,6.12184652742572,1.00988,0.67633,0.74237,0.73914,0.74489
1631.56551,6.12908273600366,1.01131,0.67612,0.74243,0.73931,0.74516
1629.63694,6.1363361093177,1.011,0.67587,0.74222,0.73904,0.7451
1627.70838,6.143606633026,1.01014,0.6755,0.74177,0.73854,0.74482
1625.77981,6.15089444369469,1.00946,0.67532,0.74146,0.73819,0.74447
1623.85125,6.15819952720423,1.00912,0.67533,0.74147,0.738,0.7441
1621.92269,6.1655219830484,1.00953,0.67524,0.74144,0.73791,0.7439
1619.99412,6.17286191137533,1.00957,0.67508,0.74118,0.73782,0.7438
1618.06556,6.18021929840717,1.00863,0.67497,0.74088,0.73761,0.74359
1616.13699,6.18759428308117,1.00895,0.67491,0.74081,0.73766,0.74357
1614.20843,6.19498685185283,1.01084,0.6748,0.74098,0.73811,0.74384
1612.27986,6.20239714462476,1.01169,0.67461,0.74101,0.73832,0.74392
1610.3513,6.20982514809036,1.01131,0.67434,0.74081,0.73805,0.74376
1608.42273,6.21727100312739,1.01101,0.67418,0.74062,0.73766,0.74372
1606.49417,6.22473469667182,1.01141,0.67424,0.74067,0.73758,0.74395
1604.56561,6.23221633174601,1.01177,0.67432,0.74077,0.73763,0.74416
1602.63704,6.23971601205473,1.01185,0.67421,0.74066,0.73764,0.74412
1600.70848,6.24723372490661,1.01202,0.67399,0.74046,0.73768,0.74391
1598.77991,6.25476961366121,1.01211,0.67383,0.7403,0.73765,0.74367
1596.85135,6.26232366588161,1.01191,0.6737,0.74018,0.73752,0.74352
1594.92278,6.26989602593801,1.01183,0.67354,0.74009,0.73747,0.74345
1592.99422,6.27748668165287,1.01199,0.67339,0.73997,0.73743,0.74334
1591.06565,6.28509577841744,1.01211,0.67327,0.73988,0.73731,0.74326
1589.13709,6.29272330431857,1.01222,0.67312,0.73996,0.73722,0.74333
1587.20853,6.30036936608449,1.0124,0.67298,0.74013,0.73725,0.74346
1585.27996,6.30803407115548,1.01257,0.67295,0.7402,0.73737,0.74361
1583.3514,6.31571740802452,1.01261,0.67302,0.74019,0.73744,0.7438
1581.42283,6.32341952468209,1.01225,0.67308,0.74019,0.73735,0.7438
1579.49427,6.33114040989842,1.0109,0.67309,0.74005,0.73703,0.74344
1577.5657,6.33888021272268,1.00878,0.67316,0.73978,0.73655,0.74279
1575.63714,6.34663892220769,1.0084,0.67332,0.73984,0.73649,0.74251
1573.70857,6.35441668847238,1.00962,0.67337,0.74014,0.73688,0.74287
1571.78001,6.36221350085754,1.0095,0.67338,0.74023,0.73701,0.74315
1569.85145,6.37002946998584,1.00869,0.67337,0.74009,0.73693,0.74314
1567.92288,6.37786470722336,1.00913,0.67337,0.74006,0.73702,0.74316
1565.99432,6.38571920235318,1.00978,0.67344,0.74027,0.73718,0.74325
1564.06575,6.39359310821812,1.00944,0.67347,0.7404,0.73724,0.74325
1562.13719,6.40148641490316,1.00755,0.67349,0.74036,0.73719,0.74313
1560.20862,6.40939927636088,1.00308,0.67368,0.74034,0.73688,0.74263
1558.28006,6.41733168298387,1.00048,0.67364,0.7402,0.73625,0.74176
1556.35149,6.42528378984621,1.00368,0.67324,0.7399,0.73612,0.74191
1554.42293,6.433255587654,1.00635,0.67313,0.73991,0.73644,0.74253
1552.49437,6.44124719112508,1.00768,0.67318,0.74005,0.73686,0.74292
1550.5658,6.44925871575395,1.00819,0.6733,0.74013,0.73729,0.74304
1548.63724,6.45729015272809,1.00847,0.67343,0.74029,0.73772,0.7432
1546.70867,6.4653416599779,1.00742,0.67344,0.74035,0.7377,0.74317
1544.78011,6.47341322901937,1.00419,0.67333,0.74007,0.73697,0.74271
1542.85154,6.48150501894693,1.00019,0.67317,0.73968,0.73605,0.74229
1540.92298,6.4896170216113,0.99846,0.67295,0.73955,0.73577,0.74224
1538.99441,6.49774939728339,1.00246,0.67299,0.73998,0.73652,0.74277
1537.06585,6.50590213815498,1.00617,0.67325,0.74044,0.73718,0.7434
1535.13729,6.51407536325302,1.00668,0.67342,0.74057,0.73728,0.74366
1533.20872,6.52226919241628,1.00653,0.67352,0.74065,0.73733,0.74384
1531.28016,6.53048361836021,1.00758,0.67364,0.74088,0.73763,0.74417
1529.35159,6.5387188043529,1.00778,0.67364,0.74094,0.7377,0.7442
1527.42303,6.54697474346711,1.00633,0.67341,0.74078,0.73744,0.74377
1525.49446,6.55525160019264,1.00448,0.67313,0.74062,0.73723,0.74332
1523.5659,6.5635493679663,1.00257,0.67312,0.74057,0.7372,0.7431
1521.63733,6.5718682125129,1.00147,0.67331,0.74053,0.73723,0.74294
1519.70877,6.58020812764014,1.00229,0.67327,0.7405,0.73716,0.74281
1517.78021,6.58856923691211,1.00342,0.67302,0.74051,0.737,0.74276
1515.85164,6.59695166474207,1.00502,0.67292,0.74078,0.73724,0.74321
1513.92308,6.60535540550713,1.0065,0.67288,0.74116,0.73773,0.7438
1511.99451,6.61378062807913,1.00591,0.67267,0.74127,0.73766,0.7437
1510.06595,6.62222732722369,1.00281,0.67242,0.74115,0.73696,0.74302
1508.13738,6.63069567309578,0.99909,0.67232,0.74109,0.7364,0.7424
1506.20882,6.63918566085677,1.00176,0.67221,0.74112,0.737,0.74284
1504.28025,6.64769746195897,1.0073,0.67204,0.74105,0.73766,0.7437
1502.35169,6.65623107196691,1.00935,0.67186,0.74095,0.73772,0.74414
1500.42313,6.66478661922521,1.00902,0.67149,0.74069,0.7374,0.74415
1498.49456,6.67336423296725,1.00782,0.6709,0.74017,0.7369,0.7437
1496.566,6.68196390937653,1.00816,0.67039,0.73983,0.73671,0.74326
1494.63743,6.69058582321199,1.00976,0.67008,0.7398,0.7369,0.74324
1492.70887,6.69922997107936,1.00961,0.66976,0.73952,0.73679,0.743
1490.7803,6.70789652908615,1.00741,0.66919,0.73885,0.736,0.74211
1488.85174,6.71658549426822,1.00648,0.66844,0.73831,0.73513,0.74135
1486.92317,6.72529704409677,1.00856,0.66787,0.73828,0.73505,0.7416
1484.99461,6.73403117604582,1.0107,0.66741,0.73842,0.73522,0.7421
1483.06605,6.74278802350037,1.01145,0.6668,0.73829,0.73501,0.74202
1481.13748,6.75156772077633,1.01132,0.66606,0.73775,0.73442,0.74135
1479.20892,6.7603702660203,1.01085,0.66531,0.73704,0.73373,0.74054
1477.28035,6.76919584018024,1.00942,0.66444,0.73614,0.73287,0.73962
1475.35179,6.77804444186156,1.00686,0.66346,0.73496,0.73183,0.73836
1473.42322,6.78691625343057,1.00544,0.66248,0.73394,0.7309,0.73717
1471.49466,6.79581127396004,1.00776,0.66143,0.7336,0.73048,0.7369
1469.5661,6.8047296409464,1.01062,0.66053,0.73349,0.73043,0.73718
1467.63753,6.81367149285151,1.01131,0.65977,0.73304,0.73014,0.73708
1465.70897,6.82263682946554,1.01068,0.65884,0.73215,0.72923,0.73626
1463.7804,6.83162583677169,1.01064,0.65761,0.73114,0.72807,0.73508
1461.85184,6.84063851504952,1.01037,0.6563,0.73022,0.7271,0.73406
1459.92327,6.84967505175803,1.00792,0.65486,0.72907,0.72588,0.73279
1457.99471,6.85873544767525,1.00434,0.65302,0.72744,0.72396,0.73085
1456.06614,6.867819891753,1.00538,0.65122,0.72609,0.72249,0.72959
1454.13758,6.876928385277,1.00879,0.65007,0.72539,0.72217,0.72941
1452.20902,6.88606107129124,1.01059,0.64911,0.72471,0.72181,0.72903
1450.28045,6.89521809385213,1.01096,0.64793,0.72383,0.72083,0.72814
1448.35189,6.90439945502471,1.01084,0.64636,0.72268,0.7194,0.72685
1446.42332,6.91360534756865,1.01132,0.64466,0.72141,0.71815,0.7256
1444.49476,6.92283577408062,1.01208,0.64315,0.7202,0.71719,0.72462
1442.56619,6.93209092887447,1.01246,0.64175,0.71903,0.7161,0.72365
1440.63763,6.94137081508832,1.01213,0.64039,0.71792,0.71485,0.72256
1438.70906,6.95067562860833,1.0108,0.63897,0.71673,0.71341,0.72126
1436.7805,6.96000537312415,1.00958,0.63702,0.71513,0.71169,0.71966
1434.85194,6.96936019754066,1.01013,0.63496,0.71352,0.71028,0.71825
1432.92337,6.97874025182519,1.01081,0.63341,0.71227,0.70926,0.71709
1430.99481,6.98814554051388,1.01084,0.63183,0.71102,0.70803,0.71577
1429.06624,6.99757626350476,1.01121,0.62998,0.70964,0.70652,0.71441
1427.13768,7.00703242591142,1.01145,0.62818,0.70816,0.70496,0.71306
1425.20911,7.01651422926984,1.01088,0.6264,0.70648,0.70336,0.71148
1423.28055,7.02602167928172,1.01026,0.62467,0.70479,0.70194,0.70989
1421.35198,7.03555497914036,1.0094,0.62303,0.70322,0.70058,0.70837
1419.42342,7.04511413514651,1.00806,0.62093,0.70152,0.69865,0.70645
1417.49486,7.0546993024017,1.00876,0.61873,0.70009,0.69684,0.70475
1415.56629,7.06431063712318,1.01093,0.61724,0.69908,0.69581,0.7038
1413.63773,7.07394814653115,1.01207,0.6158,0.69782,0.69478,0.70287
1411.70916,7.08361203804897,1.0122,0.61402,0.69633,0.69346,0.70172
1409.7806,7.09330231952405,1.01221,0.61221,0.69491,0.69203,0.7004
1407.85203,7.10301920010727,1.01206,0.61058,0.69356,0.69062,0.69896
1405.92347,7.11276268828488,1.01167,0.60892,0.69205,0.68916,0.69741
1403.9949,7.12253299495604,1.01176,0.6072,0.69046,0.68777,0.69598
1402.06634,7.13233012925765,1.01185,0.60561,0.689,0.68645,0.69477
1400.13778,7.14215425284789,1.01078,0.60388,0.68736,0.68469,0.6932
1398.20921,7.15200552855749,1.00915,0.60198,0.68555,0.68254,0.69114
1396.28065,7.16188396652206,1.00853,0.60012,0.68385,0.68062,0.68929
1394.35208,7.17178978210439,1.0096,0.59838,0.68239,0.67922,0.68805
1392.42352,7.18172298612135,1.01119,0.59692,0.68135,0.67822,0.68721
1390.49495,7.1916837957592,1.01149,0.59563,0.6804,0.67715,0.68613
1388.56639,7.20167222252874,1.01069,0.59418,0.67895,0.67572,0.68447
1386.63782,7.21168848546191,1.01065,0.59259,0.67724,0.67428,0.68291
1384.70926,7.22173259677631,1.0118,0.59126,0.676,0.67325,0.6821
1382.7807,7.23180472507318,1.01263,0.59014,0.67508,0.67232,0.68135
1380.85213,7.24190504018704,1.0126,0.58904,0.67406,0.67121,0.68024
1378.92357,7.25203355542034,1.01204,0.58786,0.67291,0.66999,0.67902
1376.995,7.26219049451886,1.01106,0.58656,0.67174,0.66868,0.67778
1375.06644,7.27237587152516,1.01025,0.58523,0.67053,0.66751,0.67656
1373.13787,7.2825899121113,1.01072,0.58412,0.6695,0.6668,0.67571
1371.20931,7.29283263107366,1.01168,0.58328,0.6688,0.66628,0.67518
1369.28074,7.30310425603445,1.01205,0.58246,0.66814,0.66549,0.6745
1367.35218,7.31340480255789,1.01209,0.58165,0.66743,0.66459,0.6737
1365.42362,7.32373444660347,1.01154,0.58083,0.66659,0.66355,0.67276
1363.49505,7.33409336542879,1.01037,0.57993,0.66547,0.66232,0.67159
1361.56649,7.34448157577674,1.01028,0.5791,0.6646,0.66153,0.67077
1359.63792,7.35489931025166,1.01146,0.57845,0.66432,0.6614,0.6705
1357.70936,7.3653465864005,1.01228,0.5779,0.66407,0.66131,0.67021
1355.78079,7.37582363886422,1.01241,0.57739,0.66351,0.6609,0.66971
1353.85223,7.3863304860088,1.01245,0.57691,0.66283,0.66027,0.66924
1351.92366,7.39686736453743,1.01259,0.57642,0.66224,0.65971,0.66881
1349.9951,7.4074342936504,1.01269,0.57592,0.66181,0.65928,0.66836
1348.06654,7.4180314571119,1.01276,0.57548,0.66149,0.65887,0.66792
1346.13797,7.42865904005367,1.01288,0.57509,0.66116,0.65837,0.66753
1344.20941,7.43931706295673,1.01272,0.57462,0.66068,0.65777,0.66716
1342.28084,7.45000576779447,1.0116,0.57393,0.65988,0.65693,0.66654
1340.35228,7.46072517592166,1.0099,0.57315,0.65893,0.656,0.66557
1338.42371,7.47147553146679,1.00963,0.57261,0.65831,0.65548,0.66487
1336.49515,7.48225685667472,1.01112,0.57239,0.6582,0.65544,0.66471
1334.56659,7.49306934171041,1.01259,0.57225,0.65823,0.6554,0.66472
1332.63802,7.50391317816372,1.01313,0.57191,0.65819,0.65519,0.66462
1330.70946,7.51478838964593,1.01309,0.57137,0.65799,0.65487,0.66435
1328.78089,7.52569522579453,1.01309,0.57084,0.65752,0.65446,0.6639
1326.85233,7.53663371115307,1.01315,0.57035,0.65688,0.65396,0.66333
1324.92376,7.54760409761238,1.01295,0.5698,0.65624,0.65339,0.66275
1322.9952,7.55860641066574,1.01249,0.56916,0.65564,0.65288,0.66221
1321.06663,7.5696409044864,1.01193,0.56849,0.65506,0.65241,0.66166
1319.13807,7.58070760553518,1.01155,0.56795,0.65449,0.65186,0.66107
1317.20951,7.59180671266183,1.01158,0.56757,0.65408,0.65135,0.66056
1315.28094,7.60293842621942,1.01184,0.56722,0.6538,0.65094,0.66016
1313.35238,7.61410277415419,1.01214,0.56688,0.65355,0.65061,0.65979
1311.42381,7.62530001647599,1.01248,0.5665,0.65323,0.65034,0.65951
1309.49525,7.63653018214461,1.0127,0.56606,0.65278,0.65011,0.65929
1307.56668,7.64779353355808,1.01272,0.56558,0.65218,0.64981,0.65901
1305.63812,7.65909010070876,1.01267,0.56513,0.65166,0.64942,0.65866
1303.70955,7.67042014841419,1.01265,0.56485,0.65144,0.64897,0.65835
1301.78099,7.68178370771876,1.01279,0.56474,0.65138,0.64861,0.65827
1299.85243,7.69318098670632,1.01299,0.56462,0.65133,0.64848,0.65832
1297.92386,7.70461219504818,1.01295,0.56446,0.65126,0.64849,0.65823
1295.9953,7.71607736540403,1.01276,0.56436,0.65115,0.64846,0.658
1294.06673,7.7275767687807,1.01274,0.56432,0.65104,0.64831,0.65786
1292.13817,7.73911043894014,1.0128,0.56424,0.65099,0.64815,0.65778
1290.2096,7.75067864942255,1.01271,0.56421,0.65101,0.64816,0.6577
1288.28104,7.76228143511295,1.01259,0.56435,0.65107,0.64835,0.65778
1286.35247,7.7739190721187,1.0126,0.56457,0.65128,0.64862,0.65813
1284.42391,7.78559159646911,1.01265,0.56483,0.65162,0.64889,0.6586
1282.49535,7.79729922607517,1.01269,0.56523,0.65196,0.64919,0.65892
1280.56678,7.80904218052572,1.01276,0.56571,0.65231,0.64957,0.65914
1278.63822,7.82082049760721,1.01281,0.56618,0.65274,0.65001,0.65952
1276.70965,7.83263445999645,1.01281,0.56674,0.65332,0.65052,0.66013
1274.78109,7.84448410667906,1.0127,0.56747,0.65397,0.65126,0.66082
1272.85252,7.8563697230218,1.01249,0.56835,0.65462,0.65219,0.66158
1270.92396,7.86829134923226,1.01231,0.56936,0.65531,0.6531,0.66238
1268.99539,7.88024927340359,1.0123,0.57051,0.65621,0.65393,0.66329
1267.06683,7.8922435369885,1.01244,0.5717,0.65732,0.65486,0.66444
1265.13827,7.90427436836608,1.01263,0.57286,0.65852,0.65601,0.6657
1263.2097,7.91634199769049,1.01261,0.57412,0.65974,0.65729,0.66687
1261.28114,7.92844646832664,1.01245,0.57557,0.66111,0.65867,0.66809
1259.35257,7.94058807534732,1.01251,0.57718,0.66266,0.66018,0.66961
1257.42401,7.95276686342263,1.01266,0.57886,0.66419,0.66174,0.67127
1255.49544,7.96498313048433,1.01258,0.58059,0.66571,0.66333,0.67279
1253.56688,7.97723692253261,1.01245,0.58233,0.66747,0.66501,0.67428
1251.63831,7.98952854039759,1.01242,0.58404,0.66937,0.66673,0.67591
1249.70975,8.0018580314349,1.01244,0.5858,0.67119,0.66852,0.67776
1247.78119,8.01422563518529,1.01251,0.58764,0.67303,0.67045,0.67973
1245.85262,8.02663159306917,1.01257,0.5894,0.67486,0.67231,0.68157
1243.92406,8.03907595452411,1.01258,0.5909,0.6765,0.67386,0.68323
1241.99549,8.05155902780291,1.0127,0.59222,0.67798,0.6752,0.68483
1240.06693,8.06408086376435,1.01288,0.59346,0.67941,0.67649,0.68627
1238.13836,8.0766417737029,1.01288,0.59451,0.68059,0.67764,0.68739
1236.2098,8.08924180992579,1.01274,0.59527,0.68143,0.67858,0.68831
1234.28123,8.10188128681176,1.01274,0.5958,0.68216,0.67943,0.68923
1232.35267,8.11456025814429,1.0129,0.59616,0.68289,0.68021,0.69008
1230.42411,8.12727897537704,1.01291,0.59614,0.68346,0.68069,0.69065
1228.49554,8.14003769195613,1.01271,0.59578,0.6837,0.68083,0.69081
1226.56698,8.15283646393286,1.01251,0.5951,0.68347,0.68066,0.69064
1224.63841,8.16567561358785,1.01238,0.59395,0.68283,0.68015,0.69018
1222.70985,8.17855519852073,1.01237,0.59247,0.6821,0.67941,0.68949
1220.78128,8.19147554425147,1.01259,0.59083,0.68143,0.67849,0.68864
1218.85272,8.20443670995787,1.01291,0.58892,0.6804,0.67729,0.68752
1216.92415,8.21743902444536,1.01308,0.58662,0.67867,0.67578,0.68605
1214.99559,8.23048254850045,1.01306,0.584,0.67659,0.67393,0.68433
1213.06703,8.24356754630451,1.0129,0.58106,0.67446,0.67182,0.68228
1211.13846,8.25669428415311,1.01273,0.57788,0.67213,0.66946,0.67994
1209.2099,8.26986282530436,1.01279,0.57453,0.66968,0.66689,0.67764
1207.28133,8.28307350698449,1.01297,0.57091,0.6671,0.66425,0.67537
1205.35277,8.29632639413937,1.01305,0.56693,0.6642,0.66145,0.67278
1203.4242,8.30962182744871,1.01305,0.56268,0.66108,0.65839,0.66983
1201.49564,8.3229598735789,1.01307,0.55828,0.65777,0.65505,0.66667
1199.56708,8.33634080721855,1.01319,0.55369,0.6542,0.6516,0.6634
1197.63851,8.34976490527179,1.01337,0.54889,0.65048,0.64812,0.65995
1195.70995,8.36323223704879,1.01337,0.54402,0.64667,0.64439,0.65618
1193.78138,8.37674315208368,1.01314,0.53914,0.64268,0.64025,0.65222
1191.85282,8.39029772149216,1.01302,0.53415,0.6386,0.63604,0.64827
1189.92425,8.40389629844085,1.0132,0.5289,0.63454,0.63191,0.64433
1187.99569,8.41753895588628,1.0133,0.52343,0.63037,0.6276,0.64025
1186.06712,8.43122605068084,1.01309,0.51794,0.62595,0.62318,0.63594
1184.13856,8.4449576576579,1.01295,0.51254,0.62136,0.61876,0.63156
1182.21,8.4587340658597,1.013,0.50703,0.61677,0.61415,0.62716
1180.28143,8.47255556668379,1.01307,0.50122,0.61212,0.60934,0.62256
1178.35287,8.48642223784799,1.01316,0.49515,0.60726,0.60449,0.61782
1176.4243,8.50033444565877,1.0132,0.48901,0.60222,0.59962,0.61311
1174.49574,8.51429226980423,1.01308,0.48294,0.59719,0.5947,0.60847
1172.56717,8.52829608047102,1.01304,0.47696,0.59224,0.58969,0.60371
1170.63861,8.54234595935632,1.01318,0.47098,0.58724,0.58465,0.59874
1168.71004,8.55644228058484,1.01335,0.46486,0.58205,0.57967,0.59371
1166.78148,8.57058512790244,1.01336,0.45866,0.57675,0.57454,0.58873
1164.85292,8.58477480573256,1.01323,0.45255,0.57155,0.56926,0.58377
1162.92435,8.59901162100527,1.01315,0.44654,0.56645,0.56407,0.57884
1160.99579,8.61329566061562,1.01315,0.44044,0.56122,0.55888,0.57386
1159.06722,8.62762730879405,1.01317,0.43423,0.55591,0.55355,0.56875
1157.13866,8.6420066545871,1.01328,0.42809,0.55059,0.54814,0.56356
1155.21009,8.65643408637471,1.01346,0.42206,0.54514,0.54266,0.55837
1153.28153,8.67090969539762,1.01369,0.41595,0.53955,0.53716,0.55314
1151.35296,8.68543387424826,1.01394,0.40961,0.53402,0.53179,0.54766
1149.4244,8.70000671640519,1.01396,0.403,0.52851,0.5264,0.54183
1147.49584,8.7146285427928,1.01376,0.39629,0.52288,0.52069,0.5359
1145.56727,8.72929967700631,1.01384,0.38995,0.51728,0.51482,0.53035
1143.63871,8.74402021596489,1.01417,0.38391,0.51165,0.50904,0.52513
1141.71014,8.75879056307585,1.01415,0.37756,0.50562,0.50324,0.51954
1139.78158,8.77361081760946,1.01363,0.37076,0.49924,0.4972,0.5134
1137.85301,8.78848138741576,1.01322,0.36393,0.49301,0.49086,0.5072
1135.92445,8.80340237416318,1.01329,0.35718,0.48685,0.48443,0.50127
1133.99588,8.81837419021311,1.01349,0.35033,0.48038,0.47813,0.4954
1132.06732,8.83339693968023,1.01356,0.34339,0.47375,0.47194,0.48937
1130.13876,8.84847096121188,1.01352,0.33645,0.46729,0.46569,0.4832
1128.21019,8.86359659630445,1.01335,0.32951,0.46092,0.45925,0.47687
1126.28163,8.87877395283452,1.01322,0.32245,0.45438,0.45257,0.47034
1124.35306,8.89400345475113,1.01322,0.3152,0.44771,0.4457,0.46353
1122.4245,8.90928521250204,1.01318,0.30777,0.44088,0.43861,0.45634
1120.49593,8.92461965479875,1.01324,0.30015,0.43374,0.4313,0.44911
1118.56737,8.94000689471212,1.01354,0.29242,0.42634,0.4239,0.44201
1116.6388,8.95544736579098,1.0137,0.28469,0.41864,0.41653,0.43472
1114.71024,8.97094118378243,1.01348,0.27691,0.41078,0.40906,0.42714
1112.78168,8.98648870639208,1.01309,0.26911,0.40287,0.40116,0.41929
1110.85311,9.00209029436845,1.01265,0.26134,0.39469,0.39284,0.4111
1108.92455,9.01774606757511,1.01237,0.25343,0.38636,0.38455,0.40277
1106.99598,9.03345647199189,1.01254,0.24535,0.37804,0.37636,0.3946
1105.06742,9.04922163029655,1.01291,0.23727,0.36952,0.36799,0.38642
1103.13885,9.06504199358041,1.01295,0.22924,0.36079,0.35927,0.37797
1101.21029,9.08091768739284,1.01274,0.22145,0.35213,0.35041,0.36939
1099.28172,9.09684916801855,1.01283,0.21407,0.34353,0.34183,0.36082
1097.35316,9.11283656393718,1.01321,0.20691,0.33497,0.33358,0.35237
1095.4246,9.1288802533739,1.01322,0.19984,0.32661,0.32535,0.34408
1093.49603,9.14498061780801,1.01266,0.1931,0.31851,0.31712,0.33589
1091.56747,9.16113779022748,1.01212,0.18677,0.31062,0.30929,0.32792
1089.6389,9.17735224026969,1.01215,0.18071,0.30308,0.30201,0.32036
1087.71034,9.19362410400548,1.01252,0.17509,0.29603,0.29507,0.31324
1085.78177,9.20995385656549,1.01258,0.17012,0.2894,0.28826,0.30625
1083.85321,9.2263416371669,1.01228,0.16586,0.28312,0.2818,0.29953
1081.92464,9.24278792652324,1.01207,0.16211,0.27734,0.27604,0.29358
1079.99608,9.259292867063,1.01215,0.15848,0.27204,0.27078,0.28836
1078.06752,9.27585685913253,1.01229,0.15526,0.26704,0.26583,0.28361
1076.13895,9.29248030656264,1.01226,0.15294,0.2624,0.26139,0.27914
1074.21039,9.30916335672382,1.01208,0.15143,0.25838,0.25746,0.27476
1072.28182,9.32590650469109,1.01199,0.15033,0.25492,0.2539,0.27069
1070.35326,9.34270990121523,1.01205,0.14959,0.25197,0.25083,0.26727
1068.42469,9.35957404728264,1.01219,0.14926,0.24966,0.2484,0.26456
1066.49613,9.37649909709471,1.01232,0.14907,0.24779,0.24665,0.26254
1064.56756,9.39348555764747,1.01238,0.149,0.24612,0.24524,0.26106
1062.639,9.4105335866649,1.01233,0.14937,0.24474,0.24386,0.25974
1060.71044,9.42764360837252,1.01218,0.15028,0.24378,0.24286,0.25857
1058.78187,9.44481605073196,1.01215,0.15154,0.24331,0.2424,0.2578
1056.85331,9.46205107688976,1.0123,0.15297,0.24331,0.24222,0.25738
1054.92474,9.47934920930947,1.01224,0.15449,0.24342,0.24236,0.25714
1052.99618,9.49671061484763,1.01217,0.15621,0.2435,0.24291,0.25724
1051.06761,9.51413582233782,1.01261,0.15828,0.244,0.24373,0.25782
1049.13905,9.53162500242461,1.0131,0.16052,0.24515,0.24467,0.25853
1047.21049,9.54917859923271,1.01305,0.16269,0.24659,0.24571,0.2592
1045.28192,9.56679706083504,1.01264,0.16489,0.24793,0.24684,0.26004
1043.35336,9.58448056370854,1.01227,0.16721,0.24914,0.24807,0.26117
1041.42479,9.60222965308902,1.0121,0.16959,0.2504,0.24933,0.26248
1039.49623,9.62004450944474,1.01206,0.17186,0.25177,0.25062,0.26392
1037.56766,9.63792568476932,1.01187,0.17412,0.25323,0.25212,0.26546
1035.6391,9.65587336360707,1.01157,0.17647,0.25483,0.25377,0.26703
1033.71053,9.67388810482563,1.01133,0.17887,0.25656,0.25531,0.26857
1031.78197,9.69197009713205,1.01128,0.18118,0.2582,0.2567,0.27
1029.85341,9.71011981210025,1.01139,0.18331,0.25963,0.25818,0.27137
1027.92484,9.72833772554811,1.01152,0.18532,0.26096,0.25985,0.27271
1025.99628,9.74662403259396,1.0117,0.18726,0.26243,0.26157,0.27407
1024.06771,9.76497930981536,1.0119,0.18915,0.26403,0.2632,0.27556
1022.13915,9.78340375671943,1.012,0.19103,0.26555,0.26472,0.27693
1020.21058,9.80189795718449,1.01205,0.19289,0.2669,0.26613,0.27798
1018.28202,9.82046211520066,1.01199,0.19454,0.26809,0.26742,0.27886
1016.35345,9.83909682207504,1.01178,0.19592,0.26911,0.26848,0.27979
1014.42489,9.85780228637726,1.01168,0.19721,0.26996,0.26926,0.28078
1012.49633,9.87657900942713,1.01176,0.19845,0.27081,0.26991,0.28168
1010.56776,9.89542749711311,1.01195,0.1997,0.27169,0.27073,0.28247
1008.6392,9.91434796506025,1.01229,0.20097,0.27245,0.27172,0.2833
1006.71063,9.93334102372595,1.01249,0.20207,0.27313,0.27256,0.28409
1004.78207,9.95240689356648,1.01223,0.2029,0.27382,0.27299,0.28459
1002.8535,9.97154619293845,1.0116,0.20365,0.27444,0.27315,0.28484
1000.92494,9.99075914723436,1.01109,0.20452,0.275,0.27332,0.28522
998.99637,10.0100463828512,1.01109,0.20547,0.27545,0.27367,0.28582
997.06781,10.0294081302254,1.01139,0.20631,0.27569,0.27417,0.28621
995.13925,10.0488449229593,1.01167,0.20709,0.27587,0.27466,0.28623
993.21068,10.0683572995812,1.0118,0.20796,0.27625,0.27512,0.28642
991.28212,10.0879454983007,1.01151,0.20868,0.27674,0.27558,0.28701
989.35355,10.1076101662545,1.01085,0.20926,0.27715,0.27595,0.2876
987.42499,10.1273515469767,1.0104,0.21015,0.27744,0.27626,0.28801
985.49642,10.147170296164,1.01066,0.21129,0.2777,0.27679,0.28832
983.56786,10.1670666627923,1.01124,0.21234,0.27818,0.27765,0.28856
981.63929,10.1870413112743,1.01158,0.21338,0.27889,0.27851,0.2888
979.71073,10.2070944961479,1.01166,0.21452,0.27971,0.27912,0.28921
977.78217,10.2272267861051,1.01156,0.21571,0.28065,0.27963,0.28987
975.8536,10.2474387551575,1.01145,0.21695,0.28176,0.28032,0.29074
973.92504,10.2677306664176,1.01142,0.21835,0.28289,0.28126,0.29165
971.99647,10.2881032067946,1.0115,0.21989,0.2839,0.28233,0.2927
970.06791,10.3085566452765,1.01169,0.22145,0.28492,0.28334,0.29397
968.13934,10.3290916780636,1.01173,0.22307,0.28602,0.28433,0.29511
966.21078,10.3497085801506,1.0116,0.22487,0.2872,0.28559,0.2961
964.28221,10.3704080572014,1.01156,0.22673,0.28849,0.28713,0.29732
962.35365,10.3911903903518,1.01164,0.22843,0.28995,0.28861,0.29877
960.42509,10.4120561864955,1.01184,0.23011,0.29171,0.29007,0.30023
958.49652,10.4330060582797,1.01208,0.23197,0.2936,0.29177,0.30173
956.56796,10.454040296311,1.01218,0.23395,0.29523,0.2936,0.30332
954.63939,10.4751596306957,1.01209,0.23594,0.29667,0.29524,0.30499
952.71083,10.4963643585326,1.01172,0.23794,0.29818,0.29672,0.30668
950.78226,10.517655220029,1.01142,0.23994,0.2998,0.29836,0.30845
948.8537,10.5390325189226,1.01155,0.24197,0.30151,0.30024,0.31031
946.92513,10.5604970057136,1.01188,0.24395,0.30322,0.30209,0.31201
944.99657,10.5820489909291,1.01205,0.24591,0.30484,0.30389,0.31351
943.06801,10.6036891231206,1.01192,0.24783,0.30648,0.30585,0.31511
941.13944,10.6254180570735,1.01175,0.24963,0.30829,0.30782,0.31698
939.21088,10.6472361137895,1.01179,0.25143,0.31024,0.30957,0.31909
937.28231,10.6691440703709,1.01166,0.25327,0.31204,0.31118,0.32106
935.35375,10.6911422550025,1.01117,0.25507,0.31365,0.31279,0.32257
933.42518,10.7132314557874,1.01085,0.25695,0.31534,0.31443,0.32376
931.49662,10.7354120082583,1.01097,0.25889,0.31711,0.31603,0.32513
929.56805,10.7576847117325,1.01118,0.2606,0.31888,0.31764,0.32683
927.63949,10.7800499092595,1.01135,0.26205,0.32064,0.31942,0.32863
925.71093,10.802508294895,1.01161,0.26347,0.32234,0.32125,0.33041
923.78236,10.8250605694614,1.01167,0.26495,0.32403,0.32284,0.33202
921.8538,10.8477070876098,1.01144,0.26648,0.32569,0.32425,0.33331
919.92523,10.8704486776605,1.01109,0.26783,0.32718,0.32564,0.3345
917.99667,10.8932857022237,1.01072,0.26892,0.32853,0.32694,0.33578
916.0681,10.9162190016223,1.01068,0.27018,0.32987,0.32828,0.33721
914.13954,10.9392489466105,1.01111,0.27171,0.33122,0.32982,0.33872
912.21098,10.9623762695775,1.01146,0.27311,0.33244,0.33137,0.3401
910.28241,10.985601710133,1.01137,0.27423,0.33347,0.3327,0.34127
908.35385,11.0089256516059,1.01116,0.2752,0.33451,0.3337,0.34252
906.42528,11.0323489653775,1.01119,0.27627,0.33574,0.33441,0.34389
904.49672,11.0558720434055,1.01141,0.2775,0.33699,0.33515,0.34507
902.56815,11.0794957699316,1.01156,0.27868,0.33814,0.33621,0.34616
900.63959,11.1032205457457,1.01144,0.27961,0.33927,0.33736,0.34722
898.71102,11.1270472682086,1.01119,0.28035,0.34045,0.3383,0.34814
896.78246,11.1509763471511,1.01098,0.28104,0.34141,0.33911,0.34892
894.8539,11.1750085684378,1.01082,0.28166,0.34201,0.34011,0.34971
892.92533,11.199144725797,1.0107,0.28218,0.34255,0.34128,0.35056
890.99677,11.2233852430239,1.01086,0.28265,0.34332,0.34221,0.35152
889.0682,11.2477310514536,1.01118,0.28319,0.34415,0.34288,0.35248
887.13964,11.2721825844689,1.01125,0.28379,0.34476,0.34362,0.35322
885.21107,11.2967407874825,1.0112,0.28443,0.3453,0.34434,0.35382
883.28251,11.3214061036938,1.01112,0.28504,0.34604,0.34472,0.35446
881.35394,11.3461794928834,1.01089,0.2854,0.34695,0.34501,0.35495
879.42538,11.3710614083028,1.01078,0.28545,0.34763,0.34555,0.35528
877.49682,11.3960526945271,1.011,0.28551,0.34794,0.34609,0.35567
875.56825,11.4211542047122,1.01114,0.28579,0.3481,0.34631,0.35609
873.63969,11.4463664076434,1.01098,0.28607,0.34831,0.34636,0.35639
871.71112,11.4716903003371,1.01073,0.2862,0.34863,0.34657,0.35664
869.78256,11.4971263622485,1.01043,0.28629,0.34881,0.34695,0.35695
867.85399,11.5226756058355,1.01035,0.28624,0.34876,0.34736,0.35723
865.92543,11.5483385214822,1.01063,0.28586,0.3487,0.34763,0.35733
863.99686,11.5741161374128,1.01077,0.2853,0.34863,0.34764,0.35727
862.0683,11.6000089552069,1.01071,0.28489,0.34842,0.34743,0.35714
860.13974,11.6260178840243,1.01075,0.28466,0.34807,0.34709,0.35692
858.21117,11.6521438424065,1.01092,0.28439,0.34764,0.34661,0.35676
856.28261,11.6783873492421,1.01101,0.2839,0.34723,0.3461,0.3567
854.35404,11.7047494736491,1.01084,0.28324,0.34693,0.34568,0.35631
852.42548,11.7312307464108,1.01067,0.28252,0.34664,0.34525,0.35559
850.49691,11.7578322536175,1.01068,0.2816,0.34611,0.34461,0.35494
848.56835,11.7845545382408,1.01065,0.28044,0.34526,0.34372,0.35409
846.63978,11.8113987037084,1.01053,0.27923,0.34415,0.34267,0.35292
844.71122,11.8383653054827,1.01031,0.27791,0.34286,0.34151,0.35173
842.78266,11.8654553239147,1.01002,0.27621,0.34143,0.34024,0.3505
840.85409,11.8926697496352,1.00996,0.27433,0.34007,0.33882,0.34922
838.92553,11.9200091574278,1.0102,0.2726,0.33876,0.33728,0.34806
836.99696,11.9474746957265,1.0104,0.27098,0.33727,0.33557,0.34667
835.0684,11.9750669525993,1.01044,0.2693,0.33558,0.3336,0.34476
833.13983,12.0027870951747,1.0104,0.26732,0.33364,0.3315,0.34258
831.21127,12.0306357251388,1.01036,0.26515,0.33145,0.32959,0.34041
829.2827,12.0586140287263,1.01027,0.26295,0.3292,0.32779,0.33825
827.35414,12.086722621585,1.01016,0.26064,0.32697,0.32577,0.33599
825.42558,12.1149625627061,1.01021,0.25821,0.32473,0.3234,0.33372
823.49701,12.1433349223697,1.01038,0.25581,0.32249,0.32096,0.33156
821.56845,12.1718403378319,1.01041,0.25358,0.32032,0.31876,0.32946
819.63988,12.200480044968,1.01038,0.25155,0.3182,0.31675,0.32733
817.71132,12.2292546958993,1.01045,0.2496,0.31593,0.31476,0.32524
815.78275,12.2581655471386,1.01036,0.24765,0.31338,0.31281,0.32317
813.85419,12.287213266052,1.01002,0.24569,0.31083,0.31073,0.32085
811.92562,12.3163991302553,1.00956,0.24379,0.3086,0.30838,0.31839
809.99706,12.3457238227507,1.00918,0.24201,0.3066,0.30593,0.31624
808.0685,12.3751884895897,1.0091,0.24016,0.30465,0.30374,0.3144
806.13993,12.4047942892495,1.00936,0.23825,0.3029,0.30185,0.31258
804.21137,12.4345419289459,1.00962,0.23651,0.30147,0.30005,0.31067
802.2828,12.4644327411731,1.00968,0.23495,0.30008,0.29829,0.30871
800.35424,12.4944674498132,1.00963,0.23361,0.29845,0.29677,0.30694
798.42567,12.5246474101966,1.00952,0.23248,0.29679,0.29558,0.30552
796.49711,12.5549733633057,1.00937,0.23136,0.29544,0.29436,0.30412
794.56854,12.5854466878339,1.0092,0.2301,0.29416,0.29285,0.30258
792.63998,12.616068142311,1.00902,0.22878,0.29251,0.2912,0.30118
790.71142,12.6468389693929,1.00908,0.22771,0.29072,0.28971,0.29984
788.78285,12.6777604254454,1.00945,0.22692,0.28932,0.28852,0.29839
786.85429,12.7088332961875,1.00988,0.22603,0.28825,0.2874,0.29711
784.92572,12.7400590211262,1.01011,0.22501,0.28723,0.28622,0.29614
782.99716,12.7714384047064,1.0098,0.22407,0.2862,0.28508,0.29512
781.06859,12.8029729117644,1.009,0.22315,0.28513,0.28386,0.2939
779.14003,12.8346633659677,1.00845,0.22229,0.28414,0.28261,0.2927
777.21147,12.8665110925344,1.00854,0.22153,0.28329,0.28149,0.29148
775.2829,12.8985174315079,1.00883,0.22064,0.28245,0.28045,0.29025
773.35434,12.9306832363545,1.00891,0.21965,0.28153,0.27948,0.28923
771.42577,12.9630100378939,1.00878,0.21886,0.28044,0.27869,0.28838
769.49721,12.9954987101253,1.00873,0.21825,0.27924,0.27804,0.28758
767.56864,13.0281508113724,1.0088,0.21752,0.27802,0.27738,0.2868
765.64008,13.0609672367204,1.00864,0.21662,0.27677,0.27649,0.28588
763.71151,13.09394957266,1.00831,0.21585,0.27581,0.27537,0.28487
761.78295,13.1270987359326,1.00827,0.21525,0.27524,0.27426,0.28384
759.85439,13.160416168682,1.00844,0.2144,0.27454,0.27321,0.28277
757.92582,13.1939033294841,1.00836,0.21332,0.27338,0.27211,0.28168
755.99726,13.2275611686741,1.00825,0.21225,0.27201,0.27086,0.28047
754.06869,13.2613913461916,1.00856,0.21126,0.27071,0.26963,0.27925
752.14013,13.2953948355342,1.00916,0.21053,0.26949,0.26877,0.27833
750.21156,13.3295733272892,1.00957,0.21003,0.26846,0.26797,0.2775
748.283,13.3639278187531,1.00951,0.20938,0.26768,0.26669,0.27634
746.35443,13.3984600319181,1.00909,0.20855,0.2668,0.2653,0.27487
744.42587,13.4331709885364,1.00874,0.20765,0.26553,0.26441,0.27345
742.49731,13.4680622613973,1.00873,0.20662,0.26418,0.26371,0.27235
740.56874,13.5031354415527,1.00877,0.2056,0.26312,0.26268,0.27141
738.64018,13.5383915887164,1.00852,0.20475,0.26229,0.26137,0.2704
736.71161,13.5738325068611,1.00818,0.20394,0.26138,0.26008,0.26931
734.78305,13.6094592818928,1.00809,0.20309,0.2603,0.259,0.2681
732.85448,13.6452737520278,1.00815,0.20214,0.25904,0.25789,0.26687
730.92592,13.681277030099,1.00787,0.20116,0.25753,0.25649,0.26583
728.99735,13.717470989435,1.00727,0.20026,0.256,0.25509,0.265
727.06879,13.753856770554,1.00682,0.19925,0.25463,0.25394,0.26407
725.14023,13.7904360926162,1.00662,0.19801,0.25347,0.25277,0.26283
723.21166,13.8272106951373,1.00576,0.19664,0.25235,0.25136,0.26129
721.2831,13.8641817616412,1.00418,0.19537,0.25105,0.24972,0.25949
719.35453,13.9013512572167,1.00389,0.19427,0.24963,0.24826,0.25768
717.42597,13.9387203950813,1.00532,0.19323,0.24822,0.24712,0.25617
715.4974,13.9762911786961,1.00662,0.19218,0.24693,0.24601,0.25484
713.56884,14.0140648518228,1.00698,0.19105,0.24596,0.24492,0.25366
711.64027,14.0520434572934,1.00664,0.18992,0.24504,0.24374,0.25251
709.71171,14.090228270293,1.00594,0.18895,0.24367,0.24206,0.25104
707.78315,14.1286211744374,1.00519,0.18813,0.24186,0.24024,0.24948
705.85458,14.1672240760979,1.00476,0.18737,0.24,0.23897,0.24815
703.92602,14.2060382993088,1.00457,0.18654,0.23841,0.23802,0.24674
701.99745,14.2450659899121,1.00387,0.18539,0.23711,0.23675,0.24518
700.06889,14.2843085056958,1.00236,0.18399,0.23595,0.23513,0.24363
698.14032,14.3237680356293,1.00052,0.18264,0.2348,0.23357,0.24202
696.21176,14.3634459722427,0.99907,0.18139,0.2334,0.23216,0.24042
694.28319,14.4033445487856,0.99813,0.18024,0.23157,0.2307,0.23904
692.35463,14.4434651935526,0.9971,0.17919,0.22964,0.22924,0.23783
690.42607,14.4838099754837,0.99586,0.1783,0.22818,0.22794,0.23678
688.4975,14.5243809890377,0.9947,0.17769,0.22741,0.22672,0.23591
686.56894,14.5651797181504,0.99368,0.17712,0.22678,0.22579,0.23484
684.64037,14.6062085120689,0.99289,0.17658,0.22585,0.22545,0.2336
682.71181,14.6474688932069,0.99241,0.17674,0.22528,0.22515,0.23258
680.78324,14.6889632594363,0.99205,0.17749,0.22533,0.22457,0.23194
678.85468,14.730693172801,0.99171,0.17764,0.22519,0.22397,0.23161
676.92611,14.7726610811334,0.99158,0.17731,0.22462,0.22333,0.23131
674.99755,14.8148685873008,0.99178,0.17749,0.22421,0.22301,0.23119
673.06899,14.8573179697374,0.99096,0.1777,0.22417,0.22308,0.23139
671.14042,14.9000115355889,0.98727,0.17711,0.22391,0.22255,0.231
669.21186,14.9429509512877,0.98371,0.17634,0.22316,0.22151,0.22966
667.28329,14.986138795713,0.98954,0.17721,0.22353,0.22268,0.23004
665.35473,15.0295767792919,0.99499,0.17818,0.22451,0.22426,0.23149
663.42616,15.0732675359078,0.99625,0.17856,0.22518,0.22472,0.23212
661.4976,15.1172128213315,0.99632,0.17899,0.2257,0.22449,0.2321
659.56903,15.1614153260046,0.99631,0.1797,0.22593,0.22403,0.23171
657.64047,15.2058768524388,0.99558,0.17984,0.22581,0.22388,0.23112
655.71191,15.2505999166616,0.99397,0.17898,0.22559,0.22393,0.23045
653.78334,15.2955870671162,0.99259,0.1781,0.22546,0.22356,0.23001
651.85478,15.3408401791577,0.99233,0.17786,0.2253,0.22302,0.2303
649.92621,15.3863620917827,0.99335,0.17794,0.2248,0.22302,0.231
647.99765,15.4321547308081,0.99546,0.17794,0.22409,0.22316,0.23097
646.06908,15.4782209976679,0.99723,0.17759,0.22332,0.22242,0.23016
644.14052,15.5245628702259,0.99755,0.17654,0.22265,0.22113,0.22933
642.21195,15.5711833141691,0.99749,0.17519,0.22205,0.22043,0.22869
640.28339,15.6180843610514,0.99817,0.17444,0.22126,0.22027,0.22814
638.35483,15.6652687972926,0.99945,0.17415,0.22065,0.21986,0.22763
636.42626,15.7127394460436,1.00107,0.17357,0.22054,0.2191,0.22707
634.4977,15.7604984226105,1.0025,0.1726,0.2202,0.21811,0.22643
632.56913,15.8085488616873,1.00296,0.1717,0.21894,0.21682,0.22569
630.64057,15.8568929366533,1.00287,0.17113,0.21737,0.21557,0.22487
628.712,15.9055338533383,1.00349,0.1707,0.21621,0.21475,0.22395
626.78344,15.9544738450652,1.00478,0.17003,0.21521,0.21404,0.22293
624.85488,16.0037159348103,1.00566,0.16882,0.2142,0.21283,0.22195
622.92631,16.0532631861383,1.00558,0.16736,0.21316,0.2112,0.22071
620.99775,16.1031179259506,1.00464,0.1658,0.21165,0.20989,0.21871
619.06918,16.1532835474058,1.00352,0.16383,0.20999,0.20885,0.21615
617.14062,16.2037624423426,1.00373,0.16202,0.20899,0.20778,0.21427
615.21205,16.2545580828594,1.00516,0.16087,0.20831,0.20708,0.21349
613.28349,16.3056729278657,1.00582,0.15967,0.20733,0.2062,0.21244
611.35492,16.357110530819,1.00563,0.1582,0.2061,0.20463,0.21064
609.42636,16.4088734199157,1.006,0.15683,0.20467,0.20315,0.20891
607.4978,16.4609649615192,1.0063,0.15583,0.20307,0.20177,0.20769
605.56923,16.5133885683062,1.00481,0.15524,0.20102,0.19991,0.20674
603.64067,16.5661468767504,1.00232,0.15462,0.19809,0.19817,0.20537
601.7121,16.6192436548974,1.00093,0.15336,0.19488,0.19711,0.20293
599.78354,16.6726816144371,1.00066,0.15157,0.19267,0.19612,0.20004
