7496.32994,1.33398610787401,41.465,48.404,44.786,44.251,45.96
7494.40137,1.33432938887286,41.051,49.125,45.764,44.695,46.748
7492.47281,1.3346728448121,40.134,48.841,45.416,44.762,46.424
7490.54424,1.33501647939002,39.407,48.127,44.712,44.437,45.405
7488.61568,1.33536028917964,40.041,47.886,44.316,43.933,44.224
7486.68711,1.3357042778832,41.631,47.29,43.717,43.514,43.756
7484.75855,1.33604844207032,43.302,45.934,43.541,43.724,44.41
7482.82999,1.33639278366125,44.409,45.256,44.649,44.026,45.221
7480.90142,1.33673730458007,44.827,45.753,45.963,43.856,44.907
7478.97286,1.3370820013913,44.341,46.031,46.151,43.99,43.575
7477.04429,1.33742687780709,42.539,45.557,45.339,44.056,42.707
7475.11573,1.33777193038856,40.589,44.636,44.401,43.512,42.881
7473.18716,1.33811716285184,40.035,44.048,44.185,43.186,43.42
7471.2586,1.33846257175464,40.752,44.857,44.594,43.059,43.763
7469.33003,1.33880816081707,41.755,46.266,44.845,42.553,43.653
7467.40147,1.33915392659342,42.513,46.833,45.17,42.821,43.13
7465.47291,1.33949987101353,42.802,46.811,45.981,44.457,42.831
7463.54434,1.33984599601106,42.358,47.088,46.28,45.857,43.392
7461.61578,1.34019229813519,41.666,47.644,45.595,46.049,44.085
7459.68721,1.340538781116,41.507,47.736,44.677,45.322,44.077
7457.75865,1.34088544149924,41.785,47.14,44.599,44.255,44.002
7455.83008,1.34123228301898,41.658,46.724,46.409,43.95,44.499
7453.90152,1.34157930221756,40.665,47.484,48.461,44.646,45.167
7451.97295,1.34192650283305,39.825,48.749,48.391,45.604,45.843
7450.04439,1.34227388140435,40.783,49.046,47.11,46.499,46.225
7448.11583,1.34262143987092,42.972,48.111,46.056,46.855,45.176
7446.18726,1.34296918017611,43.844,46.935,45.38,46.423,43.353
7444.2587,1.34331709885364,43.089,46.583,44.886,45.867,43.124
7442.33013,1.34366519965166,42.32,46.779,44.763,45.838,44.191
7440.40157,1.34401347910043,41.646,47.014,45.483,46.566,44.348
7438.473,1.34436194095213,40.949,47.712,46.679,47.388,43.524
7436.54444,1.34471058173358,41.566,48.298,46.937,47.204,43.144
7434.61587,1.34505940520098,43.557,48.205,45.868,46.518,43.417
7432.68731,1.34540840787772,44.906,48.533,44.972,46.521,43.965
7430.75875,1.34575759171296,44.471,49.403,45.151,46.922,44.624
7428.83018,1.34610695865981,43.467,49.324,45.458,46.861,45.027
7426.90162,1.34645650523643,43.155,48.321,45.003,46.132,45.351
7424.97305,1.34680623520916,43.14,47.637,44.262,44.993,45.595
7423.04449,1.3471561450927,42.881,47.623,44.056,43.976,45.092
7421.11592,1.34750623865743,42.299,48.021,44.249,43.284,43.845
7419.18736,1.34785651241459,41.596,48.664,44.469,42.781,42.503
7417.2588,1.34820696832097,41.645,49.154,44.866,42.92,42.076
7415.33023,1.34855760833729,42.369,48.878,45.301,43.734,43.046
7413.40167,1.34890842896956,42.723,47.816,45.449,44.404,44.536
7411.4731,1.34925943399835,42.908,47.042,45.727,44.496,45.817
7409.54454,1.34961061992617,43.344,47.206,46.494,44.44,46.855
7407.61597,1.34996199053769,43.51,47.981,46.959,44.499,47.384
7405.68741,1.35031354233192,43.256,48.283,46.757,44.787,46.95
7403.75884,1.35066527909761,42.891,47.292,46.509,45.264,45.76
7401.83028,1.35101719733028,42.791,46.508,46.096,45.379,44.906
7399.90172,1.35136929899658,42.99,47.057,45.393,45.276,44.889
7397.97315,1.35172158606712,42.933,47.619,45.081,45.412,44.841
7396.04459,1.35207405503216,42.527,47.56,45.359,45.646,44.435
7394.11602,1.35242670969071,42.07,47.888,45.803,45.801,44.688
7392.18746,1.35277954652952,42.006,49.142,46.339,45.668,45.734
7390.25889,1.35313256935171,42.837,50.315,46.848,45.336,46.234
7388.33033,1.35348577464051,43.734,50.172,46.775,45.414,45.521
7386.40176,1.35383916620317,43.475,49.008,46.123,45.644,44.415
7384.4732,1.35419274051939,42.662,47.905,45.333,45.161,43.578
7382.54464,1.35454649956577,41.902,47.399,44.895,44.589,43.177
7380.61607,1.35490044532285,40.734,47.535,45.27,44.965,43.895
7378.68751,1.35525457426507,39.349,47.833,46.282,45.876,45.259
7376.75894,1.35560889020999,38.85,48.033,47.208,46.667,45.792
7374.83038,1.35596338962849,40.186,48.699,47.353,47.032,45.668
7372.90181,1.35631807634232,42.336,49.101,46.766,47.106,45.929
7370.97325,1.35667294681879,43.469,48.17,45.944,47.136,46.713
7369.04468,1.3570280048838,42.979,47.126,45.223,46.863,47.244
7367.11612,1.35738324700113,41.572,47.129,44.753,46.805,46.591
7365.18756,1.35773867515738,40.566,47.483,44.466,47.217,45.292
7363.25899,1.35809429134313,40.681,47.973,44.736,47.195,44.59
7361.33043,1.35845009201686,41.109,48.263,45.481,46.515,44.782
7359.40186,1.35880608101485,41.097,47.674,45.597,45.72,45.038
7357.4733,1.35916225479201,41.662,47.335,45.192,45.397,44.505
7355.54473,1.3595186171888,42.944,47.911,44.815,45.792,43.443
7353.61617,1.35987516465657,43.535,48.004,44.217,46.283,43.044
7351.6876,1.36023190103997,43.437,47.483,43.86,46.425,43.949
7349.75904,1.36058882278677,43.311,47.41,44.463,46.511,45.437
7347.83048,1.36094593189363,43.332,47.571,45.04,46.595,46.153
7345.90191,1.36130323036127,43.551,47.464,44.746,46.337,45.907
7343.97335,1.36166071463209,43.125,47.274,44.499,45.678,45.705
7342.04478,1.36201838856123,41.873,47.05,44.521,44.75,45.73
7340.11622,1.36237624858752,41.514,46.718,44.349,44.263,45.515
7338.18765,1.3627342985703,42.707,46.82,44.639,44.981,45.11
7336.25909,1.36309253494481,43.789,47.719,45.68,46.182,44.71
7334.33052,1.36345096157461,43.47,48.508,46.601,46.728,44.656
7332.40196,1.36380957489134,42.402,48.603,47.028,46.216,45.256
7330.4734,1.36416837690182,42.025,48.532,47.151,44.731,45.884
7328.54483,1.36452736961698,42.436,48.517,46.443,43.113,45.564
7326.61627,1.36488654946303,42.957,48.581,45.238,43.123,44.719
7324.6877,1.36524592031412,43.33,48.767,45.261,44.931,44.571
7322.75914,1.36560547859287,43.378,48.56,46.343,46.484,45.021
7320.83057,1.36596522817765,43.381,48.061,46.903,46.561,45.541
7318.90201,1.36632516548749,43.601,47.994,46.649,45.991,46.323
7316.97344,1.366685294405,43.329,48.236,46.136,45.836,46.81
7315.04488,1.36704561134559,42.051,48.014,45.832,46.579,46.322
7313.11632,1.36740611832631,40.66,47.017,45.674,47.693,45.359
7311.18775,1.36776681736835,40.501,46.247,45.25,48.064,44.69
7309.25919,1.36812770488168,41.701,46.763,44.956,47.324,44.9
7307.33062,1.36848878475954,43.075,47.75,45.041,45.807,45.947
7305.40206,1.36885005340829,43.187,47.868,44.833,44.623,46.508
7303.47349,1.36921151472544,42.221,47.368,44.404,44.599,45.816
7301.54493,1.3695731651137,41.495,47.026,44.471,45.119,45.137
7299.61636,1.36993500847488,41.486,46.779,44.993,45.415,45.211
7297.6878,1.37029704120804,41.868,46.624,45.352,45.598,44.9
7295.75924,1.37065926534056,42.564,46.92,44.969,46.144,44.66
7293.83067,1.37102168290397,43.696,47.242,44.137,46.628,46.147
7291.90211,1.37138429029185,44.39,46.808,43.842,46.408,47.478
7289.97354,1.37174709141674,43.554,45.97,44.099,45.734,46.884
7288.04498,1.37211008266856,42.153,45.952,44.361,45.141,46.267
7286.11641,1.37247326796416,42.026,46.929,44.962,45.316,46.132
7284.18785,1.3728366436898,42.678,47.433,46.345,46.03,45.047
7282.25928,1.37320021376663,42.334,46.999,47.482,45.977,44.101
7280.33072,1.37356397457724,41.186,46.602,47.249,45.268,44.827
7278.40216,1.37392792815944,40.618,46.583,46.123,45.054,45.77
7276.47359,1.37429207655518,41.104,46.657,44.946,45.482,45.849
7274.54503,1.37465641614153,42.071,46.786,44.014,46.086,46.121
7272.61646,1.37502095085047,42.66,46.908,43.912,46.287,46.513
7270.6879,1.3753856770554,42.643,46.61,44.505,45.809,45.983
7268.75933,1.37575059869261,42.299,45.926,44.757,45.334,45.265
7266.83077,1.37611571213182,42.14,45.686,45.054,45.311,45.424
7264.90221,1.37648101941898,42.391,46.3,46.03,45.222,45.913
7262.97364,1.3768465226042,42.425,46.779,46.701,44.806,45.856
7261.04508,1.37721221805168,42.01,46.412,46.32,44.778,45.229
7259.11651,1.37757810970856,41.663,46.41,45.528,45.447,44.738
7257.18795,1.37794419393534,41.549,46.974,45.026,45.625,45.114
7255.25938,1.37831047468354,41.929,47.053,44.692,44.877,45.942
7253.33082,1.37867694830994,43.109,46.792,44.47,44.458,45.793
7251.40225,1.37904361877042,44.353,46.865,44.672,44.568,45.079
7249.47369,1.37941048241807,44.754,47.276,44.817,44.638,45.296
7247.54513,1.37977754130936,44.57,47.252,44.551,45.274,45.79
7245.61656,1.38014479750499,44.04,46.283,44.469,46.471,45.657
7243.688,1.38051224735245,43.139,45.482,44.776,46.892,45.446
7241.75943,1.3808798948186,42.879,46.04,45.455,46.29,45.798
7239.83087,1.38124773624719,42.966,46.964,46.73,45.831,46.523
7237.9023,1.38161577560946,42.322,47.087,47.323,45.951,47.051
7235.97374,1.38198400924545,42.01,46.988,45.973,46.457,47.051
7234.04517,1.3823524411308,42.899,47.119,44.043,46.998,46.918
7232.11661,1.38272106760181,43.891,46.829,43.445,47.076,47.046
7230.18805,1.38308989072559,44.303,46.822,43.909,46.872,47.012
7228.25948,1.38345891257352,44.401,47.738,44.515,47.001,46.381
7226.33092,1.38382812947625,44.056,48.376,45.155,47.344,45.15
7224.40235,1.38419754542049,43.586,48.079,46.066,47.628,44.441
7222.47379,1.38456715673315,43.651,47.73,47.034,48.069,45.69
7220.54522,1.38493696740535,44.107,47.437,47.346,48.308,47.613
7218.61666,1.38530697376026,44.347,47.16,47.05,47.762,48.005
7216.68809,1.38567717979343,44.557,47.428,46.786,46.966,47.288
7214.75953,1.38604758182426,44.614,47.417,46.483,46.511,46.512
7212.83097,1.38641818193058,44.111,46.75,46.093,46.083,45.898
7210.9024,1.38678898219452,43.841,46.432,46.031,45.547,45.71
7208.97384,1.38715997892982,44.018,46.595,46.185,45.441,45.752
7207.04527,1.38753117614315,43.618,46.785,46.015,45.738,45.708
7205.11671,1.38790257014449,43.21,46.724,45.72,45.685,46.138
7203.18814,1.38827416494497,44.119,46.656,45.59,45.198,47.032
7201.25958,1.38864595685079,44.981,46.656,45.079,44.824,47.224
7199.33101,1.38901794987754,44.3,46.16,44.328,44.74,46.393
7197.40245,1.38939014032764,43.24,45.678,44.129,45.039,45.571
7195.47389,1.38976253028972,43.033,46.256,44.495,45.761,45.795
7193.54532,1.39013512185671,43.197,47.211,44.699,46.326,46.324
7191.61676,1.39050791132535,42.826,46.982,44.429,46.22,45.631
7189.68819,1.39088090272243,41.819,46.113,44.161,45.852,44.241
7187.75963,1.39125409234087,41.256,46.11,44.294,45.995,43.888
7185.83106,1.39162748421197,42.207,46.785,44.78,46.691,44.765
7183.9025,1.39200107462483,43.635,47.402,45.465,47.064,45.845
7181.97393,1.39237486761526,43.778,48.12,46.261,46.646,46.631
7180.04537,1.39274885946856,43.025,48.756,46.3,46.045,46.646
7178.11681,1.39312305228424,42.244,48.63,45.131,45.698,45.784
7176.18824,1.39349744816616,41.467,47.845,44.01,45.64,45.156
7174.25968,1.39387204339389,41.211,47.122,43.6,45.661,45.043
7172.33111,1.39424684201452,41.975,46.798,43.445,45.819,44.939
7170.40255,1.39462184030379,42.998,46.45,43.884,46.353,45.39
7168.47398,1.39499704231332,43.036,45.994,45.175,46.661,46.632
7166.54542,1.39537244431502,42.432,46.283,45.993,46.222,47.401
7164.61685,1.39574805036504,42.635,47.065,45.639,45.502,47.155
7162.68829,1.39612385673145,43.421,47.108,45.161,44.908,46.534
7160.75973,1.39649986552474,43.265,46.739,44.949,44.751,45.902
7158.83116,1.39687607885978,42.537,47.332,44.663,45.146,45.804
7156.9026,1.39725249299886,42.591,48.367,44.836,45.588,46.415
7154.97403,1.39762911200951,43.093,48.271,45.583,45.748,46.902
7153.04547,1.39800593215018,43.241,47.122,46.121,45.726,46.693
7151.1169,1.39838295749298,43.283,46.16,46.265,45.34,46.253
7149.18834,1.39876018429247,43.42,45.966,46.368,44.621,45.952
7147.25977,1.39913761662534,42.922,46.445,46.468,44.317,45.602
7145.33121,1.39951525074231,41.821,47.198,46.431,45.045,45.447
7143.40265,1.39989308876492,41.866,47.722,46.265,46.375,45.716
7141.47408,1.40027113281912,43.089,47.756,45.924,47.179,45.861
7139.54552,1.40064937914984,43.614,47.703,45.363,46.823,45.711
7137.61695,1.40102783184519,43.384,48.009,45.059,45.8,45.65
7135.68839,1.40140648714622,43.166,48.013,45.251,44.77,45.413
7133.75982,1.40178534914566,42.777,47.35,45.436,44.248,44.971
7131.83126,1.40216441408066,42.639,46.888,45.344,44.696,44.966
7129.9027,1.40254368408141,43.167,46.965,45.344,45.599,45.327
7127.97413,1.40292316128257,43.648,47.252,45.932,46.05,45.441
7126.04557,1.40330284191545,43.43,47.432,46.513,46.059,45.03
7124.117,1.4036827300843,42.707,46.953,45.854,46.021,44.38
7122.18844,1.40406282201654,42.199,45.895,44.284,45.64,44.22
7120.25987,1.40444312182106,42.185,45.453,43.107,44.639,44.529
7118.33131,1.40482362572135,42.117,46.255,43.162,44.176,44.692
7116.40274,1.40520433783094,41.969,47.085,44.261,44.761,44.913
7114.47418,1.40558525436942,42.124,46.782,45.436,44.807,45.196
7112.54562,1.40596637747822,42.376,46.005,46.153,44.169,44.942
7110.61705,1.40634770930323,42.746,45.697,46.293,44.002,44.29
7108.68849,1.40672924605816,43.482,45.996,46.026,44.315,44.037
7106.75992,1.40711099186815,43.974,46.586,45.733,44.41,44.607
7104.83136,1.40749294294298,43.507,46.885,45.472,44.239,45.415
7102.90279,1.40787510341247,42.569,46.543,45.038,44.423,45.511
7100.97423,1.40825746948247,41.842,46.065,44.501,44.97,44.942
7099.04566,1.40864004528744,41.758,45.937,44.314,45.389,44.689
7097.1171,1.4090228270293,42.402,46.123,44.473,45.412,45.008
7095.18854,1.40940581686079,42.987,46.692,44.678,44.845,45.295
7093.25997,1.40978901693913,43.238,47.43,45.151,44.155,45.501
7091.33141,1.41017242346032,43.547,47.593,45.8,43.956,45.669
7089.40284,1.41055604057055,43.675,46.869,45.935,44.111,45.645
7087.47428,1.41093986446184,43.486,45.983,45.683,44.561,45.805
7085.54571,1.4113238992851,43.338,45.709,45.746,44.997,46.164
7083.61715,1.41170814122838,43.263,46.001,46.1,45.058,46.225
7081.68858,1.4120925944473,42.861,46.462,46.153,45.141,45.768
7079.76002,1.41247725512594,42.675,46.582,45.841,45.183,45.064
7077.83146,1.41286212542846,43.244,46.211,45.708,44.594,44.57
7075.90289,1.41324720752351,43.455,45.971,45.765,43.546,44.386
7073.97433,1.41363249758923,42.826,46.213,45.264,42.885,44.594
7072.04576,1.41401799979303,42.412,46.655,44.416,43.095,44.891
7070.1172,1.41440371030907,42.496,47.049,44.477,44.059,44.62
7068.18863,1.41478963330949,42.587,47.208,45.202,45.4,44.059
7066.26007,1.41517576496445,42.731,47.044,45.263,46.134,43.803
7064.3315,1.41556210945084,42.766,46.919,44.675,45.648,44.031
7062.40294,1.41594866293483,42.479,47.005,44.229,44.917,44.641
7060.47438,1.41633542759205,42.292,46.871,44.042,44.727,45.123
7058.54581,1.41672240560269,42.22,46.463,43.904,44.997,45.18
7056.61725,1.41710959312693,42.304,46.236,43.95,45.545,44.97
7054.68868,1.41749699435355,42.955,46.572,44.405,45.783,44.902
7052.76012,1.4178846054387,43.529,47.354,44.58,45.474,45.346
7050.83155,1.41827243057594,43.142,47.736,43.894,45.333,45.781
7048.90299,1.41866046591741,42.178,47.257,43.204,45.37,45.657
7046.97442,1.41904871566144,41.712,46.667,43.182,45.061,45.142
7045.04586,1.41943717595616,42.009,46.684,43.612,44.725,44.533
7043.1173,1.41982584898877,42.544,46.8,44.087,44.575,44.428
7041.18873,1.4202147369511,42.996,46.483,44.148,44.558,45.039
7039.26017,1.42060383598522,42.887,46.282,43.921,44.817,45.643
7037.3316,1.42099315030146,42.238,46.366,43.832,44.909,45.798
7035.40304,1.42138267603785,42.224,46.215,43.914,44.617,45.651
7033.47447,1.42177241740951,43.144,46.115,44.246,44.534,45.315
7031.54591,1.42216237055046,43.869,46.391,44.702,44.768,44.947
7029.61734,1.42255253968063,44.077,46.589,44.907,45.055,44.799
7027.68878,1.42294292092997,44.158,46.725,44.951,45.314,44.691
7025.76022,1.42333351649738,44.2,46.782,45.008,45.313,44.297
7023.83165,1.42372432858638,44.41,46.272,44.946,45.049,44.046
7021.90309,1.42411535332083,44.323,45.952,44.869,44.724,44.544
7019.97452,1.42450659493277,43.54,46.748,45.01,44.349,45.411
7018.04596,1.42489804954198,42.587,47.461,45.023,44.093,45.608
7016.11739,1.42528972138535,41.559,46.908,44.631,44.078,45.002
7014.18883,1.42568160657859,40.923,46.114,44.644,44.298,44.469
7012.26026,1.42607370936343,41.663,46.069,45.461,44.556,44.494
7010.3317,1.42646602585153,42.99,46.39,45.927,44.62,45.147
7008.40314,1.42685855825354,43.337,46.606,45.39,44.683,45.752
7006.47457,1.42725130878481,43.193,46.694,44.899,44.874,45.162
7004.54601,1.42764427355086,43.597,46.826,44.999,45.072,43.957
7002.61744,1.42803745680558,43.802,47.017,44.967,45.14,43.603
7000.68888,1.42843085465041,43.358,47.003,44.854,44.965,44.093
6998.76031,1.42882447134413,43.035,46.508,45.006,44.681,44.441
6996.83175,1.42921830298406,42.763,45.935,44.884,44.472,44.387
6994.90319,1.4296123517901,42.226,45.991,44.579,44.357,44.546
6992.97462,1.43000661998685,42.001,46.106,44.636,44.132,45.042
6991.04606,1.43040110366545,42.481,45.577,45.157,43.97,45.318
6989.11749,1.43079580709696,43.206,45.176,45.951,44.415,45.16
6987.18893,1.43119072636841,43.472,45.585,46.164,45.045,45.03
6985.26036,1.43158586575576,43.168,46.368,45.64,44.859,45.27
6983.3318,1.43198122134194,42.597,46.997,45.127,43.985,45.466
6981.40323,1.43237679740782,41.999,47.114,44.703,43.308,45.338
6979.47467,1.4327725900322,41.73,46.439,44.516,43.429,45.162
6977.54611,1.43316860144691,41.9,45.806,44.731,44.076,44.756
6975.61754,1.43356483388853,41.958,45.999,44.725,44.361,44.208
6973.68898,1.43396128342965,41.596,46.257,44.301,44.348,44.142
6971.76041,1.4343579543635,41.428,46.078,44.014,44.532,44.414
6969.83185,1.43475484275851,41.959,45.912,44.016,44.568,44.507
6967.90328,1.43515195291287,42.614,46.118,44.102,44.372,44.583
6965.97472,1.43554928089087,42.836,46.746,44.303,44.168,45.057
6964.04615,1.43594683099566,42.889,47.26,44.743,43.819,45.549
6962.11759,1.43634459928736,43.159,46.838,45.417,43.63,45.458
6960.18903,1.43674258800985,43.552,45.788,45.89,43.873,44.82
6958.26046,1.43714079941181,43.66,45.361,45.774,44.207,43.989
6956.3319,1.43753922954711,43.368,45.881,45.347,44.322,43.697
6954.40333,1.43793788273134,42.941,46.352,44.847,44.268,44.091
6952.47477,1.43833675501422,42.969,45.938,44.371,44.325,44.275
6950.5462,1.43873585071631,43.286,45.126,44.11,44.362,44.108
6948.61764,1.43913516588315,42.936,44.687,43.98,44.153,44.098
6946.68907,1.43953470484033,42.219,44.533,44.059,44.061,44.104
6944.76051,1.43993446362919,41.954,44.602,44.618,44.025,43.851
6942.83195,1.44033444450575,41.912,44.974,45.194,43.625,43.682
6940.90338,1.44073464973085,41.854,45.514,45.126,43.211,43.95
6938.97482,1.44113507533956,41.96,46.205,44.74,43.333,44.309
6937.04625,1.44153572566999,42.317,46.824,44.62,43.976,44.339
6935.11769,1.44193659675298,42.799,47.175,44.724,44.635,44.344
6933.18912,1.44233769293171,43.005,47.203,44.773,44.819,44.625
6931.26056,1.44273901023279,42.62,46.496,44.524,44.496,44.836
6929.33199,1.44314055300445,42.256,45.334,44.159,44.117,44.439
6927.40343,1.44354231726908,42.652,44.921,44.119,43.996,43.883
6925.47487,1.44394430529498,43.101,45.53,44.186,43.831,44.183
6923.5463,1.44434651935526,42.811,46.196,43.95,43.488,45.091
6921.61774,1.44474895546601,42.364,46.429,43.818,43.417,45.378
6919.68917,1.44515161798807,42.246,46.353,43.953,43.869,44.79
6917.76061,1.44555450293328,42,45.983,43.791,44.569,44.319
6915.83204,1.44595761466758,41.581,45.857,43.394,45.201,44.489
6913.90348,1.44636094919856,41.532,46.299,43.142,45.501,44.411
6911.97491,1.44676451089722,41.837,46.51,43.074,45.25,43.876
6910.04635,1.44716829576693,42.306,46.138,43.307,44.793,43.904
6908.11779,1.44757230608831,42.698,45.78,43.765,44.461,44.024
6906.18922,1.44797654414687,42.375,45.509,43.896,44.001,43.211
6904.26066,1.4483810059396,41.553,45.104,43.529,43.394,42.422
6902.33209,1.44878569585023,41.176,44.959,43.416,43.006,42.636
6900.40353,1.44919060987148,41.304,45.237,43.767,43.066,43.428
6898.47496,1.44959575239221,41.62,45.35,43.895,43.515,44.177
6896.5464,1.45000111940086,42.136,44.808,43.661,43.801,44.322
6894.61783,1.45040671529143,42.195,44.093,43.418,43.553,43.906
6892.68927,1.45081253604807,41.576,44.314,43.412,43.42,43.839
6890.76071,1.45121858396386,41.454,45.346,43.407,43.792,44.159
6888.83214,1.4516248613368,41.87,45.993,43.05,44.007,43.98
6886.90358,1.45203136414464,41.917,45.979,42.735,43.809,43.324
6884.97501,1.4524380967942,41.711,45.492,42.661,43.73,42.81
6883.04645,1.45284505525893,41.469,44.69,42.614,43.919,42.689
6881.11788,1.4532522439508,41.222,44.314,42.849,44.105,42.996
6879.18932,1.45365965883899,41.196,44.712,43.272,44.095,43.28
6877.26075,1.45406730434061,41.347,45.277,43.662,43.775,43.017
6875.33219,1.45447517642053,41.704,45.581,44.173,43.396,42.525
6873.40363,1.45488327738437,42.101,45.73,44.395,43.346,42.392
6871.47506,1.45529160954271,41.94,45.8,44.24,43.457,42.746
6869.5465,1.45570016885394,41.361,45.551,44.491,43.554,43.421
6867.61793,1.45610895974814,41.165,44.974,45.128,43.746,44.04
6865.68937,1.45651797817937,41.393,44.71,45.312,43.934,44.099
6863.7608,1.45692722858291,41.446,45.05,44.756,43.993,43.733
6861.83224,1.45733670690847,41.269,45.344,43.87,43.883,43.352
6859.90367,1.45774641759656,41.067,44.933,43.333,43.57,42.786
6857.97511,1.45815635659255,40.605,44.501,43.586,43.224,42.339
6856.04655,1.45856652621473,40.185,45.068,44.221,43.182,42.733
6854.11798,1.45897692878639,40.504,45.889,44.348,43.261,43.565
6852.18942,1.4593875602464,41.006,46.001,43.802,42.995,43.858
6850.26085,1.4597984250483,41.052,46.024,43.376,42.507,43.644
6848.33229,1.46020951912659,41.11,46.222,43.556,42.165,43.526
6846.40372,1.46062084694006,41.353,45.861,43.845,42.19,43.35
6844.47516,1.46103240441887,41.575,44.909,43.711,42.281,42.72
6842.5466,1.4614441938912,41.841,44.229,43.433,42.239,42.26
6840.61803,1.46185621769032,42.093,44.431,43.35,42.676,42.699
6838.68947,1.46226847173981,42.105,45.113,43.282,43.47,43.254
6836.7609,1.46268096051158,41.848,45.291,43.235,43.862,42.915
6834.83234,1.46309367992485,41.373,44.898,43.564,43.757,42.251
6832.90377,1.46350663445682,40.785,44.575,44.025,43.487,42.117
6830.97521,1.4639198200223,40.626,44.402,43.75,43.37,42.289
6829.04664,1.46433324110377,41.185,44.548,43.028,43.546,42.536
6827.11808,1.46474689361166,41.748,45.239,43.283,43.848,42.967
6825.18952,1.46516077988703,41.54,45.716,44.074,43.813,43.244
6823.26095,1.46557490227602,40.632,45.328,43.829,43.377,43.111
6821.33239,1.46598925668245,39.931,44.717,43.199,42.954,42.838
6819.40382,1.46640384760203,40.176,44.538,43.123,42.699,42.697
6817.47526,1.4668186709342,40.904,44.519,42.77,42.818,42.806
6815.54669,1.46723373117997,41.227,44.168,41.997,43.191,43.019
6813.61813,1.46764902423435,40.872,43.703,41.763,43.146,43.074
6811.68956,1.46806455460369,40.294,43.81,42.017,42.691,42.969
6809.761,1.46848031817857,40.195,44.479,42.423,42.469,42.9
6807.83244,1.468896317313,40.494,44.979,43.123,42.552,43.058
6805.90387,1.46931255436613,40.353,44.891,43.606,42.402,43.354
6803.97531,1.46972902522187,39.724,44.486,43.417,42.084,43.345
6802.04674,1.47014573439994,39.587,44.385,43.153,42.159,43.033
6800.11818,1.47056267777981,40.066,44.808,43.167,42.439,42.996
6798.18961,1.47097985988655,40.347,45.105,43.015,42.443,43.096
6796.26105,1.4713972765952,40.519,44.596,42.711,42.449,42.801
6794.33248,1.47181493243616,41.118,43.856,42.821,42.725,42.433
6792.40392,1.47223282328004,41.667,43.737,43.229,42.881,42.312
6790.47536,1.47265095149392,41.47,43.706,43.304,42.784,42.173
6788.54679,1.47306931945003,40.901,43.132,43.019,42.576,41.98
6786.61823,1.47348792301228,40.566,42.714,43.012,42.359,42.051
6784.68966,1.47390676672454,40.52,43.112,43.482,42.19,42.302
6782.7611,1.47432584644622,40.499,43.804,43.811,42.001,42.303
6780.83253,1.4747451667266,40.273,44.168,43.709,42.035,42.055
6778.90397,1.47516472342062,40.059,44.349,43.506,42.312,42.031
6776.9754,1.47558452108296,40.256,44.586,43.502,42.424,42.305
6775.04684,1.47600455556408,40.794,44.727,43.405,42.425,42.374
6773.11828,1.47642482924423,41.11,44.572,42.828,42.495,42.12
6771.18971,1.47684534450889,41.024,44.426,42.318,42.63,41.944
6769.26115,1.47726609720176,41.057,44.526,42.419,42.758,41.964
6767.33258,1.47768709189109,41.283,44.371,42.731,42.866,41.887
6765.40402,1.47810832441608,41.249,43.906,42.728,43.028,41.502
6763.47545,1.47852979935042,40.861,43.783,42.435,42.899,41.086
6761.54689,1.47895151252881,40.551,43.901,42.123,42.219,40.809
6759.61832,1.4793734685304,40.565,43.748,41.989,41.552,40.584
6757.68976,1.47979566318534,40.557,43.652,42.199,41.533,40.744
6755.7612,1.48021809888721,40.455,43.996,42.395,41.988,41.316
6753.83263,1.4806407780348,40.56,44.372,42.206,42.181,41.605
6751.90407,1.48106369645148,40.786,44.655,42.141,41.969,41.546
6749.9755,1.48148685873008,40.77,45.019,42.485,42.016,41.81
6748.04694,1.48191026068944,40.514,44.869,42.812,42.452,42.201
6746.11837,1.48233390692787,40.311,43.936,42.797,42.65,42.04
6744.18981,1.48275779325968,40.194,43.092,42.603,42.473,41.638
6742.26124,1.48318192428865,40.198,43.06,42.627,42.397,41.585
6740.33268,1.48360629582456,40.316,43.504,42.849,42.501,41.777
6738.40412,1.48403091027435,40.261,43.525,43.005,42.398,41.885
6736.47555,1.48445577005026,39.938,42.857,42.888,42.078,41.606
6734.54699,1.48488087095521,39.788,42.27,42.305,41.862,40.908
6732.61842,1.48530621760679,39.999,42.391,41.574,41.665,40.324
6730.68986,1.48573180580334,39.883,42.977,41.267,41.433,40.305
6728.76129,1.48615764016797,39.426,43.721,41.332,41.459,40.889
6726.83273,1.48658371649446,39.528,44.32,41.436,41.617,41.659
6724.90416,1.48701003941148,40.04,44.265,41.554,41.6,42.022
6722.9756,1.48743660470819,40.073,43.892,41.679,41.685,42.03
6721.04704,1.48786341480508,39.869,43.925,41.738,42.066,41.948
6719.11847,1.48829047212796,40.114,44.249,41.891,42.43,41.78
6717.18991,1.48871777245911,40.465,44.483,42.089,42.42,41.608
6715.26134,1.4891453204411,40.542,44.441,41.91,41.76,41.331
6713.33278,1.48957311185161,40.343,44.138,41.273,40.695,40.857
6711.40421,1.49000115133879,39.791,43.852,40.571,40.186,40.649
6709.47565,1.49042943467572,39.364,43.699,40.406,40.646,40.689
6707.54709,1.49085796429347,39.481,43.651,40.66,41.243,40.153
6705.61852,1.49128674262848,39.652,43.614,40.647,41.175,39.406
6703.68996,1.49171576544689,39.485,43.496,40.524,40.602,39.701
6701.76139,1.49214503741083,39.354,43.441,40.84,40.241,40.696
6699.83283,1.49257455428183,39.654,43.46,41.596,40.635,41.016
6697.90426,1.49300432072763,40.358,43.397,42.328,41.493,40.432
6695.9757,1.49343433250512,41.136,43.379,42.519,42.098,39.866
6694.04713,1.49386459428767,41.505,43.433,42.338,42.24,39.869
6692.11857,1.49429510182752,41.205,43.337,42.216,41.971,40.275
6690.19001,1.49472585756948,40.483,43.234,42.163,41.668,40.606
6688.26144,1.49515686396374,39.806,43.266,42.116,41.722,40.514
6686.33288,1.49558811675556,39.405,43.082,41.852,41.704,40.209
6684.40431,1.49601962063243,39.289,42.672,41.348,41.481,39.787
6682.47575,1.49645137133494,39.509,42.468,41.133,41.535,39.21
6680.54718,1.49688337355624,40.086,42.407,41.157,41.626,38.954
6678.61862,1.49731562303224,40.7,42.412,40.968,41.3,39.138
6676.69005,1.49774812446176,40.775,42.64,40.73,40.778,39.089
6674.76149,1.49818087357605,40.267,42.972,40.714,40.434,38.603
6672.83293,1.49861387283377,39.813,43.386,40.832,40.442,38.419
6670.90436,1.499047124699,39.651,43.759,40.857,40.632,38.939
6668.9758,1.49948062489595,39.589,43.747,40.806,40.648,39.613
6667.04723,1.49991437813768,39.665,43.37,40.876,40.514,39.669
6665.11867,1.5003483801437,39.738,42.601,40.863,40.413,39.181
6663.1901,1.50078263563274,39.583,41.721,40.604,40.373,39.183
6661.26154,1.50121714031964,39.367,41.318,40.35,40.488,39.827
6659.33297,1.50165189892885,39.188,41.27,40.243,40.641,39.911
6657.40441,1.50208690717048,38.922,41.353,40.411,40.6,39.162
6655.47585,1.50252216751714,38.711,41.705,40.905,40.47,38.79
6653.54728,1.50295768244695,38.848,42.158,41.375,40.43,39.085
6651.61872,1.50339344766292,39.208,42.36,41.519,40.374,39.129
6649.69015,1.50382946790385,39.48,42.31,41.401,40.263,38.993
6647.76159,1.50426573886805,39.42,42.263,41.294,40.358,39.193
6645.83302,1.50470226530007,38.807,42.251,41.215,40.504,39.276
6643.90446,1.50513904289346,38.241,42.147,40.966,40.253,39.074
6641.97589,1.50557607639856,38.538,42.101,40.73,40.092,38.946
6640.04733,1.50601336150416,39.267,42.403,40.735,40.676,38.907
6638.11877,1.50645090069698,39.584,42.897,40.827,41.412,38.903
6636.1902,1.50688869646925,39.351,43.029,40.844,41.569,38.845
6634.26164,1.50732674450265,39.034,42.729,40.734,41.219,38.532
6632.33307,1.50776504956196,39.062,42.494,40.437,40.585,38.186
6630.40451,1.5082036073241,39.235,42.633,40.285,40.19,38.293
6628.47594,1.50864242255966,39.156,42.909,40.581,40.437,38.713
6626.54738,1.50908149094076,38.809,42.853,40.803,40.924,38.783
6624.61881,1.50952081724382,38.359,42.58,40.697,41.169,38.319
6622.69025,1.50996039713619,37.988,42.415,40.611,41.036,37.825
6620.76169,1.5104002331188,38.143,42.151,40.557,40.543,37.604
6618.83312,1.51084032769812,38.949,41.803,40.53,39.962,37.474
6616.90456,1.51128067653435,39.649,41.87,40.681,39.697,37.481
6614.97599,1.51172128441845,39.642,42.293,40.875,39.718,37.781
6613.04743,1.5121621470058,39.297,42.364,40.721,39.701,38.056
6611.11886,1.51260326909324,39.159,41.771,40.142,39.585,38.039
6609.1903,1.51304464633134,39.137,41.177,39.515,39.355,37.895
6607.26173,1.51348628352278,39.128,41.255,39.233,39.148,37.732
6605.33317,1.51392817631332,39.337,41.801,39.51,39.229,37.639
6603.40461,1.51437032721822,39.618,42.284,40.115,39.513,37.784
6601.47604,1.51481273875835,39.407,42.438,40.403,39.769,37.853
6599.54748,1.51525540657221,38.722,42.334,40.127,39.844,37.609
6597.61891,1.51569833547722,38.326,42.15,39.599,39.795,37.506
6595.69035,1.51614152110704,38.371,41.771,39.09,39.898,37.617
6593.76178,1.51658496828498,38.413,41.228,38.831,39.998,37.399
6591.83322,1.51702867263987,38.31,41.136,38.897,39.621,36.969
6589.90465,1.51747263900093,37.928,41.711,38.911,38.866,36.943
6587.97609,1.51791686299214,37.597,42.241,38.89,38.347,37.15
6586.04753,1.51836134714321,37.997,42.279,39.205,38.678,37.008
6584.11896,1.51880609398953,38.582,42.17,39.366,39.695,36.54
6582.1904,1.51925109914779,38.533,41.921,39.065,40.355,36.235
6580.26183,1.51969636746202,38.201,41.272,38.935,40.267,36.384
6578.33327,1.52014189454406,37.962,40.582,38.905,39.773,36.653
6576.4047,1.52058768524388,37.778,40.399,38.617,39.06,36.601
6574.47614,1.52103373516844,37.725,40.76,38.566,38.57,36.377
6572.54757,1.52148004917369,37.717,41.125,38.77,38.66,36.314
6570.61901,1.52192662286167,37.721,41.072,38.773,38.844,36.53
6568.69045,1.5223734587767,37.918,40.813,38.705,38.563,36.885
6566.76188,1.5228205594688,38.184,40.685,38.659,38.287,36.944
6564.83332,1.52326792053267,38.218,40.702,38.559,38.515,36.516
6562.90475,1.52371554683923,38.062,40.686,38.803,38.718,36.117
6560.97619,1.52416343397826,37.852,40.664,39.253,38.529,36.065
6559.04762,1.52461158682669,37.626,40.669,38.992,38.381,35.813
6557.11906,1.52506000096939,37.591,40.648,38.439,38.626,35.376
6555.1905,1.52550867896211,37.651,40.875,38.584,38.968,35.652
6553.26193,1.52595762336635,37.448,41.223,38.943,39.009,36.499
6551.33337,1.5264068297596,37.079,41.094,38.977,38.947,36.761
6549.4048,1.52685630303383,36.73,40.616,38.971,39.013,36.317
6547.47624,1.52730603876159,36.485,40.492,38.998,39.103,35.997
6545.54767,1.52775604184088,36.639,41.003,39.006,39.274,36.167
6543.61911,1.52820630783933,37.11,41.58,38.965,39.427,36.614
6541.69054,1.52865684166099,37.309,41.546,38.805,39.274,36.859
6539.76198,1.52910763886853,37.161,41.036,38.738,39.023,36.458
6537.83342,1.52955870203252,36.841,40.57,38.757,38.874,35.504
6535.90485,1.5300100337293,36.332,40.434,38.697,38.559,34.689
6533.97629,1.53046162951412,36.261,40.489,38.657,38.324,34.614
6532.04772,1.53091349430619,37.068,40.592,38.605,38.629,35.106
6530.11916,1.53136562365579,37.935,40.717,38.639,38.795,35.517
6528.19059,1.53181802248822,37.966,40.541,38.878,38.386,35.443
6526.26203,1.53227068634877,37.463,40.258,39.081,38.294,34.913
6524.33346,1.53272362016886,37.165,40.404,39.129,38.542,34.177
6522.4049,1.53317681948878,37.027,40.549,39.008,38.509,33.801
6520.47634,1.53363028689404,36.824,40.16,38.785,38.485,34.198
6518.54777,1.53408402497601,36.718,39.838,38.751,38.517,34.783
6516.61921,1.53453802926748,36.738,40.217,38.819,38.336,34.801
6514.69064,1.53499230471518,36.767,40.758,38.557,38.108,34.322
6512.76208,1.53544684684689,36.712,40.668,38.066,37.871,33.912
6510.83351,1.53590166061549,36.567,40.346,37.79,37.761,33.988
6508.90495,1.53635674154375,36.493,40.494,37.604,37.96,34.519
6506.97638,1.5368120945907,36.569,40.674,37.281,38.233,35.142
6505.04782,1.53726771527408,36.64,40.35,37.167,38.415,35.327
6503.11926,1.53772360619448,36.735,39.948,37.426,38.402,34.897
6501.19069,1.53817976995842,36.895,39.761,37.666,38.015,34.233
6499.26213,1.53863620207607,36.894,39.634,37.787,37.711,33.615
6497.33356,1.5390929075219,36.727,39.644,37.949,37.82,33.213
6495.405,1.53954988180106,36.446,39.814,37.996,37.78,33.138
6493.47643,1.54000712989421,36.153,39.829,37.869,37.545,33.334
6491.54787,1.54046464730145,36.165,39.687,37.822,37.593,33.657
6489.6193,1.54092243900964,36.34,39.718,37.845,37.766,33.687
6487.69074,1.54138050051381,36.439,39.887,37.731,37.694,33.352
6485.76218,1.54183883442979,36.445,39.948,37.675,37.488,33.185
6483.83361,1.54229744337933,36.071,39.718,37.806,37.423,33.016
6481.90505,1.54275632284987,35.375,39.381,37.766,37.443,32.305
6479.97648,1.54321547784383,35.038,39.427,37.442,37.381,31.659
6478.04792,1.54367490384356,35.274,39.596,36.985,37.325,31.864
6476.11935,1.54413460585775,35.674,39.474,36.782,37.339,32.51
6474.19079,1.54459457936364,35.939,39.386,37.107,37.251,32.927
6472.26222,1.54505482937618,36.004,39.32,37.49,37.153,33.095
6470.33366,1.54551535136752,36.111,39.165,37.654,37.351,32.944
6468.4051,1.54597614796884,36.476,39.4,37.844,37.629,32.334
6466.47653,1.5464372218173,36.796,39.84,38.087,37.603,31.694
6464.54797,1.5468985683774,36.722,39.698,38.143,37.486,31.399
6462.6194,1.54736019267977,36.51,39.18,37.832,37.53,31.376
6460.69084,1.54782209018378,36.379,38.978,37.338,37.465,31.429
6458.76227,1.54828426592639,36.134,39.012,36.982,37.25,31.292
6456.83371,1.54874671536182,35.991,38.878,36.848,37.217,31.058
6454.90514,1.54920944353336,36.077,38.775,36.689,37.184,31.117
6452.97658,1.54967244589008,36.01,39.027,36.482,36.884,31.533
6451.04802,1.55013572507867,35.921,39.299,36.524,36.559,31.95
6449.11945,1.55059928375183,36.017,39.266,36.589,36.523,31.909
6447.19089,1.55106311735094,35.823,39.163,36.45,36.567,31.552
6445.26232,1.55152723093511,35.367,39.124,36.435,36.266,31.222
6443.33376,1.55199161994054,35.162,38.964,36.583,35.844,30.929
6441.40519,1.55245628943271,35.003,38.616,36.504,35.78,30.777
6439.47663,1.55292123484265,34.77,38.318,36.331,36.106,30.778
6437.54806,1.5533864612422,34.626,38.331,36.456,36.322,30.63
6435.6195,1.55385196405723,34.362,38.443,36.459,36.044,30.384
6433.69094,1.55431774595004,34.296,38.224,36.183,35.635,30.347
6431.76237,1.55478380958904,34.801,37.828,36.089,35.366,30.223
6429.83381,1.5552501503923,35.473,37.751,36.191,35.269,29.805
6427.90524,1.55571677344764,35.953,37.948,36.308,35.579,29.593
6425.97668,1.55618367416796,35.865,37.958,36.371,36.144,29.463
6424.04811,1.55665085764745,35.2,37.854,36.345,36.389,29.007
6422.11955,1.55711831929382,34.715,38.072,36.227,36.079,28.812
6420.19099,1.55758606178163,34.657,38.374,36.152,35.648,29.071
6418.26242,1.55805408779157,34.588,38.187,36.184,35.62,29.19
6416.33386,1.5585223927235,34.542,37.754,35.996,35.858,29.127
6414.40529,1.55899098168772,34.79,37.859,35.662,35.724,28.977
6412.47673,1.55945985007886,35.034,38.42,35.565,35.123,28.625
6410.54816,1.55992900301368,35.199,38.672,35.676,34.995,28.31
6408.6196,1.56039843588157,35.488,38.532,35.961,35.659,28.286
6406.69103,1.56086815380576,35.547,38.413,36.254,36.158,28.626
6404.76247,1.56133815217038,35.311,38.389,36.183,36.152,29.003
6402.83391,1.5618084336659,35.134,38.284,35.876,36.055,28.802
6400.90534,1.56227900098894,34.952,37.976,35.709,35.927,28.24
6398.97678,1.56274984951578,34.739,37.513,35.657,35.726,27.959
6397.04821,1.56322098438586,34.62,37.168,35.474,35.56,28.058
6395.11965,1.56369240097017,34.506,37.184,35.282,35.463,28.341
6393.19108,1.56416410441466,34.413,37.558,35.447,35.533,28.59
6391.26252,1.56463609008506,34.391,38.02,35.868,35.757,28.615
6389.33395,1.56510836313384,34.296,38.187,36.097,35.753,28.357
6387.40539,1.56558091892145,34.233,38.098,35.973,35.376,28.083
6385.47683,1.56605376015435,34.289,37.95,35.429,34.876,27.85
6383.54826,1.56652688954528,34.343,37.664,34.743,34.543,27.427
6381.6197,1.56700030244673,34.516,37.414,34.666,34.642,27.041
6379.69113,1.56747400402753,34.721,37.454,35.06,35.153,26.814
6377.76257,1.56794798963487,34.603,37.491,35.172,35.729,26.54
6375.834,1.56842226444415,34.233,37.237,35.07,35.88,26.289
6373.90544,1.56889682379725,33.914,37.034,35.01,35.369,26.119
6371.97687,1.56937167287614,33.807,37.022,34.868,34.642,26.023
6370.04831,1.56984680701739,33.775,36.792,34.607,34.223,26.087
6368.11975,1.57032222894364,33.575,36.455,34.359,34.101,26.106
6366.19118,1.57079794138385,33.427,36.394,34.287,34.112,25.854
6364.26262,1.57127393966656,33.648,36.399,34.279,34.089,25.612
6362.33405,1.57175022899026,33.866,36.242,34.268,33.924,25.526
6360.40549,1.57222680467814,33.719,36.275,34.545,33.861,25.341
6358.47692,1.57270367193532,33.525,36.681,34.965,33.944,25.172
6356.54836,1.57318082607964,33.433,36.964,34.957,33.923,25.196
6354.61979,1.57365827232285,33.377,36.789,34.701,33.945,25.29
6352.69123,1.57413600597742,33.394,36.588,34.699,34.101,25.366
6350.76267,1.57461402978235,33.214,36.696,34.773,34.256,25.198
6348.8341,1.57509234648296,32.694,36.647,34.512,34.432,24.611
6346.90554,1.57557095138366,32.251,36.234,34.021,34.465,24.004
6344.97697,1.57604984971285,32.234,35.937,33.855,34.192,23.873
6343.04841,1.57652903676956,32.6,35.996,34.155,33.88,24.211
6341.11984,1.57700851778887,33.166,36.279,34.429,33.753,24.547
6339.19128,1.5774882880644,33.516,36.446,34.398,33.647,24.428
6337.26271,1.57796835283794,33.288,36.279,34.211,33.391,24.058
6335.33415,1.5784487073977,33.023,36.047,34.084,33.252,23.951
6333.40559,1.57892935449915,33.24,36.14,34.181,33.541,24.058
6331.47702,1.57941029690415,33.368,36.576,34.329,33.965,24.149
6329.54846,1.5798915298928,32.96,36.685,34.13,33.873,24.135
6327.61989,1.58037305872367,32.366,36.199,33.699,33.309,23.885
6325.69133,1.58085487867142,31.957,35.854,33.589,33.026,23.574
6323.76276,1.58133699500138,32,35.894,33.855,33.21,23.372
6321.8342,1.58181940298276,32.552,36.056,34.166,33.537,23.126
6319.90563,1.58230210788765,33.089,36.281,34.275,33.836,22.883
6317.97707,1.58278510497981,33.216,36.274,34.041,33.918,22.83
6316.04851,1.58326839703136,33.057,35.861,33.743,33.789,22.922
6314.11994,1.58375198682083,32.738,35.244,33.718,33.545,22.986
6312.19138,1.58423586960381,32.437,34.733,33.69,33.107,22.838
6310.26281,1.58472005066933,32.321,34.808,33.359,32.869,22.566
6308.33425,1.58520452526751,32.301,35.404,32.984,33.16,22.448
6306.40568,1.58568929869415,32.38,35.838,32.853,33.46,22.525
6304.47712,1.58617436619391,32.508,35.863,32.912,33.277,22.679
6302.54855,1.58665973306941,32.356,35.595,32.908,32.859,22.69
6300.61999,1.58714539455981,31.926,34.971,32.795,32.584,22.286
6298.69143,1.587631353454,31.655,34.288,32.791,32.398,21.557
6296.76286,1.58811761254735,31.79,34.209,32.705,32.347,20.912
6294.8343,1.58860416707077,32.119,34.726,32.385,32.626,20.625
6292.90573,1.58909102234398,32.346,35.112,32.45,32.93,20.612
6290.97717,1.58957817359239,32.492,35.017,32.916,33.071,20.692
6289.0486,1.59006562614256,32.414,34.944,32.848,33.174,20.748
6287.12004,1.59055337521439,31.873,35.246,32.347,33.196,20.706
6285.19148,1.5910414236099,31.263,35.302,32.283,33.062,20.662
6283.26291,1.59152977413769,31.03,34.804,32.599,32.742,20.552
6281.33435,1.59201842200933,31.075,34.186,32.716,32.388,20.225
6279.40578,1.59250737256862,31.224,33.598,32.441,32.011,19.925
6277.47722,1.59299662102159,31.346,33.302,32.167,31.543,19.791
6275.54865,1.59348617271894,31.493,33.597,32.252,31.372,19.76
6273.62009,1.59397602286115,31.698,34.205,32.374,31.701,19.886
6271.69152,1.59446617680584,31.552,34.649,32.27,32.102,19.979
6269.76296,1.59495662974793,31.115,34.633,32.201,32.06,19.816
6267.8344,1.59544738450652,31.061,34.308,32.4,31.909,19.455
6265.90583,1.59593844390732,31.374,34.016,32.548,32.178,18.904
6263.97727,1.59642980313688,31.473,33.887,32.241,32.462,18.416
6262.0487,1.59692146757019,31.186,33.945,31.794,32.352,18.375
6260.12014,1.59741343238822,30.766,34.093,31.687,31.994,18.56
6258.19157,1.59790570297291,30.438,34.232,31.768,31.606,18.423
6256.26301,1.59839827449965,30.328,34.271,31.664,31.38,17.798
6254.33444,1.59889115235737,30.521,34.035,31.512,31.272,17.19
6252.40588,1.59938433171584,30.74,33.68,31.624,31.095,17.325
6250.47732,1.59987781541138,30.732,33.523,31.705,30.983,18.106
6248.54875,1.60037160628698,30.748,33.412,31.435,31.032,18.596
6246.62019,1.60086569950397,30.791,33.148,31.322,30.956,18.334
6244.69162,1.60136010046882,30.707,33.109,31.644,30.877,17.786
6242.76306,1.60185480433723,30.704,33.454,31.757,30.95,17.458
6240.83449,1.60234981652269,30.704,33.613,31.482,30.729,17.442
6238.90593,1.60284513217528,30.436,33.217,31.438,30.31,17.583
6236.97736,1.60334075671553,30.098,32.71,31.623,30.28,17.618
6235.0488,1.60383668528785,29.871,32.593,31.346,30.568,17.486
6233.12024,1.60433292074597,29.8,32.615,30.552,30.721,17.345
6231.19167,1.60482946595029,29.997,32.442,30.018,30.725,17.261
6229.26311,1.60532631603676,30.186,32.234,30.146,30.783,17.095
6227.33454,1.60582347644358,30.162,32.224,30.514,30.775,16.792
6225.40598,1.60632094230102,30.261,32.443,30.819,30.709,16.487
6223.47741,1.60681871905437,30.478,32.58,31.052,30.805,16.304
6221.54885,1.60731680182821,30.368,32.406,31.028,31.039,16.3
6219.62028,1.60781519607496,29.999,32.19,30.764,31.168,16.402
6217.69172,1.6083138969135,29.722,32.088,30.457,30.81,16.471
6215.76316,1.60881290721508,29.551,31.857,30.103,30.123,16.354
6213.83459,1.60931222985773,29.3,31.565,29.825,29.699,16.01
6211.90603,1.60981185995178,28.96,31.695,29.659,29.458,15.758
6209.97746,1.61031180296748,28.861,32.222,29.57,29.226,15.749
6208.0489,1.61081205400943,28.96,32.647,29.721,29.317,15.8
6206.12033,1.61131261855505,28.861,32.739,29.749,29.638,15.874
6204.19177,1.61181349170321,28.647,32.598,29.33,29.721,15.928
6202.2632,1.61231467893849,28.461,32.396,29.005,29.537,15.8
6200.33464,1.61281617535405,28.3,32.203,29.27,29.295,15.557
6198.40608,1.61331798383884,28.335,32.082,29.966,29.161,15.484
6196.47751,1.61382010728867,28.618,32.098,30.637,29.213,15.601
6194.54895,1.61432254078806,28.78,32.212,31.032,29.431,15.733
6192.62038,1.61482528983958,28.459,32.372,31.051,29.626,15.665
6190.69182,1.61532834952201,27.941,32.493,30.63,29.521,15.35
6188.76325,1.61583172534512,27.765,32.369,30.143,29.23,15.149
6186.83469,1.61633541238193,27.937,31.953,30.024,29.067,15.057
6184.90612,1.61683941614946,28.192,31.607,29.947,29.168,14.926
6182.97756,1.61734373171492,28.403,31.642,29.488,29.383,14.984
6181.049,1.61784836198516,28.545,31.843,29.093,29.237,15
6179.12043,1.61835330987391,28.57,31.592,29.077,28.72,14.769
6177.19187,1.61885857043971,28.319,30.923,29.072,28.481,14.654
6175.2633,1.61936414921774,27.847,30.654,29.108,28.686,14.772
6173.33474,1.61987004126071,27.635,30.884,29.417,28.866,14.84
6171.40617,1.62037625211111,27.92,31.127,29.682,28.898,14.822
6169.47761,1.62088277681585,28.211,31.319,29.533,29.023,14.954
6167.54904,1.62138962092468,28.095,31.353,29.084,29.111,15.129
6165.62048,1.62189677947871,27.839,31.038,28.56,28.959,15.102
6163.69192,1.62240425540282,27.715,30.57,28.101,28.731,14.863
6161.76335,1.62291205162886,27.555,30.213,28.037,28.591,14.61
6159.83479,1.62342016318915,27.348,30.064,28.39,28.49,14.597
6157.90622,1.62392859565179,27.426,30.072,28.669,28.316,14.721
6155.97766,1.62443734404325,27.728,30.068,28.624,28.123,14.646
6154.04909,1.62494641393899,27.869,29.981,28.414,28.012,14.328
6152.12053,1.62545580035962,27.771,29.89,28.399,27.964,14.21
6150.19196,1.62596550888795,27.485,29.899,28.657,27.942,14.473
6148.2634,1.62647553453875,27.139,30.132,28.74,27.947,14.683
6146.33484,1.6269858802551,27.045,30.482,28.472,27.922,14.758
6144.40627,1.62749654898715,27.186,30.541,28.223,27.736,14.74
6142.47771,1.62800753574082,27.208,30.202,28.113,27.562,14.453
6140.54914,1.6285188461174,27.215,29.79,27.934,27.73,14.13
6138.62058,1.62903047511694,27.445,29.436,27.72,28.041,13.952
6136.69201,1.62954242834814,27.577,29.251,27.622,28.06,13.795
6134.76345,1.63005470080513,27.416,29.558,27.608,27.826,13.717
6132.83489,1.63056729544532,27.172,30.106,27.583,27.57,13.74
6130.90632,1.63108021523317,26.995,30.181,27.52,27.342,13.699
6128.97776,1.63159345515393,26.828,29.772,27.294,27.178,13.733
6127.04919,1.63210702083494,26.493,29.461,26.814,27.089,14.057
6125.12063,1.6326209072555,26.077,29.452,26.53,27.082,14.422
6123.19206,1.63313512005044,25.955,29.414,26.819,27.256,14.522
6121.2635,1.63364965419313,26.113,29.224,27.154,27.526,14.243
6119.33493,1.63416451532585,26.163,29.066,27.132,27.56,13.895
6117.40637,1.63467969841605,26.017,28.906,27.113,27.329,14.102
6115.47781,1.63519520643964,25.92,28.651,27.203,27.177,14.699
6113.54924,1.6357110423797,25.945,28.488,27.134,27.172,14.887
6111.62068,1.63622720119469,26.038,28.456,26.909,27.067,14.53
6109.69211,1.63674368854571,26.238,28.313,26.651,26.771,14.267
6107.76355,1.63726049938525,26.466,28.186,26.613,26.549,14.314
6105.83498,1.63777763938193,26.495,28.223,26.865,26.79,14.088
6103.90642,1.63829510348227,26.192,28.154,26.96,27.291,13.571
6101.97785,1.63881289736245,25.707,28.012,26.836,27.468,13.519
6100.04929,1.63933101596299,25.37,27.997,26.86,27.229,14.013
6098.12073,1.63984946227852,25.287,28.073,26.898,26.927,14.469
6096.19216,1.64036823931088,25.379,28.182,26.665,26.873,14.535
6094.2636,1.64088734199157,25.597,28.3,26.363,26.952,14.405
6092.33503,1.64140677601573,25.678,28.452,26.152,26.883,14.404
6090.40647,1.64192653630883,25.392,28.458,25.931,26.573,14.476
6088.4779,1.64244662857362,25.024,28.23,25.826,26.093,14.485
6086.54934,1.64296704772954,24.905,27.948,25.876,25.765,14.523
6084.62077,1.64348779948697,25.007,27.564,25.86,25.626,14.587
6082.69221,1.6440088787593,25.086,27.312,25.815,25.348,14.587
6080.76365,1.64453028856006,25.041,27.477,25.805,25.22,14.453
6078.83508,1.64505203191004,25.212,27.546,25.697,25.499,14.154
6076.90652,1.64557410371355,25.623,27.241,25.442,25.596,14.016
6074.97795,1.64609650970009,25.588,27.061,25.236,25.491,14.228
6073.04939,1.64661924476791,25.023,27.066,25.322,25.662,14.414
6071.12082,1.64714231465418,24.666,27.004,25.561,25.845,14.322
6069.19226,1.64766571425108,24.762,27.02,25.633,25.745,14.126
6067.26369,1.64818944930346,24.856,27.17,25.411,25.512,14.077
6065.33513,1.64871351469742,24.673,27.46,25.07,25.197,14.203
6063.40657,1.64923791346553,24.499,27.875,24.977,24.958,14.379
6061.478,1.64976264864774,24.526,28.003,25.193,24.916,14.528
6059.54944,1.65028771512095,24.414,27.588,25.259,24.768,14.608
6057.62087,1.65081311864934,24.039,26.93,24.902,24.479,14.609
6055.69231,1.6513388541037,23.791,26.517,24.476,24.461,14.558
6053.76374,1.65186492725598,23.963,26.444,24.363,24.854,14.554
6051.83518,1.65239133297084,24.166,26.39,24.492,25.314,14.802
6049.90661,1.65291807702797,23.95,26.366,24.678,25.392,15.101
6047.97805,1.6534451542859,23.625,26.552,24.77,25.034,15.101
6046.04949,1.6539725677965,23.563,26.796,24.821,24.653,14.981
6044.12092,1.654500320619,23.622,26.779,24.976,24.662,15.134
6042.19236,1.6550284076027,23.61,26.29,25.092,24.861,15.531
6040.26379,1.65555683454679,23.579,25.669,24.908,24.754,15.749
6038.33523,1.6560855962944,23.53,25.531,24.379,24.335,15.614
6036.40666,1.65661469865253,23.262,25.725,23.867,23.874,15.345
6034.4781,1.65714413645813,23.005,25.68,23.75,23.631,15.138
6032.54953,1.65767391552606,23.137,25.468,23.823,23.672,15.191
6030.62097,1.65820403068708,23.302,25.354,23.886,23.733,15.47
6028.69241,1.65873448501248,23.178,25.263,24.05,23.783,15.604
6026.76384,1.65926528158104,23.004,25.106,24.145,23.917,15.525
6024.83528,1.65979641521419,22.895,24.896,24.094,23.889,15.642
6022.90671,1.66032789174648,22.784,24.769,24,23.594,15.949
6020.97815,1.66085970599312,22.707,24.876,23.715,23.329,15.919
6019.04958,1.66139186379654,22.625,25.138,23.403,23.354,15.678
6017.12102,1.66192435996576,22.377,25.298,23.29,23.548,15.749
6015.19245,1.66245720035109,21.967,25.211,23.266,23.712,16.074
6013.26389,1.66299037975531,21.763,24.936,23.326,23.846,16.349
6011.33533,1.66352390126937,22.014,24.558,23.369,23.779,16.448
6009.40676,1.66405776799173,22.375,24.246,23.245,23.453,16.563
6007.4782,1.66459197471578,22.331,24.147,23.07,23.251,16.896
6005.54963,1.66512652731171,21.871,24.17,22.959,23.356,17.203
6003.62107,1.66566142056664,21.506,24.212,22.88,23.519,17.175
6001.6925,1.66619666035872,21.437,24.246,22.688,23.408,16.905
5999.76394,1.66673224146882,21.508,24.297,22.516,23.086,16.655
5997.83538,1.66726816700328,21.691,24.417,22.726,22.879,16.491
5995.90681,1.66780444007601,21.808,24.437,23.119,22.617,16.464
5993.97825,1.66834105545845,21.772,24.178,23.126,22.155,16.668
5992.04968,1.66887801904873,21.734,23.864,22.786,21.947,16.934
5990.12112,1.66941532561198,21.595,23.728,22.552,22.061,16.919
5988.19255,1.66995298105436,21.438,23.642,22.501,22.164,16.674
5986.26399,1.67049098013467,21.376,23.662,22.358,22.415,16.662
5984.33542,1.67102932876714,21.27,23.988,22.06,22.727,16.99
5982.40686,1.67156802170423,21.233,24.291,21.875,22.61,17.173
5980.4783,1.67210706207228,21.306,24.134,21.733,22.228,16.923
5978.54973,1.67264645300525,21.225,23.771,21.428,22.115,16.721
5976.62117,1.67318618924612,21.04,23.667,21.35,22.3,16.958
5974.6926,1.67372627672928,21.02,23.745,21.714,22.327,17.411
5972.76404,1.67426671019135,21.17,23.77,22.001,21.969,17.644
5970.83547,1.67480749557482,21.26,23.822,21.828,21.625,17.488
5968.90691,1.67534862760994,21.208,23.904,21.565,21.655,17.302
5966.97834,1.67589011224733,21.242,23.69,21.676,21.972,17.339
5965.04978,1.67643194421087,21.37,23.138,21.948,22.217,17.48
5963.12122,1.67697412664705,21.38,22.737,21.931,22.099,17.558
5961.19265,1.6775166627101,21.334,22.749,21.738,21.81,17.541
5959.26409,1.67805954711432,21.348,22.776,21.701,21.659,17.678
5957.33552,1.67860278583067,21.282,22.502,21.696,21.589,17.881
5955.40696,1.67914637356706,20.971,22.21,21.507,21.469,17.985
5953.47839,1.67969031630264,20.468,22.148,21.296,21.351,18.243
5951.54983,1.68023460873888,20.017,22.14,21.215,21.254,18.557
5949.62126,1.68077925686315,19.859,21.904,21.151,21.096,18.66
5947.6927,1.68132425537049,20.005,21.599,21.121,21.032,18.713
5945.76414,1.68186960742779,20.189,21.718,21.267,21.274,18.899
5943.83557,1.6824153162097,20.243,22.141,21.411,21.508,19.085
5941.90701,1.68296137640161,20.32,22.243,21.3,21.377,19.157
5939.97844,1.68350779401145,20.366,21.907,20.974,21.042,19.166
5938.04988,1.68405456371815,20.143,21.555,20.655,20.756,19.082
5936.12131,1.68460169153787,19.953,21.37,20.597,20.673,18.814
5934.19275,1.68514917214309,20.048,21.193,20.778,20.719,18.445
5932.26418,1.68569701155824,20.041,21.162,20.918,20.575,18.338
5930.33562,1.68624520444932,19.846,21.354,20.816,20.383,18.606
5928.40706,1.6867937540038,19.767,21.483,20.469,20.502,18.799
5926.47849,1.68734266341697,19.835,21.504,20.091,20.679,18.709
5924.54993,1.6878919273451,19.932,21.44,19.898,20.529,18.768
5922.62136,1.68844155183339,19.797,21.221,19.847,20.168,19.147
5920.6928,1.68899153153158,19.267,21.057,19.859,19.843,19.428
5918.76423,1.6895418724932,18.671,21.139,19.987,19.57,19.378
5916.83567,1.69009256936149,18.4,21.249,20.18,19.363,19.238
5914.9071,1.69064362819832,18.501,21.131,20.267,19.42,19.237
5912.97854,1.69119504364039,18.756,20.954,20.208,19.748,19.273
5911.04998,1.69174681889596,18.808,21.027,20.036,19.989,19.258
5909.12141,1.69229895718118,18.607,21.272,19.716,19.934,19.382
5907.19285,1.69285145312295,18.439,21.404,19.33,19.804,19.568
5905.26428,1.6934043128041,18.321,21.298,19.105,19.818,19.543
5903.33572,1.69395753084495,18.044,21.014,19.084,19.86,19.246
5901.40715,1.69451111333676,17.728,20.718,19.126,19.736,18.872
5899.47859,1.69506505489327,17.66,20.534,19.248,19.489,18.745
5897.55002,1.69561936161416,17.895,20.35,19.482,19.363,18.891
5895.62146,1.69617402810661,18.273,20.153,19.57,19.461,19.115
5893.6929,1.69672905759986,18.431,20.09,19.34,19.459,19.25
5891.76433,1.69728445333115,18.088,19.912,18.972,19.206,19.285
5889.83577,1.69784020989774,17.52,19.577,18.712,18.989,19.449
5887.9072,1.69839633342047,17.236,19.49,18.599,18.891,19.671
5885.97864,1.69895281849001,17.391,19.589,18.545,18.878,19.714
5884.05007,1.69950967123568,17.688,19.685,18.577,19.013,19.877
5882.12151,1.70006688624153,17.776,19.863,18.656,19.23,20.27
5880.19294,1.70062446964538,17.631,19.958,18.651,19.315,20.441
5878.26438,1.70118241602464,17.47,19.862,18.711,19.164,20.357
5876.33582,1.70174072862977,17.389,19.836,18.908,19.032,20.415
5874.40725,1.70229941071927,17.247,19.958,18.959,18.998,20.502
5872.47869,1.70285845686057,17.162,19.947,18.657,18.813,20.334
5870.55012,1.70341787321288,17.365,19.655,18.194,18.59,20.055
5868.62156,1.70397765433694,17.507,19.386,17.95,18.581,19.931
5866.69299,1.70453780640054,17.336,19.369,18.019,18.674,20.126
5864.76443,1.70509832395775,17.016,19.273,18.107,18.643,20.398
5862.83587,1.70565921027566,16.678,18.976,18.052,18.441,20.361
5860.9073,1.70622046862949,16.589,18.804,18.074,18.204,20.264
5858.97874,1.70678209356329,16.824,18.848,18.145,18.064,20.43
5857.05017,1.70734409126634,16.993,19.048,17.945,17.953,20.62
5855.12161,1.70790645627598,16.94,19.247,17.717,17.784,20.658
5853.19304,1.70846919479013,16.745,19.152,17.861,17.676,20.689
5851.26448,1.70903230133942,16.349,18.833,18.078,17.663,20.817
5849.33591,1.70959578213042,15.859,18.551,17.936,17.572,20.988
5847.40735,1.71015963168702,15.714,18.295,17.636,17.504,20.983
5845.47879,1.71072385329791,16.035,18.045,17.605,17.593,20.754
5843.55022,1.71128845025995,16.309,18.049,17.661,17.679,20.681
5841.62166,1.71185341708693,16.268,18.395,17.379,17.732,20.887
5839.69309,1.71241876000713,16.191,18.737,16.991,17.724,21.05
5837.76453,1.71298447352758,16.131,18.687,16.948,17.571,21.029
5835.83596,1.71355056388528,15.986,18.33,17.145,17.414,20.857
5833.9074,1.71411702558049,15.965,18.026,17.233,17.312,20.747
5831.97883,1.71468386485895,16.141,17.813,17.015,17.184,20.895
5830.05027,1.71525107621413,16.274,17.609,16.588,17.001,20.949
5828.12171,1.71581866295651,16.226,17.444,16.454,16.82,20.787
5826.19314,1.71638662840484,16.001,17.354,16.78,16.732,20.853
5824.26458,1.71695496704238,15.616,17.418,17.029,16.761,21.243
5822.33601,1.71752368513682,15.241,17.649,16.855,16.879,21.605
5820.40745,1.7180927771646,15.096,17.928,16.602,16.962,21.759
5818.47888,1.7186622494022,15.091,18.09,16.503,16.852,21.867
5816.55032,1.71923209631925,14.998,18.021,16.31,16.645,21.944
5814.62175,1.71980232420105,14.749,17.773,15.943,16.49,21.738
5812.69319,1.72037292751039,14.49,17.502,15.668,16.348,21.378
5810.76463,1.72094390957976,14.57,17.261,15.725,16.307,21.284
5808.83606,1.72151527375004,14.932,17.089,15.941,16.472,21.462
5806.9075,1.72208701447371,15.095,17.114,16.032,16.608,21.686
5804.97893,1.72265913805823,15.051,17.244,16.108,16.415,21.823
5803.05037,1.72323163894922,15.038,17.212,16.206,16.066,21.93
5801.1218,1.72380452346303,14.929,17.059,16.146,16.019,22.168
5799.19324,1.72437778603839,14.634,16.986,16,16.201,22.335
5797.26467,1.72495143300056,14.398,16.931,15.95,16.21,22.273
5795.33611,1.72552545878137,14.331,16.869,15.905,16.088,22.264
5793.40755,1.7260998667356,14.238,16.794,15.734,16.014,22.357
5791.47898,1.72667466022643,14.081,16.641,15.693,15.925,22.473
5789.55042,1.72724983367534,14.027,16.616,15.902,15.763,22.721
5787.62185,1.72782539342995,14.02,16.802,16.01,15.597,22.901
5785.69329,1.72840133390479,13.903,16.836,15.859,15.473,22.782
5783.76472,1.72897766145646,13.761,16.579,15.494,15.369,22.635
5781.83616,1.72955437049257,13.734,16.274,15.014,15.323,22.641
5779.90759,1.7301314673787,13.829,16.049,14.713,15.301,22.691
5777.97903,1.73070894651551,13.903,15.917,14.714,15.16,22.731
5776.05047,1.73128681128023,13.765,15.921,14.855,14.903,22.655
5774.1219,1.73186506505864,13.464,15.998,14.913,14.651,22.535
5772.19334,1.73244370224092,13.223,16.068,14.864,14.529,22.68
5770.26477,1.73302272921525,13.218,16.045,14.876,14.636,22.973
5768.33621,1.73360214036484,13.343,15.8,15.005,14.965,23.042
5766.40764,1.73418194208691,13.241,15.437,15.167,15.26,22.968
5764.47908,1.7347621287577,12.906,15.363,15.197,15.308,23.051
5762.55051,1.73534270678349,12.724,15.631,14.952,15.191,23.278
5760.62195,1.73592367053353,12.77,15.708,14.628,15.023,23.5
5758.69339,1.73650502340775,12.819,15.49,14.483,14.803,23.715
5756.76482,1.73708676881471,12.79,15.416,14.397,14.575,23.845
5754.83626,1.7376689011131,12.632,15.533,14.231,14.422,23.823
5752.90769,1.738251426732,12.408,15.462,14.144,14.302,23.829
5750.97913,1.73883434002307,12.368,15.084,14.23,14.128,23.846
5749.05056,1.73941764742455,12.414,14.796,14.322,14.017,23.704
5747.122,1.74000134328104,12.421,14.817,14.319,13.992,23.581
5745.19343,1.74058543403995,12.522,14.936,14.319,13.858,23.65
5743.26487,1.74116991403881,12.607,14.907,14.386,13.623,23.779
5741.33631,1.74175478670052,12.529,14.601,14.306,13.526,23.826
5739.40774,1.74234005545666,12.37,14.262,14.005,13.696,23.747
5737.47918,1.74292571463414,12.234,14.259,13.824,13.943,23.741
5735.55061,1.74351177070339,12.169,14.416,13.874,13.977,24.08
5733.62205,1.74409821798422,12.076,14.429,13.888,13.788,24.554
5731.69348,1.7446850629563,11.929,14.435,13.808,13.578,24.674
5729.76492,1.74527229993233,11.839,14.598,13.75,13.554,24.463
5727.83635,1.74585993540126,11.844,14.749,13.722,13.744,24.368
5725.90779,1.74644796366866,11.84,14.708,13.738,13.883,24.595
5723.97923,1.74703638818061,11.825,14.526,13.779,13.83,24.886
5722.05066,1.74762521239195,11.972,14.46,13.698,13.595,25.011
5720.1221,1.74821443059756,12.141,14.661,13.531,13.192,25.161
5718.19353,1.74880404930961,12.018,14.938,13.462,12.918,25.447
5716.26497,1.74939406281581,11.699,15.057,13.477,12.953,25.72
5714.3364,1.74998447763768,11.514,14.905,13.361,13.052,25.92
5712.40784,1.75057528805576,11.552,14.57,13.036,13.068,25.988
5710.47928,1.75116649753434,11.538,14.32,12.765,13.007,25.957
5708.55071,1.75175810954651,11.236,14.244,12.763,12.847,25.975
5706.62215,1.75235011836205,10.824,14.255,12.994,12.698,26.035
5704.69358,1.75294253052589,10.633,14.328,13.32,12.671,26.021
5702.76502,1.75353534030059,10.675,14.368,13.503,12.71,25.987
5700.83645,1.75412855424049,10.719,14.161,13.383,12.702,26.103
5698.90789,1.75472216660094,10.638,13.84,13.057,12.645,26.309
5696.97932,1.75531618394571,10.654,13.749,12.703,12.599,26.434
5695.05076,1.7559106005229,10.875,13.726,12.433,12.567,26.631
5693.1222,1.75650541982043,10.855,13.543,12.289,12.421,26.983
5691.19363,1.7571006453351,10.455,13.471,12.262,12.197,27.188
5689.26507,1.75769627130416,10.175,13.618,12.275,12.246,27.193
5687.3365,1.75829230431503,10.251,13.682,12.316,12.492,27.261
5685.40794,1.75888873859771,10.434,13.452,12.462,12.421,27.406
5683.47937,1.7594855807491,10.482,13.113,12.605,12.064,27.455
5681.55081,1.76008282499193,10.407,13.057,12.473,11.894,27.424
5679.62224,1.76068047793263,10.275,13.398,12.024,12.014,27.424
5677.69368,1.76127853378663,10.091,13.709,11.591,12.108,27.455
5675.76512,1.76187699606569,9.891,13.546,11.57,11.953,27.542
5673.83655,1.76247586829057,9.735,13.215,11.86,11.677,27.68
5671.90799,1.76307514466574,9.681,13.197,12.075,11.52,27.769
5669.97942,1.76367483182152,9.667,13.266,12.168,11.545,28.027
5668.05086,1.76427492395508,9.634,13.086,12.21,11.647,28.65
5666.12229,1.76487542770631,9.73,12.884,12.242,11.735,29.236
5664.19373,1.76547633726504,9.977,12.965,12.257,11.759,29.429
5662.26516,1.7660776592808,10.083,13.129,12.037,11.684,29.368
5660.3366,1.76667938793605,9.926,13.065,11.681,11.566,29.212
5658.40804,1.76728152676667,9.704,12.932,11.532,11.384,29.062
5656.47947,1.76788407931763,9.565,12.895,11.438,11.161,29.08
5654.55091,1.76848703976033,9.519,12.83,11.27,11.101,29.227
5652.62234,1.76909041476845,9.475,12.755,11.295,11.146,29.335
5650.69378,1.76969419850601,9.35,12.775,11.444,11.077,29.469
5648.76521,1.77029839765636,9.286,12.777,11.399,11.009,29.778
5646.83665,1.77090300637615,9.245,12.757,11.17,11.079,30.119
5644.90808,1.77150803135841,9.019,12.793,10.993,11.203,30.227
5642.97952,1.7721134667524,8.76,12.655,11.023,11.285,30.168
5641.05096,1.77271931611836,8.659,12.361,11.116,11.256,30.126
5639.12239,1.7733255830257,8.65,12.272,11.053,11.125,30.18
5637.19383,1.77393226161251,8.671,12.354,10.885,10.942,30.413
5635.26526,1.77453935859623,8.724,12.369,10.726,10.804,30.702
5633.3367,1.77514686810749,8.787,12.332,10.599,10.692,30.836
5631.40813,1.77575479687351,8.848,12.313,10.574,10.47,30.858
5629.47957,1.77636313901748,8.86,12.239,10.661,10.241,30.941
5627.551,1.77697190127642,8.703,12.061,10.676,10.141,31.138
5625.62244,1.77758107776604,8.366,11.98,10.494,10.134,31.396
5623.69388,1.77819067207122,8.126,12.102,10.303,10.139,31.694
5621.76531,1.77880068778609,8.15,12.233,10.264,10.168,31.955
5619.83675,1.77941111901516,8.097,12.2,10.271,10.266,32.069
5617.90818,1.78002197252003,7.862,12.064,10.262,10.308,32.098
5615.97962,1.7806332423977,7.728,11.978,10.265,10.183,32.142
5614.05105,1.78124493541967,7.664,11.921,10.287,9.965,32.181
5612.12249,1.78185704567542,7.652,11.84,10.266,9.8,32.25
5610.19392,1.78246957994636,7.739,11.771,10.122,9.818,32.419
5608.26536,1.78308253231441,7.743,11.771,9.911,9.86,32.61
5606.3368,1.78369590638936,7.72,11.851,9.699,9.71,32.72
5604.40823,1.78430970579029,7.778,11.868,9.528,9.622,32.712
5602.47967,1.78492392458784,7.704,11.823,9.508,9.76,32.701
5600.5511,1.78553856958827,7.488,11.898,9.605,9.835,32.79
5598.62254,1.78615363485462,7.4,11.939,9.618,9.746,32.869
5596.69397,1.78676912720314,7.487,11.805,9.561,9.598,32.887
5594.76541,1.78738504068931,7.587,11.667,9.606,9.412,32.842
5592.83684,1.78800138213937,7.598,11.566,9.723,9.353,32.795
5590.90828,1.7886181456012,7.519,11.477,9.894,9.555,32.927
5588.97972,1.78923533470971,7.337,11.401,10.008,9.736,33.148
5587.05115,1.78985295310926,7.062,11.297,9.764,9.569,33.297
5585.12259,1.7904709948363,6.842,11.269,9.35,9.313,33.54
5583.19402,1.79108946674219,6.782,11.326,9.166,9.386,33.938
5581.26546,1.79170836285576,6.798,11.381,9.162,9.538,34.227
5579.33689,1.79232769003845,6.813,11.428,9.112,9.372,34.254
5577.40833,1.79294744231144,6.838,11.425,8.983,9.043,34.166
5575.47977,1.79356762332939,6.755,11.369,8.929,8.83,34.174
5573.5512,1.79418823675649,6.582,11.32,9.059,8.796,34.322
5571.62264,1.79480927660241,6.544,11.28,9.205,8.844,34.49
5569.69407,1.79543074975391,6.618,11.153,9.222,8.884,34.57
5567.76551,1.79605265021299,6.593,10.934,9.179,8.916,34.55
5565.83694,1.79667498487658,6.508,10.677,9.076,8.854,34.497
5563.90838,1.79729774773897,6.436,10.471,8.939,8.659,34.49
5561.97981,1.79792094570728,6.321,10.579,8.909,8.495,34.616
5560.05125,1.7985445727681,6.167,10.904,8.955,8.406,34.929
5558.12269,1.79916863260174,6.055,11.023,8.937,8.321,35.332
5556.19412,1.7997931288981,6.029,10.859,8.855,8.252,35.653
5554.26556,1.80041805563218,6.08,10.653,8.791,8.16,35.733
5552.33699,1.80104341973667,6.179,10.585,8.739,8.046,35.61
5550.40843,1.80166921517882,6.232,10.587,8.687,8.077,35.592
5548.47986,1.80229544890157,6.04,10.484,8.631,8.195,35.818
5546.5513,1.80292211486442,5.689,10.375,8.591,8.125,36.122
5544.62273,1.8035492200206,5.557,10.372,8.535,7.97,36.38
5542.69417,1.80417675832185,5.632,10.358,8.293,7.991,36.444
5540.76561,1.80480473347437,5.694,10.325,7.997,8.113,36.119
5538.83704,1.80543314919408,5.767,10.316,7.958,8.231,35.68
5536.90848,1.80606199942102,5.734,10.295,8.077,8.257,35.617
5534.97991,1.80669129113424,5.479,10.3,8.099,8.08,35.892
5533.05135,1.80732101826599,5.266,10.394,8.045,7.865,36.208
5531.12278,1.80795118780567,5.316,10.503,8.124,7.819,36.442
5529.19422,1.80858179367771,5.458,10.498,8.29,7.892,36.549
5527.26565,1.80921284288191,5.393,10.307,8.284,7.916,36.483
5525.33709,1.80984432933485,5.176,10.04,8.132,7.84,36.344
5523.40853,1.81047625676893,5.065,9.929,8.048,7.69,36.406
5521.47996,1.81110862892637,5.091,9.985,8.039,7.503,36.692
5519.5514,1.81174143971193,5.19,10.068,7.974,7.448,36.856
5517.62283,1.81237469615153,5.314,10.167,7.951,7.586,36.798
5515.69427,1.81300839214208,5.363,10.258,8.077,7.729,36.879
5513.7657,1.81364253471997,5.247,10.249,8.085,7.816,37.182
5511.83714,1.8142771177742,4.989,10.194,7.861,7.865,37.281
5509.90857,1.81491214835167,4.818,10.296,7.608,7.758,37.146
5507.98001,1.8155476203335,4.878,10.481,7.459,7.386,37.16
5506.05145,1.81618353747857,4.962,10.362,7.402,7.047,37.235
5504.12288,1.81681990355564,4.893,9.996,7.321,7.062,37.132
5502.19432,1.81745671243396,4.841,9.778,7.214,7.14,37.048
5500.26575,1.81809397118676,4.889,9.809,7.286,7.069,37.102
5498.33719,1.81873167367533,4.964,9.93,7.495,7.075,37.16
5496.40862,1.8193698269835,5.049,9.969,7.648,7.183,37.234
5494.48006,1.8200084249646,5.079,9.867,7.684,7.175,37.436
5492.55149,1.82064747471307,4.953,9.749,7.538,7.025,37.63
5490.62293,1.82128697007427,4.76,9.77,7.214,6.974,37.525
5488.69437,1.82192691483385,4.706,9.893,6.903,7.135,37.159
5486.7658,1.82256731278744,4.763,9.928,6.812,7.307,36.918
5484.83724,1.82320815776842,4.819,9.804,6.91,7.277,37.044
5482.90867,1.82384945689785,4.705,9.75,7.017,7.102,37.371
5480.98011,1.8244912040011,4.395,9.763,7.072,6.899,37.584
5479.05154,1.82513340620994,4.222,9.656,7.122,6.708,37.568
5477.12298,1.8257760573417,4.275,9.561,7.156,6.572,37.478
5475.19441,1.82641916453885,4.306,9.617,7.091,6.459,37.447
5473.26585,1.82706272161072,4.175,9.633,6.988,6.398,37.377
5471.33729,1.82770673236999,4.113,9.501,6.846,6.484,37.265
5469.40872,1.82835120063947,4.176,9.306,6.633,6.621,37.267
5467.48016,1.82899612021637,4.152,9.165,6.528,6.621,37.32
5465.55159,1.82964149827008,4.078,9.183,6.548,6.491,37.329
5463.62303,1.83028732858973,4.083,9.322,6.592,6.416,37.435
5461.69446,1.8309336183555,3.962,9.35,6.628,6.419,37.624
5459.7659,1.83158036134846,3.686,9.199,6.577,6.286,37.702
5457.83733,1.83222756475961,3.572,9.131,6.475,6.042,37.69
5455.90877,1.8328752223619,3.61,9.192,6.383,5.923,37.661
5453.98021,1.83352333799539,3.539,9.219,6.315,6.013,37.6
5452.05164,1.83417191551032,3.468,9.15,6.326,6.217,37.485
5450.12308,1.83482094866746,3.597,9.126,6.385,6.218,37.333
5448.19451,1.83547044468499,3.757,9.255,6.381,5.891,37.319
5446.26595,1.83612039731552,3.728,9.25,6.377,5.729,37.511
5444.33738,1.83677081378818,3.638,9.017,6.449,5.956,37.727
5442.40882,1.8374216878474,3.662,8.913,6.459,6.113,37.925
5440.48026,1.83807302335474,3.684,8.976,6.316,6.032,38.015
5438.55169,1.83872482418201,3.619,8.921,6.187,5.986,37.856
5436.62313,1.83937708406137,3.58,8.763,6.254,6.077,37.637
5434.69456,1.84002981024936,3.562,8.734,6.47,6.096,37.519
5432.766,1.84068299646994,3.523,8.932,6.622,5.891,37.45
5430.83743,1.84133664999064,3.431,9.14,6.539,5.652,37.445
5428.90887,1.84199076452724,3.235,9.019,6.313,5.641,37.554
5426.9803,1.84264534735827,3.09,8.614,6.208,5.792,37.661
5425.05174,1.84330039219128,3.174,8.316,6.195,5.788,37.624
5423.12318,1.84395590291571,3.308,8.283,6.208,5.567,37.5
5421.19461,1.84461188343135,3.292,8.486,6.271,5.409,37.486
5419.26605,1.84526832743338,3.21,8.812,6.348,5.409,37.551
5417.33748,1.84592524222803,3.14,9.047,6.45,5.416,37.529
5415.40892,1.8465826215022,3.087,9.082,6.487,5.468,37.474
5413.48035,1.84724047257325,3.04,9.002,6.246,5.597,37.403
5411.55179,1.84789878911978,2.988,8.975,5.901,5.655,37.211
5409.62322,1.84855757847032,2.955,9,5.771,5.687,37.108
5407.69466,1.84921683429515,2.919,8.88,5.722,5.666,37.222
5405.7661,1.84987656051193,2.82,8.629,5.491,5.54,37.242
5403.83753,1.85053676104877,2.683,8.476,5.245,5.397,37.019
5401.90897,1.8511974295635,2.602,8.397,5.276,5.252,36.837
5399.9804,1.8518585734126,2.665,8.276,5.416,5.118,36.852
5398.05184,1.85252018624556,2.813,8.248,5.396,5.123,36.874
5396.12327,1.85318227543012,2.901,8.338,5.301,5.26,36.782
5394.19471,1.85384483460739,2.913,8.41,5.273,5.429,36.654
5392.26614,1.85450787115637,2.954,8.372,5.269,5.525,36.571
5390.33758,1.85517137870983,2.981,8.221,5.277,5.469,36.517
5388.40902,1.85583536121391,2.912,8.035,5.317,5.379,36.401
5386.48045,1.85649982262537,2.901,7.864,5.321,5.358,36.207
5384.55189,1.85716475656436,2.906,7.815,5.19,5.3,36.089
5382.62332,1.85783017043816,2.742,7.913,5.114,5.19,36.096
5380.69476,1.85849605785852,2.611,8.005,5.189,5.195,36.161
5378.76619,1.85916242624408,2.732,8.07,5.249,5.342,36.261
5376.83763,1.85982926919815,2.957,8.144,5.245,5.395,36.313
5374.90906,1.86049659415075,3.141,8.119,5.24,5.33,36.206
5372.9805,1.86116439469676,3.24,7.978,5.283,5.375,36.07
5371.05194,1.86183267481118,3.11,7.849,5.355,5.406,36.048
5369.12337,1.86250143847971,2.806,7.859,5.41,5.278,36.045
5367.19481,1.86317067928451,2.581,8.007,5.429,5.111,36.044
5365.26624,1.86384040468419,2.521,8.111,5.37,5.005,36.064
5363.33768,1.86451060825243,2.478,8.002,5.261,4.909,35.995
5361.40911,1.86518129745932,2.362,7.855,5.138,4.86,35.867
5359.48055,1.86585246587004,2.181,7.861,5.034,4.878,35.712
5357.55198,1.86652412096616,1.996,7.928,4.939,4.809,35.507
5355.62342,1.86719625630437,1.96,8.004,5.066,4.698,35.355
5353.69486,1.86786887588883,2.138,7.991,5.334,4.673,35.325
5351.76629,1.8685419837345,2.385,7.793,5.258,4.669,35.336
5349.83773,1.86921557338525,2.586,7.638,4.855,4.624,35.308
5347.90916,1.86988965235154,2.721,7.645,4.499,4.601,35.187
5345.9806,1.87056421416868,2.768,7.713,4.414,4.696,34.96
5344.05203,1.87123926635872,2.594,7.715,4.449,4.739,34.859
5342.12347,1.8719148024484,2.293,7.589,4.507,4.53,34.972
5340.1949,1.87259082997139,2.144,7.479,4.72,4.266,34.928
5338.26634,1.87326734244586,2.182,7.505,4.964,4.21,34.598
5336.33778,1.87394434390546,2.253,7.532,5.025,4.292,34.367
5334.40921,1.87462183839473,2.266,7.471,4.978,4.363,34.383
5332.48065,1.87529981941894,2.223,7.437,4.874,4.448,34.414
5330.55208,1.87597829454093,2.167,7.455,4.762,4.488,34.318
5328.62352,1.87665725725731,2.125,7.38,4.743,4.425,34.218
5326.69495,1.87733671514266,2.072,7.212,4.783,4.34,34.263
5324.76639,1.87801666168495,1.969,7.164,4.738,4.321,34.288
5322.83782,1.87869710447049,1.933,7.211,4.527,4.316,34.106
5320.90926,1.87937803697859,2.03,7.178,4.339,4.247,33.833
5318.9807,1.88005946327273,2.18,7.049,4.372,4.156,33.622
5317.05213,1.8807413874274,2.256,6.905,4.472,4.104,33.481
5315.12357,1.88142380290888,2.224,6.853,4.38,4.062,33.385
5313.195,1.88210671733298,2.101,6.913,4.149,4.002,33.323
5311.26644,1.88279012415728,2.046,6.995,4.056,3.935,33.301
5309.33787,1.88347403100945,2.127,7.115,4.15,3.866,33.294
5307.40931,1.88415843133832,2.188,7.217,4.304,3.793,33.214
5305.48074,1.88484333278345,2.184,7.147,4.466,3.869,33.098
5303.55218,1.88552872878494,2.167,7.012,4.464,4.063,33.071
5301.62362,1.88621462343643,2.042,6.952,4.236,4.096,33.068
5299.69505,1.8869010208427,1.838,6.908,4.074,3.996,33.029
5297.76649,1.88758791443071,1.671,6.864,4.126,4.01,33.001
5295.83792,1.88827531186982,1.549,6.897,4.171,4.022,32.945
5293.90936,1.88896320657821,1.577,6.984,4.121,3.881,32.831
5291.98079,1.88965160623722,1.765,7.037,4.143,3.733,32.719
5290.05223,1.89034050425623,1.835,6.967,4.267,3.666,32.651
5288.12367,1.89102990475259,1.78,6.817,4.371,3.669,32.639
5286.1951,1.89171981185484,1.759,6.768,4.44,3.759,32.601
5284.26654,1.89241021895917,1.739,6.844,4.4,3.822,32.403
5282.33797,1.89310113377694,1.729,6.898,4.238,3.829,32.099
5280.40941,1.8937925496955,1.735,6.876,4.132,3.886,31.891
5278.48084,1.89448447443829,1.701,6.761,4.061,3.91,31.811
5276.55228,1.8951769013838,1.741,6.635,3.99,3.845,31.752
5274.62371,1.89586983826757,1.882,6.672,3.973,3.841,31.688
5272.69515,1.89656327845922,2.037,6.818,4.033,3.924,31.64
5270.76659,1.89725722610684,2.162,6.848,4.229,3.936,31.565
5268.83802,1.8979516853699,2.178,6.779,4.466,3.85,31.422
5266.90946,1.89864664960464,2.173,6.865,4.42,3.827,31.252
5264.98089,1.89934212657703,2.224,7.04,4.106,3.981,31.106
5263.05233,1.90003810963438,2.254,6.988,3.838,4.194,31.042
5261.12376,1.90073460655486,2.16,6.821,3.744,4.164,31.037
5259.1952,1.90143161067686,2.06,6.824,3.796,3.89,30.968
5257.26663,1.90212912979078,2.096,6.941,3.94,3.663,30.849
5255.33807,1.90282715722606,2.132,6.973,4.103,3.655,30.831
5253.40951,1.90352569716196,1.994,6.851,4.243,3.816,30.848
5251.48094,1.90422475378917,1.837,6.759,4.324,4.049,30.715
5249.55238,1.90492432042368,1.85,6.839,4.294,4.227,30.479
5247.62381,1.9056244048866,1.859,6.903,4.12,4.226,30.178
5245.69525,1.90632500048492,1.67,6.831,3.925,4.14,29.876
5243.76668,1.90702611505209,1.586,6.721,3.887,4.016,29.737
5241.83812,1.90772774188609,1.691,6.658,3.913,3.818,29.675
5239.90955,1.90842988883272,1.753,6.661,3.906,3.688,29.57
5237.98099,1.90913254918094,1.644,6.595,3.894,3.671,29.536
5236.05243,1.90983572714149,1.561,6.481,3.91,3.655,29.639
5234.12386,1.91053942693668,1.729,6.499,3.979,3.648,29.694
5232.1953,1.91124364184189,2.045,6.603,3.986,3.702,29.554
5230.26673,1.91194837973397,2.184,6.719,3.954,3.716,29.35
5228.33817,1.91265363387923,1.972,6.804,4.045,3.635,29.21
5226.4096,1.91335941216701,1.6,6.776,4.165,3.601,29.101
5224.48104,1.9140657078545,1.445,6.666,4.11,3.703,28.957
5222.55247,1.91477252884355,1.621,6.575,4.01,3.76,28.747
5220.62391,1.91547986838225,1.843,6.444,3.97,3.647,28.5
5218.69535,1.91618773071319,1.826,6.231,3.886,3.51,28.348
5216.76678,1.91689612009069,1.696,6.178,3.862,3.467,28.387
5214.83822,1.91760502974913,1.677,6.403,3.953,3.501,28.462
5212.90965,1.91831446762174,1.736,6.688,3.981,3.559,28.413
5210.98109,1.91902442693378,1.8,6.826,3.962,3.496,28.27
5209.05252,1.91973491563107,1.861,6.787,4.042,3.377,28.185
5207.12396,1.92044592692969,1.961,6.654,4.149,3.425,28.216
5205.19539,1.92115746878812,2.013,6.57,4.038,3.465,28.193
5203.26683,1.92186953441325,1.941,6.628,3.807,3.353,27.977
5201.33827,1.9225821280799,1.846,6.697,3.702,3.308,27.637
5199.4097,1.92329525407471,1.815,6.695,3.751,3.433,27.386
5197.48114,1.92400890559076,1.896,6.688,3.865,3.573,27.286
5195.55257,1.92472309061825,2.02,6.665,3.885,3.601,27.191
5193.62401,1.92543780234103,2.116,6.582,3.767,3.598,27.122
5191.69544,1.92615304876204,2.108,6.478,3.7,3.69,27.12
5189.76688,1.92686882305588,1.939,6.499,3.802,3.856,27.086
5187.83831,1.92758513323828,1.734,6.619,3.885,3.964,27.058
5185.90975,1.92830197247455,1.647,6.615,3.821,3.799,27.025
5183.98119,1.92901934507212,1.617,6.467,3.769,3.378,26.784
5182.05262,1.92973725535037,1.574,6.356,3.857,3.078,26.431
5180.12406,1.93045569646068,1.523,6.452,3.966,3.098,26.221
5178.19549,1.93117467645085,1.487,6.665,3.969,3.247,26.139
5176.26693,1.93189418846296,1.534,6.731,3.936,3.26,26.116
5174.33836,1.93261424055771,1.653,6.651,3.94,3.16,26.111
5172.4098,1.93333482586782,1.828,6.528,3.917,3.201,26.065
5170.48123,1.93405595246692,2.029,6.379,3.891,3.288,25.999
5168.55267,1.9347776134784,2.147,6.311,3.946,3.288,25.887
5166.62411,1.93549981324266,2.069,6.339,4.057,3.323,25.679
5164.69554,1.93622255611219,1.874,6.383,4.12,3.471,25.509
5162.76698,1.9369458351963,1.75,6.474,4.062,3.526,25.483
5160.83841,1.93766965860107,1.841,6.57,3.876,3.382,25.481
5158.90985,1.93839401942641,2.019,6.56,3.682,3.255,25.391
5156.98128,1.93911892579141,2.091,6.437,3.648,3.318,25.205
5155.05272,1.93984437078657,2.07,6.267,3.735,3.41,25.036
5153.12416,1.94057035877824,2.041,6.188,3.793,3.356,25.015
5151.19559,1.94129689414492,2.018,6.283,3.765,3.205,25.031
5149.26703,1.94202396996296,2.012,6.43,3.712,3.114,24.966
5147.33846,1.94275159438418,2.027,6.479,3.774,3.202,24.854
5145.4099,1.94347976047545,2.068,6.481,3.916,3.395,24.7
5143.48133,1.94420847640172,2.11,6.453,3.948,3.462,24.492
5141.55277,1.94493773522041,2.094,6.354,3.883,3.394,24.231
5139.6242,1.94566754510962,2.105,6.348,3.895,3.379,23.975
5137.69564,1.94639789911728,2.236,6.403,4.012,3.403,23.818
5135.76708,1.9471288016434,2.299,6.287,4.177,3.317,23.781
5133.83851,1.9478602571003,2.17,6.155,4.278,3.195,23.802
5131.90995,1.94859225852161,2.06,6.238,4.276,3.22,23.778
5129.98138,1.94932481411853,2.059,6.411,4.274,3.351,23.643
5128.05282,1.95005791691514,1.985,6.496,4.313,3.439,23.451
5126.12425,1.95079157513593,1.878,6.489,4.36,3.467,23.311
5124.19569,1.95152578179543,1.912,6.418,4.404,3.428,23.24
5122.26712,1.95226054513143,2.035,6.29,4.351,3.32,23.213
5120.33856,1.95299585814888,2.146,6.205,4.137,3.233,23.151
5118.41,1.95373172528188,2.238,6.266,3.959,3.234,22.964
5116.48143,1.95446815097695,2.315,6.346,4.018,3.316,22.795
5114.55287,1.95520512822463,2.349,6.303,4.151,3.49,22.782
5112.6243,1.95594266529618,2.309,6.235,4.108,3.727,22.793
5110.69574,1.95668075517248,2.248,6.28,3.981,3.756,22.717
5108.76717,1.95741940613825,2.298,6.36,3.97,3.456,22.637
5106.83861,1.95815861116473,2.507,6.294,4.045,3.188,22.576
5104.91004,1.95889837855008,2.737,6.148,4.093,3.211,22.404
5102.98148,1.95963870125588,2.785,6.136,4.088,3.373,22.186
5101.05292,1.96037958375072,2.63,6.231,4.052,3.453,22.084
5099.12435,1.96112103051576,2.474,6.307,4.03,3.5,22.081
5097.19579,1.96186303449803,2.485,6.348,4.035,3.623,22.104
5095.26722,1.96260560402954,2.556,6.373,4.057,3.684,22.103
5093.33866,1.9633487320476,2.489,6.339,4.124,3.643,22.06
5091.41009,1.96409242689779,2.367,6.209,4.29,3.623,21.903
5089.48153,1.96483668150771,2.449,6.093,4.473,3.655,21.582
5087.55296,1.96558150423657,2.712,6.098,4.41,3.709,21.285
5085.6244,1.96632688800219,2.899,6.186,4.162,3.723,21.156
5083.69584,1.96707283730806,2.915,6.233,4.089,3.63,21.099
5081.76727,1.96781935667038,2.823,6.17,4.173,3.496,21.001
5079.83871,1.96856643899231,2.704,6.055,4.262,3.469,20.857
5077.91014,1.96931409266726,2.659,6.016,4.376,3.516,20.756
5075.98158,1.97006231058861,2.689,6.118,4.536,3.497,20.745
5074.05301,1.97081110116349,2.731,6.282,4.595,3.417,20.729
5072.12445,1.97156045727545,2.757,6.374,4.434,3.392,20.597
5070.19588,1.97231038734543,2.756,6.324,4.17,3.416,20.371
5068.26732,1.97306088424712,2.769,6.164,4.053,3.442,20.251
5066.33876,1.97381195251934,2.831,6.024,4.176,3.533,20.351
5064.41019,1.97456359671372,2.897,6.033,4.333,3.682,20.475
5062.48163,1.97531580968917,2.977,6.186,4.34,3.74,20.398
5060.55306,1.97606859990121,3.113,6.317,4.271,3.64,20.151
5058.6245,1.97682196019886,3.237,6.316,4.259,3.559,19.883
5056.69593,1.97757589905154,3.278,6.279,4.298,3.691,19.72
5054.76737,1.97833040929834,3.3,6.359,4.274,3.891,19.715
5052.8388,1.97908549942262,3.34,6.558,4.207,3.925,19.763
5050.91024,1.97984116225356,3.358,6.686,4.157,3.802,19.636
5048.98168,1.9805974023657,3.355,6.599,4.116,3.671,19.36
5047.05311,1.98135422434657,3.377,6.386,4.218,3.655,19.17
5045.12455,1.98211162101043,3.476,6.236,4.49,3.763,19.027
5043.19598,1.98286960087559,3.596,6.205,4.69,3.906,18.887
5041.26742,1.98362815674634,3.641,6.211,4.773,3.936,18.868
5039.33885,1.98438729715506,3.666,6.191,4.826,3.851,18.918
5037.41029,1.98514701489602,3.695,6.165,4.758,3.822,18.931
5035.48172,1.9859073185157,3.652,6.17,4.585,3.921,18.871
5033.55316,1.98666820079834,3.541,6.191,4.466,4.072,18.755
5031.6246,1.98742966635468,3.467,6.222,4.38,4.125,18.685
5029.69603,1.98819171980856,3.481,6.278,4.284,4.016,18.672
5027.76747,1.98895435392918,3.596,6.317,4.245,3.926,18.599
5025.8389,1.98971757729839,3.797,6.371,4.352,4.001,18.438
5023.91034,1.99048138267531,3.866,6.476,4.606,4.108,18.328
5021.98177,1.99124577865602,3.743,6.563,4.829,4.066,18.311
5020.05321,1.99201075798956,3.708,6.593,4.893,3.947,18.28
5018.12464,1.99277632928623,3.803,6.549,4.85,3.956,18.249
5016.19608,1.99354248528499,3.875,6.464,4.757,4.079,18.238
5014.26752,1.99430923063315,3.921,6.438,4.666,4.212,18.111
5012.33895,1.99507656999134,3.958,6.493,4.609,4.287,17.839
5010.41039,1.99584449608328,4.027,6.545,4.581,4.234,17.609
5008.48182,1.99661301755509,4.132,6.565,4.621,4.151,17.515
5006.55326,1.99738212712033,4.209,6.642,4.73,4.202,17.443
5004.62469,1.99815183343948,4.273,6.81,4.763,4.331,17.363
5002.69613,1.99892212921595,4.344,6.893,4.712,4.361,17.331
5000.76757,1.99969301912586,4.399,6.841,4.745,4.27,17.241
4998.839,2.00046450785873,4.464,6.807,4.879,4.215,16.985
4996.91044,2.00123658810263,4.507,6.856,4.938,4.229,16.759
4994.98187,2.00200926855416,4.505,6.909,4.898,4.231,16.727
4993.05331,2.00278254189119,4.523,6.887,4.883,4.3,16.77
4991.12474,2.0035564168248,4.562,6.855,4.875,4.502,16.826
4989.19618,2.00433088602261,4.595,6.886,4.872,4.693,16.85
4987.26761,2.00510595821025,4.648,6.927,4.944,4.789,16.731
4985.33905,2.00588162604507,4.728,6.932,5.019,4.795,16.583
4983.41049,2.00665789424062,4.829,6.919,4.973,4.722,16.511
4981.48192,2.00743476752396,4.889,6.934,4.854,4.666,16.373
4979.55336,2.00821223853699,4.847,6.953,4.8,4.686,16.167
4977.62479,2.00899031604188,4.792,6.88,4.838,4.726,16.025
4975.69623,2.0097689926702,4.834,6.819,4.801,4.735,15.915
4973.76766,2.01054827719878,4.953,6.954,4.648,4.726,15.841
4971.8391,2.01132816224886,5.07,7.151,4.617,4.734,15.847
4969.91053,2.01210865661197,5.129,7.196,4.788,4.755,15.878
4967.98197,2.012889752899,5.16,7.155,4.995,4.824,15.927
4966.05341,2.01367145586137,5.247,7.153,5.082,4.968,15.975
4964.12484,2.01445377026417,5.364,7.161,4.995,5.1,15.945
4962.19628,2.01523668870269,5.441,7.18,4.858,5.161,15.868
4960.26771,2.01602022000542,5.444,7.317,4.832,5.185,15.728
4958.33915,2.01680435675724,5.369,7.516,4.909,5.193,15.45
4956.41058,2.01758910780148,5.284,7.594,5.029,5.176,15.231
4954.48202,2.01837446571256,5.298,7.582,5.115,5.121,15.28
4952.55345,2.01916043934872,5.435,7.543,5.103,5.035,15.405
4950.62489,2.01994702127391,5.625,7.445,5.066,4.996,15.333
4948.69633,2.02073421627793,5.799,7.328,5.13,5.051,15.096
4946.76776,2.02152202916435,5.912,7.278,5.278,5.218,14.929
4944.8392,2.02231045248145,5.955,7.34,5.36,5.428,14.943
4942.91063,2.0230994951248,5.992,7.435,5.35,5.495,14.971
4940.98207,2.02388914963215,6.006,7.441,5.336,5.433,14.851
4939.0535,2.02467942491411,6.016,7.348,5.333,5.351,14.635
4937.12494,2.02547031349788,6.113,7.259,5.323,5.265,14.459
4935.19637,2.02626182430913,6.149,7.29,5.272,5.241,14.447
4933.26781,2.02705394986452,5.991,7.413,5.212,5.326,14.603
4931.33925,2.02784669499264,5.838,7.468,5.276,5.449,14.726
4929.41068,2.02864006453607,5.864,7.436,5.44,5.532,14.672
4927.48212,2.0294340509956,6.018,7.434,5.559,5.619,14.513
4925.55355,2.0302286633347,6.2,7.507,5.652,5.711,14.376
4923.62499,2.03102389404356,6.361,7.628,5.728,5.706,14.276
4921.69642,2.03181975210084,6.505,7.739,5.737,5.654,14.175
4919.76786,2.0326162299861,6.653,7.799,5.745,5.726,14.061
4917.83929,2.03341333669324,6.8,7.811,5.807,5.913,13.913
4915.91073,2.03421106469116,6.952,7.758,5.83,6.069,13.74
4913.98217,2.03500941884777,7.01,7.673,5.749,6.158,13.673
4912.0536,2.0358084040451,6.89,7.666,5.658,6.166,13.751
4910.12504,2.03660801273607,6.803,7.739,5.622,6.06,13.79
4908.19647,2.0374082539528,6.922,7.827,5.607,5.991,13.714
4906.26791,2.03820912013751,7.107,7.886,5.627,6.09,13.679
4904.33934,2.0390106203377,7.159,7.884,5.731,6.254,13.735
4902.41078,2.03981274698486,7.07,7.87,5.89,6.323,13.693
4900.48221,2.04061550914191,7.013,7.866,6.04,6.271,13.482
4898.55365,2.04141889922957,7.091,7.853,6.141,6.169,13.28
4896.62509,2.04222292215555,7.247,7.898,6.146,6.137,13.169
4894.69652,2.04302758284185,7.39,7.95,6.089,6.247,13.13
4892.76796,2.04383287369303,7.47,7.886,6.12,6.374,13.212
4890.83939,2.04463880381073,7.535,7.773,6.217,6.398,13.334
4888.91083,2.04544536558872,7.621,7.731,6.268,6.407,13.365
4886.98226,2.04625256814417,7.655,7.786,6.288,6.503,13.304
4885.0537,2.04706040386004,7.618,7.888,6.294,6.686,13.175
4883.12513,2.0478688818691,7.628,7.935,6.317,6.822,13.016
4881.19657,2.04867799454346,7.714,7.96,6.409,6.8,12.927
4879.26801,2.04948774683111,7.776,8.038,6.529,6.734,12.946
4877.33944,2.05029814369451,7.849,8.115,6.596,6.713,12.945
4875.41088,2.05110917748947,7.994,8.183,6.566,6.695,12.881
4873.48231,2.05192085738791,8.115,8.277,6.469,6.729,12.838
4871.55375,2.05273317573474,8.189,8.283,6.399,6.859,12.791
4869.62518,2.05354614171763,8.297,8.175,6.428,6.983,12.678
4867.69662,2.05435974767055,8.379,8.162,6.525,7.054,12.509
4865.76806,2.05517399857321,8.376,8.254,6.647,7.124,12.368
4863.83949,2.05598889941987,8.403,8.232,6.813,7.151,12.346
4861.91093,2.05680444252812,8.489,8.124,6.892,7.062,12.406
4859.98236,2.05762063712511,8.565,8.099,6.807,6.996,12.426
4858.0538,2.05843747551746,8.675,8.137,6.758,7.079,12.341
4856.12523,2.05925496694821,8.864,8.166,6.84,7.226,12.205
4854.19667,2.06007310371296,9.039,8.213,7.011,7.316,12.09
4852.2681,2.06089189507068,9.07,8.283,7.227,7.338,12.039
4850.33954,2.06171133330596,9.024,8.349,7.367,7.363,12.066
4848.41098,2.06253142343969,9.052,8.446,7.416,7.43,12.098
4846.48241,2.06335217050752,9.121,8.533,7.477,7.474,12.057
4844.55385,2.06417356677747,9.173,8.531,7.52,7.493,11.95
4842.62528,2.06499562154848,9.264,8.537,7.494,7.556,11.778
4840.69672,2.06581832707751,9.371,8.601,7.481,7.664,11.582
4838.76815,2.06664169267957,9.386,8.626,7.497,7.781,11.47
4836.83959,2.0674657106005,9.34,8.59,7.499,7.883,11.503
4834.91102,2.06829039017144,9.354,8.559,7.544,7.962,11.633
4832.98246,2.0691157236271,9.46,8.58,7.618,8.004,11.72
4831.0539,2.06994171603012,9.642,8.623,7.653,7.987,11.654
4829.12533,2.07076837245804,9.811,8.625,7.684,7.955,11.534
4827.19677,2.07159568512887,9.831,8.597,7.73,8.012,11.543
4825.2682,2.07242366341419,9.778,8.584,7.788,8.121,11.693
4823.33964,2.07325229952084,9.848,8.649,7.881,8.172,11.78
4821.41107,2.07408160283666,10.038,8.811,7.985,8.193,11.656
4819.48251,2.07491156555727,10.244,8.94,8.041,8.239,11.51
4817.55394,2.07574219708685,10.412,8.882,8.06,8.319,11.516
4815.62538,2.07657348960978,10.564,8.779,8.127,8.354,11.555
4813.69682,2.07740544823095,10.754,8.849,8.31,8.327,11.524
4811.76825,2.07823807807036,10.886,8.961,8.58,8.402,11.417
4809.83969,2.07907137129554,10.883,8.949,8.752,8.567,11.273
4807.91112,2.07990533735158,10.866,8.919,8.687,8.627,11.238
4805.98256,2.08073996839473,10.871,9.022,8.591,8.612,11.328
4804.05399,2.08157527388655,10.85,9.2,8.692,8.647,11.387
4802.12543,2.08241124597197,10.883,9.246,8.868,8.7,11.354
4800.19686,2.08324789412908,11.027,9.171,8.924,8.744,11.258
4798.2683,2.08408521049146,11.194,9.158,8.911,8.84,11.122
4796.33974,2.08492320020683,11.348,9.237,8.975,8.949,11.061
4794.41117,2.08576186843816,11.504,9.293,9.092,8.942,11.102
4792.48261,2.08660120730203,11.62,9.244,9.144,8.868,11.093
4790.55404,2.08744122631795,11.683,9.17,9.144,8.914,11.039
4788.62548,2.0882819175911,11.713,9.207,9.206,9.098,11.077
4786.69691,2.08912329065765,11.702,9.327,9.317,9.301,11.175
4784.76835,2.08996533761138,11.697,9.443,9.352,9.442,11.149
4782.83978,2.09080806800516,11.812,9.562,9.344,9.515,10.98
4780.91122,2.09165147392133,11.997,9.673,9.439,9.553,10.865
4778.98266,2.09249556055096,12.089,9.715,9.574,9.566,10.836
4777.05409,2.09334033310056,12.121,9.719,9.646,9.605,10.806
4775.12553,2.09418578363531,12.168,9.713,9.697,9.706,10.798
4773.19696,2.09503192174999,12.244,9.665,9.717,9.773,10.764
4771.2684,2.09587873949829,12.42,9.616,9.675,9.715,10.678
4769.33983,2.09672624649186,12.609,9.63,9.662,9.598,10.643
4767.41127,2.09757443477286,12.666,9.671,9.741,9.623,10.627
4765.4827,2.09842331396985,12.657,9.687,9.842,9.818,10.555
4763.55414,2.09927287611346,12.67,9.662,9.888,9.951,10.503
4761.62558,2.10012312643868,12.694,9.662,9.9,9.901,10.443
4759.69701,2.10097407019612,12.691,9.804,9.977,9.816,10.31
4757.76845,2.10182569939905,12.673,9.989,10.12,9.891,10.209
4755.83988,2.10267802371849,12.7,9.965,10.156,10.086,10.187
4753.91132,2.10353103515612,12.775,9.772,10.071,10.185,10.216
4751.98275,2.10438474340001,12.842,9.624,10.059,10.13,10.31
4750.05419,2.10523914044021,12.888,9.549,10.141,10.07,10.456
4748.12562,2.1060942359819,12.964,9.535,10.217,10.086,10.548
4746.19706,2.10695002200351,13.088,9.598,10.256,10.134,10.466
4744.2685,2.10780650378451,13.236,9.689,10.247,10.225,10.312
4742.33993,2.1086636866202,13.363,9.777,10.283,10.365,10.237
4740.41137,2.10952156247149,13.433,9.87,10.406,10.427,10.167
4738.4828,2.11038014108651,13.498,9.98,10.497,10.395,10.086
4736.55424,2.11123941441448,13.596,10.085,10.556,10.415,10.124
4734.62567,2.1120993922208,13.739,10.139,10.632,10.516,10.23
4732.69711,2.11296006644296,13.893,10.155,10.659,10.612,10.234
4730.76855,2.11382144239544,13.945,10.214,10.66,10.714,10.164
4728.83998,2.1146835254087,13.884,10.334,10.714,10.875,10.166
4726.91142,2.11554630740256,13.818,10.434,10.779,11.017,10.229
4724.98285,2.11640979818583,13.83,10.506,10.816,11.072,10.256
4723.05429,2.11727398966655,13.955,10.554,10.851,11.105,10.268
4721.12572,2.11813889167095,14.129,10.503,10.901,11.139,10.291
4719.19716,2.11900449609526,14.266,10.407,11.019,11.124,10.291
4717.26859,2.11987081278321,14.365,10.412,11.2,11.118,10.314
4715.34003,2.12073783361918,14.42,10.507,11.335,11.18,10.4
4713.41147,2.12160556396321,14.47,10.622,11.427,11.26,10.455
4711.4829,2.12247400919146,14.614,10.783,11.55,11.337,10.423
4709.55434,2.12334316117053,14.781,10.91,11.68,11.45,10.365
4707.62577,2.12421302978805,14.842,10.913,11.75,11.592,10.342
4705.69721,2.12508360689871,14.857,10.907,11.737,11.741,10.358
4703.76864,2.12595490240779,14.904,10.928,11.696,11.892,10.368
4701.84008,2.12682690815805,14.968,10.93,11.737,12.047,10.363
4699.91151,2.12769963407247,15.077,10.991,11.856,12.183,10.375
4697.98295,2.12857307198188,15.289,11.126,11.941,12.264,10.398
4696.05439,2.12944722729244,15.496,11.251,11.95,12.288,10.409
4694.12582,2.13032210542665,15.6,11.283,12.012,12.261,10.433
4692.19726,2.13119769819737,15.696,11.273,12.201,12.225,10.508
4690.26869,2.13207401557202,15.829,11.406,12.367,12.3,10.585
4688.34013,2.13295104935145,15.932,11.625,12.403,12.514,10.613
4686.41156,2.13382880952095,16.01,11.71,12.366,12.689,10.609
4684.483,2.13470728786933,16.109,11.722,12.356,12.734,10.551
4682.55443,2.13558649439981,16.215,11.816,12.45,12.731,10.437
4680.62587,2.13646642088914,16.303,11.893,12.6,12.702,10.353
4678.69731,2.13734707279023,16.339,11.839,12.725,12.663,10.381
4676.76874,2.13822845557251,16.305,11.816,12.868,12.733,10.482
4674.84018,2.13911056099462,16.32,11.985,13.087,12.885,10.538
4672.91161,2.13999339910476,16.477,12.21,13.317,12.984,10.535
4670.98305,2.14087696164943,16.679,12.268,13.456,13.057,10.545
4669.05448,2.14176125869493,16.819,12.194,13.486,13.141,10.564
4667.12592,2.14264628197561,16.873,12.178,13.473,13.188,10.534
4665.19735,2.1435320415759,16.883,12.222,13.518,13.241,10.51
4663.26879,2.144418529218,16.951,12.243,13.579,13.316,10.599
4661.34023,2.14530575040218,17.085,12.338,13.55,13.394,10.751
4659.41166,2.14619371064543,17.193,12.519,13.539,13.525,10.861
4657.4831,2.14708240165166,17.27,12.619,13.692,13.669,10.869
4655.55453,2.14797183355084,17.355,12.637,13.906,13.742,10.75
4653.62597,2.14886199803462,17.421,12.687,13.996,13.773,10.594
4651.6974,2.14975290525132,17.463,12.796,13.961,13.836,10.524
4649.76884,2.15064454688031,17.533,12.926,13.921,13.964,10.574
4647.84027,2.15153693308828,17.693,13.011,13.933,14.133,10.706
4645.91171,2.15243005554232,17.903,13.066,13.968,14.281,10.818
4643.98315,2.15332391979071,18.04,13.144,14.045,14.345,10.874
4642.05458,2.15421853139866,18.09,13.204,14.233,14.361,10.939
4640.12602,2.15511388201478,18.131,13.24,14.444,14.44,10.989
4638.19745,2.15600998185189,18.21,13.306,14.561,14.573,10.944
4636.26889,2.15690682254627,18.355,13.376,14.648,14.668,10.889
4634.34032,2.15780441432924,18.508,13.406,14.746,14.725,10.973
4632.41176,2.15870274882473,18.581,13.445,14.831,14.801,11.139
4630.48319,2.15960183628266,18.614,13.536,14.914,14.894,11.193
4628.55463,2.16050166831454,18.684,13.66,14.992,14.968,11.15
4626.62607,2.1614022505173,18.785,13.789,15.098,15.027,11.212
4624.6975,2.16230358850498,18.863,13.854,15.244,15.108,11.401
4622.76894,2.16320567387043,18.884,13.841,15.359,15.233,11.522
4620.84037,2.16410851691031,18.932,13.828,15.443,15.368,11.507
4618.91181,2.165012109205,19.134,13.864,15.566,15.47,11.48
4616.98324,2.16591646106994,19.404,13.958,15.702,15.541,11.484
4615.05468,2.166821564073,19.554,14.116,15.792,15.594,11.476
4613.12611,2.16772742854845,19.59,14.286,15.844,15.647,11.49
4611.19755,2.16863404605166,19.641,14.387,15.882,15.74,11.589
4609.26899,2.16954142222886,19.711,14.457,15.963,15.891,11.726
4607.34042,2.17044956274362,19.72,14.558,16.125,16.05,11.806
4605.41186,2.17135845913247,19.75,14.669,16.326,16.126,11.804
4603.48329,2.17226812177698,19.902,14.783,16.501,16.14,11.773
4601.55473,2.17317854220111,20.115,14.874,16.593,16.211,11.765
4599.62616,2.17408973080543,20.338,14.914,16.588,16.353,11.779
4597.6976,2.1750016791013,20.491,14.937,16.568,16.479,11.815
4595.76903,2.17591439750835,20.492,14.994,16.625,16.525,11.879
4593.84047,2.17682787752532,20.447,15.084,16.744,16.566,11.953
4591.91191,2.17774212484838,20.51,15.166,16.882,16.746,12.045
4589.98334,2.17865714519129,20.646,15.248,17.048,16.988,12.158
4588.05478,2.17957293003376,20.715,15.323,17.236,17.114,12.234
4586.12621,2.18048948984333,20.728,15.358,17.427,17.17,12.267
4584.19765,2.181406816087,20.793,15.421,17.578,17.263,12.341
4582.26908,2.18232491925158,20.913,15.588,17.634,17.378,12.475
4580.34052,2.18324379079135,21.024,15.786,17.662,17.43,12.55
4578.41196,2.18416343644184,21.118,15.89,17.743,17.418,12.51
4576.48339,2.18508386195629,21.258,15.902,17.828,17.465,12.471
4574.55483,2.18600505876984,21.457,15.899,17.892,17.589,12.539
4572.62626,2.18692703741766,21.639,15.935,18.011,17.725,12.68
4570.6977,2.1878497893221,21.738,16.041,18.186,17.889,12.808
4568.76913,2.18877332503777,21.813,16.147,18.323,18.078,12.922
4566.84057,2.18969763597419,21.926,16.204,18.384,18.198,13.056
4564.912,2.19062273270547,22.027,16.316,18.417,18.182,13.116
4562.98344,2.1915486066283,22.093,16.446,18.487,18.116,13.042
4561.05488,2.19247526352939,22.164,16.426,18.634,18.143,12.987
4559.12631,2.19340270921338,22.25,16.367,18.82,18.231,13.042
4557.19775,2.19433093505762,22.313,16.462,18.939,18.279,13.08
4555.26918,2.19525995168523,22.325,16.636,18.961,18.313,13.048
4553.34062,2.19618975046062,22.357,16.768,19.004,18.392,13.117
4551.41205,2.1971203420266,22.483,16.885,19.137,18.511,13.322
4549.48349,2.19805171773467,22.642,17.039,19.276,18.649,13.398
4547.55492,2.19898388824736,22.7,17.18,19.36,18.772,13.287
4545.62636,2.1999168449032,22.724,17.226,19.434,18.85,13.239
4543.6978,2.20085059354079,22.908,17.228,19.512,18.937,13.338
4541.76923,2.2017851400169,23.213,17.295,19.538,19.058,13.468
4539.84067,2.20272047565053,23.434,17.45,19.523,19.143,13.565
4537.9121,2.20365661115384,23.495,17.583,19.559,19.2,13.664
4535.98354,2.20459353783281,23.49,17.629,19.665,19.273,13.759
4534.05497,2.20553126641956,23.509,17.698,19.782,19.355,13.791
4532.12641,2.20646978820699,23.564,17.864,19.893,19.475,13.81
4530.19784,2.20740911394722,23.706,18.049,20.063,19.616,13.891
4528.26928,2.20834923492006,23.907,18.133,20.257,19.735,13.978
4526.34072,2.20929015701673,24.005,18.089,20.374,19.894,14.011
4524.41215,2.2102318861468,24.024,18.034,20.463,20.097,14.092
4522.48359,2.2111744135704,24.09,18.069,20.591,20.236,14.252
4520.55502,2.2121177500899,24.162,18.203,20.745,20.298,14.357
4518.62646,2.21306188695226,24.212,18.374,20.899,20.385,14.413
4516.69789,2.21400683498006,24.268,18.536,20.985,20.521,14.529
4514.76933,2.21495258540706,24.322,18.698,21.005,20.596,14.667
4512.84076,2.21589914907611,24.414,18.836,21.046,20.575,14.756
4510.9122,2.21684651720776,24.563,18.911,21.128,20.581,14.842
4508.98364,2.21779469574656,24.728,18.917,21.233,20.686,14.954
4507.05507,2.21874369065564,24.853,18.883,21.346,20.84,15.006
4505.12651,2.21969349313567,24.951,18.869,21.489,20.994,14.993
4503.19794,2.2206441140804,25.099,18.936,21.651,21.078,14.991
4501.26938,2.22159554467722,25.269,19.063,21.791,21.07,15.029
4499.34081,2.22254779584034,25.412,19.192,21.919,21.082,15.113
4497.41225,2.22350085874383,25.531,19.34,21.993,21.188,15.207
4495.48368,2.22445474432242,25.549,19.472,21.987,21.347,15.249
4493.55512,2.22540944373683,25.497,19.566,22.008,21.51,15.276
4491.62656,2.2263649629857,25.557,19.725,22.097,21.642,15.346
4489.69799,2.22732130808647,25.709,19.939,22.206,21.709,15.415
4487.76943,2.22827847017978,25.825,20.086,22.327,21.739,15.423
4485.84086,2.22923646025196,25.908,20.164,22.436,21.829,15.443
4483.9123,2.23019526943023,25.984,20.236,22.52,21.993,15.548
4481.98373,2.23115490872163,26.058,20.339,22.6,22.12,15.68
4480.05517,2.23211536923997,26.147,20.486,22.678,22.144,15.817
4478.1266,2.23307666201308,26.279,20.635,22.788,22.136,15.968
4476.19804,2.23403877814128,26.436,20.74,22.956,22.199,16.07
4474.26948,2.23500172367803,26.547,20.8,23.111,22.333,16.135
4472.34091,2.23596550469584,26.633,20.856,23.177,22.477,16.199
4470.41235,2.23693011227477,26.732,20.931,23.197,22.612,16.219
4468.48378,2.2378955574949,26.824,21.003,23.258,22.73,16.222
4466.55522,2.23886183142274,26.93,21.074,23.349,22.812,16.281
4464.62665,2.23982894515939,27.042,21.159,23.395,22.855,16.383
4462.69809,2.24079688975778,27.117,21.272,23.396,22.871,16.484
4460.76952,2.24176567634008,27.161,21.383,23.425,22.91,16.57
4458.84096,2.24273529594561,27.214,21.435,23.515,23.036,16.634
4456.9124,2.24370575468344,27.306,21.531,23.656,23.194,16.707
4454.98383,2.24467705868194,27.41,21.794,23.786,23.271,16.833
4453.05527,2.24564919895998,27.471,22.075,23.853,23.291,16.988
4451.1267,2.24662218669264,27.543,22.214,23.917,23.344,17.107
4449.19814,2.24759601288514,27.734,22.278,24.029,23.471,17.197
4447.26957,2.24857068873385,27.981,22.364,24.124,23.646,17.315
4445.34101,2.24954620523027,28.135,22.473,24.183,23.8,17.446
4443.41245,2.25052256852726,28.179,22.545,24.277,23.884,17.529
4441.48388,2.25149978479715,28.217,22.572,24.412,23.933,17.574
4439.55532,2.25247784501084,28.306,22.638,24.519,24.011,17.627
4437.62675,2.25345676041817,28.38,22.77,24.575,24.129,17.678
4435.69819,2.25443652197626,28.425,22.896,24.612,24.253,17.732
4433.76962,2.25541714095646,28.46,22.957,24.648,24.341,17.821
4431.84106,2.25639860830208,28.462,23.012,24.672,24.401,17.923
4429.91249,2.25738093530602,28.52,23.139,24.716,24.5,18.03
4427.98393,2.25836411289776,28.686,23.271,24.829,24.634,18.162
4426.05537,2.25934814728719,28.827,23.369,24.978,24.734,18.267
4424.1268,2.26033304470387,28.871,23.501,25.104,24.783,18.319
4422.19824,2.26131879605651,28.935,23.656,25.225,24.847,18.353
4420.26967,2.26230541269216,29.073,23.77,25.355,24.97,18.403
4418.34111,2.26329288550562,29.207,23.859,25.475,25.075,18.533
4416.41254,2.26428122586573,29.331,23.978,25.602,25.108,18.7
4414.48398,2.26527042465335,29.474,24.114,25.705,25.147,18.786
4412.55541,2.26626049325917,29.615,24.198,25.732,25.249,18.853
4410.62685,2.26725142255006,29.716,24.203,25.731,25.358,18.981
4408.69829,2.26824321879373,29.767,24.227,25.802,25.441,19.108
4406.76972,2.26923588827782,29.838,24.38,25.958,25.53,19.204
4404.84116,2.27022942184821,29.993,24.598,26.098,25.608,19.306
4402.91259,2.2712238309505,30.176,24.75,26.15,25.664,19.398
4400.98403,2.27221910641653,30.271,24.829,26.137,25.734,19.439
4399.05546,2.27321525971396,30.281,24.878,26.119,25.829,19.47
4397.1269,2.27421228166055,30.318,24.924,26.171,25.952,19.553
4395.19833,2.27521018374613,30.445,25.005,26.284,26.083,19.686
4393.26977,2.27620895677435,30.584,25.15,26.381,26.19,19.85
4391.34121,2.27720860707155,30.666,25.325,26.472,26.277,20.005
4389.41264,2.27820914098429,30.771,25.485,26.591,26.349,20.132
4387.48408,2.27921054929503,30.898,25.615,26.7,26.431,20.24
4385.55551,2.28021284354921,30.952,25.67,26.784,26.531,20.297
4383.62695,2.2812160145151,30.963,25.673,26.893,26.604,20.314
4381.69838,2.28222007376053,31.023,25.761,27.024,26.672,20.371
4379.76982,2.28322501203956,31.152,25.953,27.099,26.794,20.473
4377.84125,2.28423084094244,31.286,26.14,27.111,26.908,20.591
4375.91269,2.285237551209,31.397,26.265,27.145,26.96,20.73
4373.98413,2.28624514922508,31.487,26.34,27.236,27.012,20.89
4372.05556,2.287253641397,31.514,26.413,27.312,27.109,21.05
4370.127,2.28826301844317,31.548,26.52,27.34,27.222,21.176
4368.19843,2.28927329201023,31.651,26.629,27.396,27.323,21.251
4366.26987,2.29028445280227,31.8,26.728,27.551,27.452,21.285
4364.3413,2.29129651248861,31.977,26.842,27.754,27.62,21.297
4362.41274,2.292309461759,32.116,26.962,27.925,27.752,21.343
4360.48417,2.29332331230548,32.194,27.087,28.063,27.843,21.5
4358.55561,2.29433805480344,32.267,27.205,28.139,27.946,21.74
4356.62705,2.29535369569906,32.347,27.274,28.171,28.04,21.943
4354.69848,2.29637024145929,32.414,27.293,28.282,28.077,22.059
4352.76992,2.29738768273789,32.443,27.308,28.425,28.115,22.133
4350.84135,2.29840603128404,32.463,27.368,28.474,28.208,22.214
4348.91279,2.29942527773706,32.549,27.507,28.461,28.331,22.301
4346.98422,2.30044543386909,32.722,27.696,28.497,28.474,22.43
4345.05566,2.30146649030498,32.91,27.82,28.64,28.636,22.646
4343.12709,2.30248845883992,33.014,27.861,28.844,28.771,22.842
4341.19853,2.30351133008423,33.073,27.918,29.019,28.825,22.92
4339.26997,2.30453511054533,33.215,28.015,29.144,28.823,22.935
4337.3414,2.30555980675167,33.374,28.132,29.242,28.889,22.979
4335.41284,2.30658540929173,33.442,28.275,29.319,29.037,23.095
4333.48427,2.30761193001861,33.514,28.441,29.375,29.182,23.267
4331.55571,2.30863935950624,33.63,28.573,29.408,29.287,23.43
4329.62714,2.309667709631,33.74,28.605,29.448,29.341,23.529
4327.69858,2.31069697095217,33.823,28.614,29.526,29.389,23.597
4325.77001,2.3117271553695,33.868,28.714,29.626,29.491,23.669
4323.84145,2.31275825342763,33.944,28.887,29.743,29.661,23.73
4321.91289,2.31379027169611,34.054,29.066,29.865,29.826,23.795
4319.98432,2.31482321676575,34.154,29.197,30.004,29.898,23.904
4318.05576,2.31585707915916,34.302,29.295,30.166,29.9,24.071
4316.12719,2.31689187083479,34.442,29.402,30.294,29.942,24.235
4314.19863,2.31792758230049,34.464,29.498,30.382,30.083,24.321
4312.27006,2.31896422553832,34.441,29.568,30.459,30.271,24.367
4310.3415,2.32000179104138,34.492,29.649,30.509,30.406,24.462
4308.41294,2.32104028542817,34.625,29.707,30.519,30.468,24.613
4306.48437,2.32207971533866,34.761,29.736,30.535,30.534,24.743
4304.55581,2.32312007124377,34.859,29.837,30.623,30.642,24.845
4302.62724,2.32416136518487,34.965,29.969,30.742,30.72,24.976
4300.69868,2.325203587618,35.05,30.02,30.821,30.767,25.126
4298.77011,2.3262467506084,35.055,30.068,30.893,30.854,25.232
4296.84155,2.32729084459724,35.05,30.211,31.03,30.981,25.268
4294.91298,2.32833588167367,35.131,30.372,31.201,31.08,25.293
4292.98442,2.32938185226398,35.295,30.44,31.307,31.149,25.374
4291.05586,2.33042876305041,35.473,30.439,31.337,31.272,25.507
4289.12729,2.33147662073699,35.609,30.473,31.374,31.452,25.643
4287.19873,2.33252541572758,35.701,30.596,31.475,31.615,25.775
4285.27016,2.33357516017147,35.73,30.72,31.55,31.724,25.91
4283.3416,2.33462584445751,35.716,30.744,31.569,31.799,26
4281.41303,2.3356774807592,35.751,30.763,31.635,31.857,26.083
4279.48447,2.33673005945036,35.868,30.862,31.718,31.874,26.229
4277.5559,2.33778359272874,36.003,30.969,31.786,31.904,26.374
4275.62734,2.33883807095312,36.105,31.06,31.9,32.028,26.485
4273.69878,2.33989350087046,36.196,31.175,32.063,32.202,26.609
4271.77021,2.34094988924978,36.281,31.333,32.229,32.356,26.73
4269.84165,2.34200722642724,36.34,31.485,32.346,32.473,26.816
4267.91308,2.34306552466153,36.433,31.544,32.403,32.539,26.914
4265.98452,2.34412477427368,36.588,31.534,32.423,32.594,27.06
4264.05595,2.34518498754689,36.738,31.581,32.46,32.73,27.222
4262.12739,2.34624615478704,36.845,31.731,32.587,32.902,27.394
4260.19882,2.34730828830191,36.876,31.881,32.735,33.03,27.547
4258.27026,2.34837137838217,36.848,31.982,32.816,33.164,27.651
4256.3417,2.34943543184045,36.878,32.101,32.884,33.294,27.731
4254.41313,2.35050045551171,36.975,32.235,32.967,33.369,27.817
4252.48457,2.35156643966377,37.108,32.341,33.016,33.477,27.944
4250.556,2.35263339666623,37.29,32.451,33.043,33.667,28.07
4248.62744,2.35370131677161,37.448,32.58,33.132,33.823,28.141
4246.69887,2.35477021237439,37.549,32.674,33.278,33.898,28.233
4244.77031,2.35584007371179,37.66,32.747,33.385,33.954,28.401
4242.84174,2.35691091320319,37.788,32.846,33.457,33.99,28.551
4240.91318,2.35798272107047,37.892,32.933,33.567,33.998,28.615
4238.98462,2.35905550419289,37.938,32.978,33.689,34.039,28.716
4237.05605,2.36012926947237,37.933,33.003,33.765,34.123,28.937
4235.12749,2.36120400710771,37.977,33.063,33.83,34.244,29.154
4233.19892,2.36227972958096,38.102,33.177,33.921,34.399,29.239
4231.27036,2.36335642707548,38.204,33.287,34.017,34.532,29.247
4229.34179,2.36443411209856,38.253,33.407,34.112,34.599,29.328
4227.41323,2.36551277481809,38.327,33.567,34.223,34.657,29.502
4225.48466,2.36659242776662,38.425,33.707,34.305,34.783,29.666
4223.5561,2.36767306109655,38.507,33.802,34.376,34.963,29.771
4221.62754,2.3687546817548,38.606,33.883,34.519,35.105,29.884
4219.69897,2.36983729671124,38.734,33.986,34.662,35.182,30.045
4217.77041,2.37092089609496,38.846,34.142,34.691,35.288,30.194
4215.84184,2.37200549250206,38.924,34.276,34.669,35.444,30.299
4213.91328,2.37309107604606,38.98,34.312,34.727,35.566,30.357
4211.98471,2.37417765934863,39.04,34.322,34.878,35.643,30.401
4210.05615,2.37526523250765,39.136,34.357,35.02,35.748,30.504
4208.12758,2.37635380817043,39.257,34.419,35.106,35.88,30.63
4206.19902,2.37744337641922,39.366,34.544,35.15,35.975,30.716
4204.27046,2.37853394426961,39.446,34.689,35.195,36.044,30.79
4202.34189,2.37962551876045,39.481,34.78,35.281,36.079,30.897
4200.41333,2.38071808995045,39.51,34.845,35.376,36.075,31.022
4198.48476,2.38181167055135,39.616,34.933,35.469,36.135,31.164
4196.5562,2.38290625060615,39.766,35.039,35.577,36.268,31.319
4194.62763,2.3840018428525,39.859,35.144,35.711,36.41,31.452
4192.69907,2.38509843731761,39.9,35.245,35.883,36.577,31.57
4190.7705,2.38619604676515,39.942,35.34,35.99,36.722,31.706
4188.84194,2.38729466120653,40.037,35.445,36,36.768,31.872
4186.91338,2.38839428772706,40.214,35.562,36.044,36.771,32.013
4184.98481,2.38949493343561,40.368,35.662,36.162,36.868,32.068
4183.05625,2.39059658831984,40.415,35.758,36.266,37.077,32.109
4181.12768,2.39169926520876,40.448,35.876,36.315,37.265,32.217
4179.19912,2.39280295407413,40.543,36.004,36.384,37.346,32.357
4177.27055,2.39390766777124,40.665,36.099,36.524,37.359,32.506
4175.34199,2.39501339625596,40.764,36.144,36.693,37.37,32.678
4173.41342,2.39612015240992,40.82,36.208,36.863,37.46,32.816
4171.48486,2.39722792617303,40.858,36.307,37.011,37.635,32.85
4169.5563,2.39833672470138,40.927,36.365,37.124,37.805,32.845
4167.62773,2.39944655517493,41.012,36.38,37.222,37.898,32.915
4165.69917,2.40055740750958,41.072,36.43,37.268,37.908,33.07
4163.7706,2.40166929465326,41.128,36.539,37.234,37.894,33.208
4161.84204,2.40278220650585,41.187,36.661,37.215,37.906,33.298
4159.91347,2.40389615604192,41.245,36.767,37.27,38.007,33.411
4157.98491,2.40501113314526,41.351,36.888,37.372,38.22,33.577
4156.05635,2.40612714502776,41.491,37.028,37.527,38.402,33.754
4154.12778,2.40724419892544,41.584,37.142,37.719,38.471,33.896
4152.19922,2.40836228469789,41.663,37.22,37.882,38.546,34
4150.27065,2.40948141538673,41.775,37.294,37.966,38.657,34.094
4148.34209,2.41060158083539,41.846,37.4,37.985,38.735,34.185
4146.41352,2.41172279411244,41.873,37.555,38.07,38.824,34.291
4144.48496,2.41284504504512,41.955,37.682,38.281,38.919,34.441
4142.55639,2.41396834672901,42.082,37.741,38.507,38.972,34.625
4140.62783,2.41509268897514,42.171,37.81,38.654,39.065,34.778
4138.69927,2.41621807906811,42.201,37.88,38.733,39.187,34.858
4136.7707,2.417344524317,42.23,37.937,38.803,39.24,34.907
4134.84214,2.41847201450839,42.319,38.079,38.892,39.271,34.984
4132.91357,2.41960056280587,42.462,38.277,38.988,39.369,35.115
4130.98501,2.42073015897969,42.612,38.403,39.108,39.543,35.249
4129.05644,2.42186081622076,42.733,38.458,39.237,39.703,35.326
4127.12788,2.42299252428301,42.805,38.497,39.312,39.796,35.396
4125.19931,2.42412529638477,42.823,38.532,39.349,39.852,35.526
4123.27075,2.42525912226356,42.876,38.607,39.43,39.928,35.669
4121.34219,2.42639400927784,43.009,38.733,39.563,40.059,35.744
4119.41362,2.42752996481087,43.125,38.878,39.665,40.168,35.791
4117.48506,2.42866697857551,43.212,39.021,39.717,40.196,35.882
4115.55649,2.42980506385906,43.308,39.138,39.785,40.232,36.018
4113.62793,2.43094421035789,43.379,39.218,39.893,40.353,36.172
4111.69936,2.43208443138703,43.415,39.263,39.985,40.504,36.337
4109.7708,2.43322571662634,43.441,39.33,40.02,40.622,36.501
4107.84223,2.43436807941867,43.545,39.482,40.072,40.726,36.635
4105.91367,2.43551150942733,43.724,39.661,40.24,40.834,36.75
4103.98511,2.43665601408578,43.837,39.76,40.447,40.928,36.865
4102.05654,2.43780160085263,43.863,39.778,40.548,40.998,36.946
4100.12798,2.43894825936628,43.923,39.833,40.58,41.054,37.029
4098.19941,2.44009600303954,44.033,39.989,40.67,41.152,37.191
4096.27085,2.44124482149417,44.112,40.132,40.831,41.312,37.386
4094.34228,2.44239472817109,44.201,40.189,40.984,41.46,37.51
4092.41372,2.4435457126754,44.324,40.228,41.066,41.535,37.555
4090.48515,2.44469778847626,44.385,40.321,41.084,41.594,37.616
4088.55659,2.44585094516204,44.391,40.478,41.129,41.699,37.792
4086.62803,2.44700519024238,44.44,40.652,41.263,41.825,38.023
4084.69946,2.4481605312524,44.526,40.785,41.437,41.953,38.169
4082.7709,2.44931695775533,44.573,40.878,41.588,42.058,38.229
4080.84233,2.4504744832913,44.592,40.927,41.684,42.116,38.283
4078.91377,2.45163309740672,44.667,40.948,41.721,42.163,38.335
4076.9852,2.45279281367026,44.779,40.991,41.744,42.195,38.362
4075.05664,2.4539536216115,44.858,41.044,41.81,42.228,38.415
4073.12807,2.45511553482776,44.905,41.086,41.933,42.314,38.507
4071.19951,2.45627854283172,44.99,41.159,42.076,42.421,38.584
4069.27095,2.4574426532104,45.148,41.299,42.192,42.504,38.676
4067.34238,2.45860787357665,45.292,41.463,42.285,42.605,38.838
4065.41382,2.45977419341778,45.35,41.587,42.382,42.754,38.994
4063.48525,2.4609416264031,45.398,41.671,42.477,42.878,39.058
4061.55669,2.46211016200293,45.494,41.754,42.579,42.974,39.15
4059.62812,2.46327981391557,45.611,41.866,42.684,43.132,39.378
4057.69956,2.46445057159432,45.75,41.971,42.751,43.299,39.615
4055.77099,2.46562244876652,45.869,42.031,42.819,43.371,39.717
4053.84243,2.46679543486844,45.865,42.065,42.95,43.37,39.677
4051.91387,2.46796953756571,45.797,42.108,43.103,43.352,39.621
4049.9853,2.46914476455013,45.818,42.229,43.229,43.394,39.683
4048.05674,2.47032110523233,45.926,42.418,43.362,43.511,39.867
4046.12817,2.47149857341272,46.044,42.56,43.505,43.603,40.075
4044.19961,2.47267715848477,46.161,42.617,43.595,43.647,40.216
4042.27104,2.47385687427828,46.26,42.659,43.648,43.729,40.306
4040.34248,2.47503771016956,46.323,42.737,43.735,43.879,40.394
4038.41391,2.47621968001789,46.384,42.851,43.871,44.021,40.499
4036.48535,2.47740277318237,46.462,42.969,43.979,44.096,40.626
4034.55679,2.47858699740846,46.536,43.059,44.012,44.178,40.747
4032.62822,2.47977236046818,46.606,43.143,44.061,44.299,40.887
4030.69966,2.48095885169475,46.678,43.257,44.183,44.401,41.067
4028.77109,2.48214648502157,46.739,43.401,44.316,44.479,41.234
4026.84253,2.48333524976454,46.764,43.535,44.451,44.528,41.314
4024.91396,2.4845251598869,46.789,43.596,44.585,44.559,41.316
4022.9854,2.4857162046872,46.873,43.629,44.669,44.606,41.36
4021.05684,2.48690839197389,47.001,43.715,44.715,44.693,41.471
4019.12827,2.48810172958227,47.111,43.827,44.803,44.854,41.571
4017.19971,2.4892962067848,47.17,43.917,44.945,45.026,41.651
4015.27114,2.49049183761971,47.198,44.013,45.061,45.104,41.755
4013.34258,2.49168861134202,47.266,44.13,45.121,45.141,41.903
4011.41401,2.49288654202013,47.396,44.233,45.188,45.214,42.045
4009.48545,2.49408561889157,47.513,44.309,45.29,45.296,42.128
4007.55688,2.49528585605502,47.582,44.377,45.38,45.369,42.202
4005.62832,2.4964872427305,47.638,44.464,45.462,45.448,42.336
4003.69976,2.49768978680859,47.677,44.562,45.567,45.535,42.477
4001.77119,2.49889349620711,47.718,44.632,45.675,45.637,42.57
3999.84263,2.50009836011973,47.816,44.697,45.772,45.73,42.64
3997.91406,2.50130439272124,47.945,44.797,45.887,45.779,42.739
3995.9855,2.50251158318768,48.046,44.914,46.003,45.805,42.886
3994.05693,2.50371994572446,48.123,45.026,46.05,45.862,43.011
3992.12837,2.50492946948998,48.205,45.117,46.072,45.976,43.089
3990.1998,2.50614016872037,48.26,45.182,46.178,46.105,43.159
3988.27124,2.50735203255634,48.278,45.267,46.341,46.222,43.245
3986.34268,2.50856506897194,48.317,45.405,46.458,46.336,43.352
3984.41411,2.50977928596885,48.418,45.558,46.52,46.468,43.458
3982.48555,2.51099467266115,48.548,45.681,46.547,46.601,43.569
3980.55698,2.51221124336223,48.634,45.718,46.538,46.655,43.646
3978.62842,2.5134289871684,48.66,45.681,46.558,46.652,43.682
3976.69985,2.51464791842412,48.671,45.685,46.636,46.684,43.745
3974.77129,2.51586802620787,48.698,45.791,46.74,46.761,43.854
3972.84272,2.5170893248953,48.746,45.94,46.891,46.857,44.006
3970.91416,2.51831180354702,48.817,46.058,47.058,46.946,44.17
3968.9856,2.51953547022191,48.924,46.16,47.156,47.048,44.286
3967.05703,2.52076033300686,49.041,46.251,47.181,47.157,44.338
3965.12847,2.5219863809356,49.144,46.327,47.223,47.233,44.4
3963.1999,2.52321362846219,49.214,46.4,47.321,47.297,44.535
3961.27134,2.52444206460242,49.237,46.466,47.426,47.402,44.699
3959.34277,2.5256717038419,49.284,46.569,47.541,47.548,44.847
3957.41421,2.52690253517839,49.392,46.716,47.691,47.639,44.954
3955.48564,2.52813457312918,49.485,46.853,47.832,47.632,45.016
3953.55708,2.52936780667398,49.531,46.961,47.919,47.632,45.073
3951.62852,2.53060224395789,49.585,47.039,47.972,47.698,45.119
3949.69995,2.53183789315439,49.679,47.107,48.034,47.781,45.145
3947.77139,2.53307474321607,49.789,47.207,48.091,47.862,45.186
3945.84282,2.53431280873981,49.899,47.311,48.117,47.94,45.28
3943.91426,2.53555207866005,49.976,47.36,48.136,47.987,45.444
3941.98569,2.53679256760569,50.026,47.404,48.207,48.073,45.634
3940.05713,2.53803426449301,50.088,47.508,48.296,48.236,45.752
3938.12856,2.53927718398304,50.146,47.62,48.324,48.362,45.782
3936.2,2.54052131497383,50.189,47.726,48.34,48.406,45.819
3934.27144,2.54176666569808,50.228,47.823,48.425,48.405,45.942
3932.34287,2.54301324441732,50.272,47.879,48.55,48.41,46.119
3930.41431,2.54426104000217,50.34,47.92,48.634,48.474,46.228
3928.48574,2.54551006719449,50.403,47.977,48.679,48.56,46.24
3926.55718,2.54676031484661,50.435,48.032,48.728,48.605,46.241
3924.62861,2.54801179773288,50.483,48.107,48.802,48.651,46.295
3922.70005,2.54926450468728,50.589,48.233,48.891,48.793,46.385
3920.77148,2.55051845051679,50.716,48.373,49.006,48.973,46.485
3918.84292,2.55177362403697,50.852,48.49,49.163,49.067,46.629
3916.91436,2.55303003356959,50.945,48.571,49.308,49.102,46.799
3914.98579,2.55428768746566,50.941,48.637,49.386,49.181,46.902
3913.05723,2.55554657451304,50.935,48.734,49.425,49.284,46.963
3911.12866,2.5568067096008,50.984,48.83,49.454,49.357,47.045
3909.2001,2.55806808149831,51.06,48.881,49.482,49.391,47.137
3907.27153,2.55933070512763,51.165,48.902,49.516,49.384,47.212
3905.34297,2.56059456923959,51.294,48.94,49.57,49.376,47.277
3903.4144,2.56185968878938,51.419,49.06,49.664,49.476,47.395
3901.48584,2.56312605250927,51.534,49.223,49.739,49.637,47.572
3899.55728,2.56439366881155,51.57,49.327,49.764,49.73,47.681
3897.62871,2.56566254613821,51.511,49.389,49.833,49.814,47.717
3895.70015,2.56693267319355,51.488,49.466,49.937,49.913,47.764
3893.77158,2.56820406501606,51.589,49.569,50.023,49.972,47.848
3891.84302,2.56947671029136,51.74,49.679,50.115,50.034,47.994
3889.91445,2.57075062409149,51.824,49.754,50.19,50.139,48.17
3887.98589,2.57202579508333,51.876,49.764,50.212,50.219,48.257
3886.05733,2.57330223175066,51.919,49.77,50.255,50.292,48.246
3884.12876,2.57457994260726,51.948,49.899,50.378,50.399,48.287
3882.2002,2.57585891629185,52.005,50.06,50.522,50.482,48.417
3880.27163,2.57713916796078,52.085,50.131,50.641,50.542,48.523
3878.34307,2.57842068623393,52.1,50.173,50.669,50.592,48.544
3876.4145,2.57970348630158,52.06,50.267,50.643,50.603,48.545
3874.48594,2.58098755676476,52.086,50.413,50.693,50.613,48.614
3872.55737,2.58227291284777,52.225,50.495,50.806,50.635,48.745
3870.62881,2.58355954313273,52.403,50.486,50.921,50.675,48.871
3868.70025,2.58484745619669,52.548,50.535,51.036,50.786,48.978
3866.77168,2.58613666064711,52.613,50.616,51.066,50.879,49.053
3864.84312,2.58742714503765,52.611,50.653,51.06,50.901,49.125
3862.91455,2.58871892467826,52.624,50.729,51.165,50.97,49.24
3860.98599,2.59001198810359,52.73,50.882,51.336,51.157,49.356
3859.05742,2.59130635065803,52.876,51.035,51.441,51.344,49.45
3857.12886,2.59260200085719,52.996,51.18,51.463,51.431,49.54
3855.20029,2.59389895408002,53.085,51.344,51.487,51.454,49.649
3853.27173,2.59519719882304,53.078,51.431,51.608,51.561,49.81
3851.34317,2.5964967437581,53.048,51.458,51.73,51.708,49.93
3849.4146,2.59779759758796,53.123,51.517,51.78,51.76,49.974
3847.48604,2.59909974878038,53.217,51.561,51.778,51.741,49.965
3845.55747,2.60040321280129,53.252,51.559,51.785,51.721,49.927
3843.62891,2.60170797809927,53.262,51.533,51.892,51.778,49.927
3841.70034,2.60301406017524,53.318,51.576,52.043,51.896,50.007
3839.77178,2.60432144745853,53.413,51.755,52.117,51.969,50.183
3837.84321,2.60563015548517,53.5,51.965,52.204,52.002,50.379
3835.91465,2.60694017266521,53.58,52.039,52.338,52.057,50.459
3833.98609,2.60825150776695,53.681,52.017,52.388,52.111,50.489
3832.05752,2.60956416959002,53.75,52.027,52.407,52.169,50.516
3830.12896,2.61087814651546,53.741,52.116,52.499,52.251,50.531
3828.20039,2.61219345416764,53.729,52.231,52.616,52.374,50.589
3826.27183,2.61351008090818,53.799,52.302,52.695,52.509,50.752
3824.34326,2.61482804239701,53.942,52.338,52.744,52.575,50.987
3822.4147,2.61614732697632,54.135,52.377,52.799,52.608,51.206
3820.48613,2.6174679503417,54.29,52.435,52.871,52.709,51.248
3818.55757,2.61878990081587,54.313,52.516,52.923,52.825,51.192
3816.62901,2.62011318726522,54.266,52.636,52.983,52.932,51.254
3814.70044,2.62143781858793,54.222,52.777,53.077,53.054,51.337
3812.77188,2.62276378307742,54.219,52.892,53.183,53.164,51.349
3810.84331,2.624091096519,54.251,53.004,53.295,53.23,51.41
3808.91475,2.62541974718652,54.315,53.13,53.374,53.236,51.58
3806.98618,2.62674975090138,54.387,53.248,53.398,53.213,51.746
3805.05762,2.62808109591781,54.45,53.332,53.441,53.216,51.777
3803.12905,2.62941379809344,54.526,53.399,53.508,53.233,51.805
3801.20049,2.63074784566283,54.602,53.499,53.578,53.304,51.934
3799.27193,2.63208324759213,54.658,53.598,53.691,53.428,52.039
3797.34336,2.63342001287974,54.749,53.665,53.852,53.549,52.118
3795.4148,2.63475812973064,54.897,53.749,54.007,53.728,52.259
3793.48623,2.63609761409362,55.023,53.81,54.079,53.93,52.393
3791.55767,2.63743845415386,55.086,53.815,54.092,54.049,52.446
3789.6291,2.63878066589683,55.11,53.855,54.111,54.076,52.477
3787.70054,2.6401242374879,55.133,53.934,54.15,54.062,52.532
3785.77197,2.64146918494935,55.184,53.975,54.225,54.092,52.605
3783.84341,2.64281549642669,55.24,54.048,54.325,54.204,52.701
3781.91485,2.64416318098754,55.274,54.2,54.377,54.286,52.798
3779.98628,2.64551224773229,55.329,54.308,54.416,54.301,52.872
3778.05772,2.64686268477656,55.428,54.305,54.528,54.375,52.957
3776.12915,2.64821450823524,55.5,54.33,54.651,54.497,53.056
3774.20059,2.64956770620398,55.527,54.473,54.713,54.583,53.107
3772.27202,2.65092229483493,55.545,54.649,54.739,54.638,53.105
3770.34346,2.65227826220373,55.575,54.741,54.76,54.683,53.141
3768.41489,2.65363562449993,55.674,54.758,54.813,54.735,53.281
3766.48633,2.65499436977911,55.814,54.76,54.914,54.808,53.462
3764.55777,2.65635450721215,55.86,54.805,55.04,54.894,53.576
3762.6292,2.65771604600315,55.859,54.901,55.122,54.952,53.588
3760.70064,2.65907897417754,55.952,55.008,55.131,54.978,53.59
3758.77207,2.66044330801894,56.1,55.107,55.143,55.009,53.675
3756.84351,2.6618090355326,56.143,55.171,55.191,55.016,53.76
3754.91494,2.66317617304002,56.108,55.229,55.24,55.022,53.79
3752.98638,2.66454470852623,56.06,55.309,55.259,55.09,53.83
3751.05781,2.66591465835073,56.016,55.359,55.242,55.187,53.912
3749.12925,2.6672860104783,56.079,55.353,55.303,55.189,53.956
3747.20069,2.66865877418484,56.243,55.374,55.447,55.121,53.949
3745.27212,2.67003295878004,56.447,55.491,55.671,55.2,54.054
3743.34356,2.67140855219819,56.551,55.606,55.803,55.438,54.288
3741.41499,2.6727855708944,56.539,55.601,55.739,55.49,54.392
3739.48643,2.6741640027826,56.527,55.548,55.652,55.358,54.34
3737.55786,2.67554386435639,56.543,55.485,55.582,55.178,54.21
3735.6293,2.67692514350929,56.6,55.511,55.571,55.154,54.16
3733.70074,2.67830784960018,56.728,55.723,55.711,55.372,54.336
3731.77217,2.67969199202212,56.873,55.909,55.873,55.624,54.599
3729.84361,2.68107755863791,56.929,55.964,55.926,55.792,54.762
3727.91504,2.68246456603796,56.883,55.989,55.907,55.879,54.814
3725.98648,2.68385300206457,56.829,56.059,55.942,55.908,54.847
3724.05791,2.68524288334711,56.847,56.169,56.044,55.906,54.901
3722.12935,2.68663419770729,56.936,56.307,56.163,55.997,55.016
3720.20078,2.6880269618136,57.062,56.441,56.351,56.23,55.184
3718.27222,2.68942116346716,57.186,56.541,56.581,56.425,55.304
3716.34366,2.69081681213518,57.267,56.619,56.714,56.436,55.343
3714.41509,2.69221391731962,57.277,56.67,56.674,56.34,55.34
3712.48653,2.69361246679055,57.234,56.699,56.525,56.324,55.329
3710.55796,2.69501247731487,57.22,56.77,56.499,56.444,55.341
3708.6294,2.69641393664193,57.289,56.877,56.65,56.535,55.416
3706.70083,2.69781686157822,57.378,56.949,56.76,56.542,55.515
3704.77227,2.69922123985235,57.43,56.982,56.793,56.526,55.604
3702.8437,2.70062708831053,57.458,56.992,56.864,56.573,55.687
3700.91514,2.70203439466056,57.499,56.997,56.989,56.695,55.75
3698.98658,2.70344316847995,57.56,57.021,57.066,56.777,55.787
3697.05801,2.70485341938143,57.599,57.034,57.058,56.779,55.792
3695.12945,2.70626513504148,57.595,57.005,57.003,56.763,55.761
3693.20088,2.70767833240633,57.552,56.957,56.949,56.749,55.722
3691.27232,2.70909299913153,57.463,56.925,56.931,56.698,55.704
3689.34375,2.71050915220356,57.424,56.966,57.047,56.718,55.745
3687.41519,2.71192677925699,57.523,57.099,57.262,56.92,55.836
3685.48662,2.71334589731871,57.636,57.217,57.418,57.116,55.909
3683.55806,2.71476649400227,57.696,57.273,57.465,57.182,55.936
3681.6295,2.71618857899743,57.72,57.264,57.387,57.16,55.938
3679.70093,2.7176121620297,57.734,57.225,57.244,57.093,55.985
3677.77237,2.71903723068103,57.729,57.237,57.117,56.939,56.061
3675.8438,2.72046380207995,57.725,57.339,57.106,56.804,56.08
3673.91524,2.72189186378726,57.805,57.414,57.263,56.892,56.072
3671.98667,2.72332143297241,57.901,57.409,57.399,57.004,56.077
3670.05811,2.72475249717504,57.887,57.374,57.445,57.058,56.101
3668.12954,2.72618507360566,57.807,57.407,57.496,57.179,56.161
3666.20098,2.72761914978267,57.808,57.529,57.599,57.367,56.196
3664.27242,2.72905473551009,57.863,57.651,57.671,57.521,56.203
3662.34385,2.73049184062824,57.909,57.703,57.685,57.568,56.232
3660.41529,2.73193045262359,57.921,57.683,57.681,57.52,56.276
3658.48672,2.73337058881001,57.875,57.638,57.665,57.443,56.287
3656.55816,2.73481223665262,57.815,57.667,57.699,57.437,56.29
3654.62959,2.7362554135069,57.852,57.772,57.799,57.507,56.339
3652.70103,2.73770010681657,57.943,57.835,57.814,57.491,56.405
3650.77246,2.73914633397886,58.022,57.838,57.684,57.333,56.433
3648.8439,2.74059408241608,58.077,57.835,57.638,57.306,56.407
3646.91534,2.74204336204854,58.102,57.884,57.84,57.524,56.45
3644.98677,2.74349418283348,58.151,57.967,58.003,57.706,56.567
3643.05821,2.74494653216096,58.225,58.041,58.028,57.81,56.684
3641.12964,2.74640042753325,58.282,58.082,58.007,57.878,56.764
3639.20108,2.74785585631888,58.285,58.093,58.06,57.912,56.786
3637.27251,2.74931283606243,58.217,58.108,58.134,57.876,56.746
3635.34395,2.7507713541108,58.145,58.139,58.121,57.788,56.714
3633.41538,2.75223142805104,58.164,58.163,58.095,57.72,56.773
3631.48682,2.75369304520841,58.244,58.157,58.103,57.669,56.857
3629.55826,2.75515621562168,58.307,58.14,58.05,57.597,56.849
3627.62969,2.75662094936708,58.35,58.214,58.097,57.653,56.823
3625.70113,2.75808723373733,58.428,58.357,58.301,57.832,56.89
3623.77256,2.75955508642629,58.51,58.462,58.438,57.957,56.978
3621.844,2.76102449470491,58.529,58.468,58.439,57.975,57.034
3619.91543,2.76249547631006,58.498,58.421,58.384,57.99,57.091
3617.98687,2.7639680184909,58.519,58.43,58.368,58.121,57.186
3616.0583,2.76544213902746,58.601,58.507,58.39,58.248,57.27
3614.12974,2.76691782514703,58.676,58.65,58.453,58.306,57.307
3612.20118,2.76839508700897,58.734,58.795,58.57,58.35,57.339
3610.27261,2.7698739348107,58.831,58.838,58.692,58.388,57.41
3608.34405,2.77135435574665,58.967,58.872,58.802,58.458,57.483
3606.41548,2.77283636770548,59.047,59.014,58.931,58.596,57.52
3604.48692,2.77431995785963,59.049,59.125,59.006,58.703,57.546
3602.55835,2.77580514414152,59.028,59.113,58.97,58.713,57.569
3600.62979,2.77729191370158,59.006,59.082,58.919,58.659,57.588
3598.70123,2.77878027679447,58.972,59.126,58.954,58.625,57.632
3596.77266,2.78027024371343,58.947,59.198,59.067,58.661,57.725
3594.8441,2.78176180157576,58.985,59.238,59.188,58.759,57.811
3592.91553,2.78325496842393,59.067,59.249,59.21,58.861,57.848
3590.98697,2.78474973135311,59.15,59.294,59.158,58.913,57.863
3589.0584,2.78624610845006,59.251,59.378,59.172,58.92,57.874
3587.12984,2.78774408678778,59.352,59.431,59.307,58.99,57.897
3585.20127,2.78924368449752,59.41,59.449,59.426,59.146,57.965
3583.27271,2.79074488863004,59.432,59.486,59.458,59.232,58.042
3581.34415,2.79224770956458,59.466,59.558,59.48,59.237,58.095
3579.41558,2.79375215771956,59.544,59.655,59.555,59.274,58.124
3577.48702,2.79525822011228,59.602,59.74,59.681,59.357,58.172
3575.55845,2.79676591498595,59.619,59.809,59.82,59.426,58.26
3573.62989,2.79827522933551,59.635,59.88,59.919,59.498,58.304
3571.70132,2.79978618144924,59.648,59.917,59.949,59.568,58.266
3569.77276,2.80129875829967,59.68,59.902,59.924,59.577,58.228
3567.84419,2.80281297822033,59.756,59.914,59.88,59.514,58.24
3565.91563,2.80432882816131,59.829,60,59.905,59.5,58.312
3563.98707,2.80584631862876,59.894,60.11,60.01,59.613,58.45
3562.0585,2.80736546016861,59.979,60.217,60.139,59.76,58.609
3560.12994,2.8088862396972,60.037,60.289,60.292,59.853,58.72
3558.20137,2.81040867566188,60.043,60.314,60.42,59.92,58.765
3556.27281,2.81193275495645,60.046,60.345,60.445,59.993,58.781
3554.34424,2.81345849607409,60.072,60.441,60.414,60.04,58.828
3552.41568,2.81498588588597,60.103,60.567,60.435,60.073,58.923
3550.48711,2.81651494293131,60.127,60.61,60.467,60.133,58.953
3548.55855,2.8180456540586,60.132,60.576,60.447,60.191,58.893
3546.62999,2.81957802990326,60.16,60.57,60.475,60.224,58.893
3544.70142,2.8211120811411,60.282,60.626,60.6,60.263,58.991
3542.77286,2.82264779458653,60.439,60.7,60.713,60.347,59.073
3540.84429,2.8241851888946,60.535,60.788,60.736,60.451,59.114
3538.91573,2.82572425085691,60.545,60.862,60.687,60.479,59.149
3536.98716,2.82726499917517,60.53,60.883,60.667,60.441,59.188
3535.0586,2.82880742061815,60.562,60.903,60.732,60.479,59.256
3533.13003,2.83035153393435,60.608,60.977,60.812,60.557,59.358
3531.20147,2.83189732586966,60.616,61.066,60.864,60.548,59.442
3529.27291,2.83344480719118,60.608,61.099,60.912,60.528,59.486
3527.34434,2.8349939887071,60.625,61.085,60.982,60.615,59.53
3525.41578,2.83654485712888,60.678,61.116,61.07,60.739,59.579
3523.48721,2.83809743132287,60.729,61.211,61.139,60.827,59.623
3521.55865,2.83965169797754,60.73,61.299,61.184,60.891,59.681
3519.63008,2.84120767600668,60.728,61.355,61.249,60.94,59.754
3517.70152,2.84276535207569,60.781,61.393,61.317,60.977,59.835
3515.77295,2.84432474514601,60.834,61.425,61.338,61.014,59.909
3513.84439,2.84588584185995,60.859,61.489,61.35,61.05,59.978
3511.91583,2.84744865311877,60.921,61.593,61.388,61.069,60.071
3509.98726,2.84901318986554,61.014,61.687,61.431,61.091,60.202
3508.0587,2.8505794387078,61.089,61.766,61.497,61.164,60.32
3506.13013,2.85214741872687,61.124,61.833,61.572,61.247,60.372
3504.20157,2.85371711650709,61.133,61.845,61.633,61.28,60.399
3502.273,2.85528855117805,61.184,61.822,61.696,61.288,60.482
3500.34444,2.85686170930081,61.271,61.854,61.745,61.312,60.603
3498.41587,2.85843661005345,61.334,61.957,61.774,61.374,60.719
3496.48731,2.86001323997369,61.392,62.061,61.81,61.467,60.861
3494.55875,2.86159161009956,61.438,62.093,61.829,61.546,61.025
3492.63018,2.86317173151152,61.437,62.067,61.831,61.596,61.155
3490.70162,2.86475359071223,61.444,62.085,61.891,61.649,61.257
3488.77305,2.86633720700176,61.487,62.167,62.012,61.722,61.362
3486.84449,2.8679225668593,61.529,62.244,62.103,61.781,61.475
3484.91592,2.86950968963406,61.585,62.291,62.125,61.802,61.584
3482.98736,2.87109856178175,61.651,62.314,62.121,61.792,61.667
3481.05879,2.87268920270088,61.694,62.339,62.157,61.794,61.771
3479.13023,2.87428159882362,61.734,62.392,62.241,61.852,61.938
3477.20167,2.87587576132736,61.775,62.475,62.311,61.945,62.09
3475.2731,2.87747170143262,61.788,62.568,62.353,62.02,62.197
3473.34454,2.87906940553614,61.788,62.63,62.389,62.06,62.313
3471.41597,2.88066889316062,61.818,62.657,62.403,62.075,62.429
3469.48741,2.88227015067912,61.879,62.684,62.391,62.077,62.528
3467.55884,2.88387319766433,61.952,62.7,62.403,62.102,62.647
3465.63028,2.88547802046559,62.009,62.707,62.464,62.187,62.782
3463.70171,2.8870846387058,62.026,62.74,62.543,62.296,62.905
3461.77315,2.88869303871052,62.023,62.806,62.613,62.381,63.028
3459.84459,2.89030323179921,62.039,62.892,62.675,62.416,63.139
3457.91602,2.89191522933515,62.074,62.979,62.74,62.42,63.235
3455.98746,2.89352901760818,62.123,63.026,62.808,62.439,63.373
3454.05889,2.89514461636756,62.185,63.021,62.834,62.467,63.538
3452.13033,2.8967620118792,62.234,63.049,62.832,62.509,63.667
3450.20176,2.89838122394326,62.275,63.168,62.877,62.581,63.766
3448.2732,2.90000223880173,62.356,63.3,62.962,62.629,63.862
3446.34464,2.90162506788642,62.463,63.368,63.033,62.633,63.972
3444.41607,2.9032497226736,62.518,63.394,63.077,62.666,64.119
3442.48751,2.90487618936924,62.527,63.411,63.131,62.764,64.301
3440.55894,2.90650448790161,62.547,63.41,63.211,62.855,64.475
3438.63038,2.9081346044526,62.604,63.417,63.289,62.881,64.637
3436.70181,2.9097665590021,62.678,63.462,63.336,62.889,64.808
3434.77325,2.91140033770788,62.722,63.493,63.349,62.91,64.945
3432.84468,2.91303596060163,62.729,63.505,63.356,62.92,65.041
3430.91612,2.91467341381695,62.726,63.569,63.371,62.938,65.139
3428.98756,2.91631270893266,62.755,63.684,63.412,63.006,65.263
3427.05899,2.91795385757279,62.828,63.767,63.482,63.082,65.41
3425.13043,2.91959684583457,62.9,63.782,63.539,63.113,65.563
3423.20186,2.92124169388013,62.935,63.759,63.554,63.124,65.729
3421.2733,2.92288838778241,62.947,63.734,63.561,63.173,65.915
3419.34473,2.92453694775607,62.975,63.755,63.642,63.285,66.1
3417.41617,2.92618735984971,63.015,63.838,63.781,63.4,66.283
3415.4876,2.92783964433072,63.02,63.951,63.86,63.448,66.454
3413.55904,2.92949378722332,62.997,64.034,63.834,63.427,66.575
3411.63048,2.93114980025621,63.004,64.051,63.773,63.392,66.692
3409.70191,2.93280769520407,63.075,64.062,63.777,63.399,66.883
3407.77335,2.93446745805439,63.174,64.134,63.88,63.472,67.11
3405.84478,2.93612910920738,63.255,64.216,64.001,63.564,67.311
3403.91622,2.93779263462601,63.286,64.246,64.044,63.593,67.468
3401.98765,2.93945805476396,63.273,64.258,64.06,63.592,67.594
3400.05909,2.94112535555963,63.27,64.301,64.124,63.645,67.738
3398.13052,2.94279455752041,63.294,64.357,64.173,63.742,67.932
3396.20196,2.94446564656008,63.318,64.407,64.134,63.816,68.13
3394.2734,2.9461386345602,63.349,64.456,64.058,63.836,68.279
3392.34483,2.94781353344908,63.448,64.517,64.085,63.84,68.412
3390.41627,2.94949032910345,63.604,64.6,64.255,63.894,68.58
3388.4877,2.95116904216592,63.699,64.671,64.441,63.987,68.752
3386.55914,2.95284965848847,63.694,64.695,64.54,64.037,68.84
3384.63057,2.95453219876815,63.686,64.721,64.554,64.034,68.871
3382.70201,2.95621664883216,63.744,64.789,64.528,64.05,68.985
3380.77344,2.95790302943222,63.819,64.851,64.518,64.109,69.166
3378.84488,2.95959132637069,63.844,64.866,64.555,64.195,69.3
3376.91632,2.961281551685,63.804,64.831,64.603,64.27,69.366
3374.98775,2.96297371746016,63.76,64.814,64.644,64.289,69.445
3373.05919,2.96466780946112,63.768,64.881,64.684,64.28,69.599
3371.13062,2.96636384857731,63.801,64.945,64.682,64.31,69.754
3369.20206,2.96806182054869,63.853,64.967,64.656,64.368,69.834
3367.27349,2.96976174632017,63.935,65.018,64.683,64.399,69.871
3365.34493,2.97146361160667,64.02,65.121,64.753,64.444,69.941
3363.41636,2.97316743740879,64.073,65.237,64.82,64.519,70.061
3361.4878,2.97487320941638,64.067,65.276,64.88,64.549,70.176
3359.55924,2.9765809398259,64.04,65.238,64.946,64.559,70.253
3357.63067,2.97829064088219,64.057,65.239,65.016,64.624,70.314
3355.70211,2.98000229823737,64.111,65.318,65.078,64.723,70.351
3353.77354,2.98171593303226,64.15,65.396,65.119,64.773,70.335
3351.84498,2.98343153089377,64.175,65.428,65.15,64.739,70.32
3349.91641,2.98514911301921,64.23,65.45,65.207,64.707,70.379
3347.98785,2.98686866501024,64.318,65.478,65.295,64.772,70.461
3346.05928,2.98859020812088,64.41,65.519,65.382,64.898,70.502
3344.13072,2.99031372792748,64.458,65.58,65.412,64.977,70.528
3342.20216,2.99203923678872,64.472,65.639,65.364,65.008,70.571
3340.27359,2.99376674711247,64.496,65.696,65.32,65.057,70.619
3338.34503,2.99549624443702,64.522,65.75,65.349,65.109,70.624
3336.41646,2.99722775015922,64.552,65.74,65.397,65.117,70.536
3334.4879,2.99896124979191,64.593,65.68,65.447,65.102,70.4
3332.55933,3.00069676478948,64.631,65.707,65.537,65.134,70.361
3330.63077,3.00243428063928,64.666,65.841,65.604,65.23,70.427
3328.7022,3.00417381885349,64.698,65.92,65.628,65.312,70.449
3326.77364,3.0059153648939,64.698,65.885,65.655,65.315,70.392
3324.84508,3.0076589312847,64.669,65.873,65.667,65.282,70.354
3322.91651,3.00940453060014,64.706,65.982,65.689,65.297,70.385
3320.98795,3.01115214826359,64.814,66.11,65.761,65.335,70.413
3319.05938,3.01290180593274,64.893,66.146,65.842,65.361,70.39
3317.13082,3.0146534890053,64.933,66.114,65.892,65.395,70.359
3315.20225,3.01640721919756,64.946,66.095,65.886,65.438,70.324
3313.27369,3.01816298188152,64.915,66.138,65.866,65.47,70.271
3311.34513,3.01992078971243,64.886,66.213,65.909,65.466,70.245
3309.41656,3.02168065539625,64.904,66.284,65.982,65.447,70.256
3307.488,3.0234425642663,64.921,66.355,66.011,65.451,70.233
3305.55943,3.02520653818649,64.921,66.394,66.021,65.483,70.151
3303.63087,3.02697256246428,64.964,66.379,66.065,65.563,70.075
3301.7023,3.02874065902308,65.043,66.352,66.122,65.656,70.007
3299.77374,3.03051081314442,65.092,66.377,66.19,65.703,69.913
3297.84517,3.03228304681144,65.124,66.455,66.265,65.738,69.843
3295.91661,3.03405734527974,65.197,66.531,66.31,65.811,69.845
3293.98805,3.03583372137613,65.283,66.566,66.334,65.889,69.876
3292.05948,3.03761218797906,65.343,66.575,66.357,65.924,69.87
3290.13092,3.03939273030509,65.403,66.592,66.371,65.917,69.834
3288.20235,3.04117537048777,65.449,66.629,66.378,65.906,69.821
3286.27379,3.04296009371757,65.446,66.679,66.38,65.922,69.847
3284.34522,3.04474692218865,65.441,66.718,66.39,65.97,69.901
3282.41666,3.04653584106535,65.479,66.717,66.438,66.04,69.947
3280.48809,3.04832687260267,65.521,66.698,66.511,66.087,69.949
3278.55953,3.05012000193878,65.549,66.723,66.557,66.106,69.941
3276.63097,3.05191524207561,65.6,66.8,66.568,66.136,69.923
3274.7024,3.05371260606765,65.659,66.897,66.605,66.178,69.855
3272.77384,3.05551207901369,65.706,66.974,66.702,66.258,69.801
3270.84527,3.05731368332199,65.747,66.999,66.79,66.373,69.776
3268.91671,3.05911740406503,65.75,66.997,66.815,66.427,69.678
3266.98814,3.06092326371286,65.741,67.019,66.811,66.418,69.515
3265.05958,3.06273124731157,65.767,67.081,66.823,66.426,69.382
3263.13101,3.06454137739324,65.797,67.141,66.889,66.45,69.294
3261.20245,3.06635363897755,65.819,67.182,67.001,66.491,69.217
3259.27389,3.0681680452452,65.854,67.241,67.08,66.577,69.103
3257.34532,3.06998460943036,65.883,67.29,67.063,66.629,68.91
3255.41676,3.071803316513,65.907,67.281,67.004,66.564,68.706
3253.48819,3.0736241891814,65.938,67.24,66.969,66.46,68.555
3251.55963,3.07544721238897,65.966,67.206,66.972,66.442,68.406
3249.63106,3.07727240888693,66.001,67.204,67.01,66.528,68.264
3247.7025,3.07909976360212,66.046,67.229,67.059,66.642,68.199
3245.77393,3.08092929934895,66.104,67.273,67.127,66.734,68.202
3243.84537,3.08276100102762,66.175,67.369,67.199,66.827,68.224
3241.91681,3.08459488200131,66.219,67.488,67.248,66.926,68.261
3239.98824,3.08643095568767,66.218,67.554,67.284,66.997,68.344
3238.05968,3.0882692069468,66.233,67.578,67.317,67.037,68.466
3236.13111,3.09010965875236,66.284,67.608,67.363,67.075,68.586
3234.20255,3.09195229593768,66.287,67.666,67.41,67.092,68.69
3232.27398,3.09379714154058,66.236,67.745,67.43,67.041,68.808
3230.34542,3.09564418036756,66.226,67.8,67.424,66.968,68.989
3228.41685,3.09749343552088,66.276,67.821,67.45,66.98,69.25
3226.48829,3.09934489178016,66.35,67.847,67.541,67.07,69.54
3224.55973,3.10119856269495,66.434,67.868,67.637,67.143,69.787
3222.63116,3.10305446187022,66.494,67.867,67.656,67.169,69.974
3220.7026,3.10491257404518,66.509,67.854,67.605,67.19,70.135
3218.77403,3.1067729224844,66.5,67.839,67.589,67.221,70.331
3216.84547,3.10863549190008,66.511,67.853,67.647,67.245,70.596
3214.9169,3.11050030562221,66.573,67.905,67.699,67.275,70.892
3212.98834,3.11236734833591,66.665,67.97,67.74,67.334,71.184
3211.05977,3.11423664343688,66.715,68.041,67.825,67.414,71.483
3209.13121,3.11610817558314,66.704,68.135,67.923,67.498,71.744
3207.20265,3.11798195851453,66.704,68.224,67.968,67.557,71.894
3205.27408,3.11985800602737,66.741,68.241,67.949,67.572,71.975
3203.34552,3.1217363027389,66.756,68.203,67.9,67.56,72.069
3201.41695,3.12361687221029,66.756,68.194,67.888,67.553,72.182
3199.48839,3.12549969903157,66.802,68.264,67.945,67.576,72.294
3197.55982,3.1273848068306,66.885,68.356,68.011,67.608,72.398
3195.63126,3.12927218017012,66.941,68.394,68.026,67.607,72.478
3193.70269,3.13116184274498,66.966,68.403,68.019,67.601,72.543
3191.77413,3.13305377909057,66.984,68.425,68.036,67.64,72.629
3189.84557,3.13494800314111,66.996,68.444,68.087,67.715,72.725
3187.917,3.1368445288883,66.983,68.446,68.149,67.772,72.808
3185.98844,3.13874334082644,66.95,68.444,68.208,67.789,72.896
3184.05987,3.1406444628191,66.958,68.458,68.297,67.812,73.006
3182.13131,3.14254787933311,67.018,68.476,68.388,67.869,73.109
3180.20274,3.14445361430008,67.093,68.517,68.403,67.932,73.206
3178.27418,3.14636165215929,67.205,68.629,68.387,67.985,73.328
3176.34562,3.14827200699904,67.308,68.755,68.422,68.018,73.457
3174.41705,3.15018469296591,67.302,68.803,68.468,68.014,73.538
3172.48849,3.15209969445784,67.231,68.777,68.474,68.009,73.559
3170.55992,3.15401703557774,67.201,68.762,68.462,68.057,73.561
3168.63136,3.15593670069591,67.209,68.821,68.483,68.132,73.589
3166.70279,3.15785871398433,67.248,68.896,68.549,68.182,73.636
3164.77423,3.1597830597856,67.337,68.915,68.629,68.211,73.715
3162.84566,3.16170976234104,67.419,68.905,68.691,68.227,73.828
3160.9171,3.16363880596552,67.419,68.886,68.714,68.245,73.925
3158.98854,3.16557020494921,67.374,68.865,68.699,68.263,74.004
3157.05997,3.16750397364165,67.356,68.876,68.678,68.268,74.109
3155.13141,3.16944009631599,67.387,68.919,68.681,68.277,74.236
3153.20284,3.1713785973883,67.459,68.987,68.713,68.319,74.36
3151.27428,3.17331946110384,67.544,69.084,68.796,68.393,74.492
3149.34571,3.17526271194914,67.58,69.157,68.903,68.482,74.646
3147.41715,3.17720833414154,67.568,69.168,68.956,68.573,74.817
3145.48858,3.17915635223829,67.573,69.151,68.954,68.62,74.973
3143.56002,3.18110675042877,67.591,69.151,68.971,68.62,75.106
3141.63146,3.18305954320944,67.605,69.184,69.025,68.623,75.269
3139.70289,3.18501474513724,67.654,69.231,69.07,68.628,75.495
3137.77433,3.18697234035948,67.744,69.289,69.102,68.641,75.75
3135.84576,3.18893235361168,67.817,69.357,69.118,68.661,75.972
3133.9172,3.19089476901304,67.856,69.422,69.118,68.673,76.157
3131.98863,3.19285961137094,67.862,69.476,69.133,68.672,76.333
3130.06007,3.19482686477643,67.839,69.495,69.161,68.663,76.488
3128.1315,3.19679655410906,67.84,69.494,69.181,68.691,76.644
3126.20294,3.19876866343168,67.879,69.501,69.183,68.753,76.846
3124.27438,3.20074320745158,67.913,69.486,69.185,68.77,77.088
3122.34581,3.20272020093764,67.914,69.473,69.198,68.761,77.347
3120.41725,3.20469962791034,67.897,69.524,69.197,68.807,77.603
3118.48868,3.20668151343105,67.913,69.602,69.199,68.884,77.831
3116.56012,3.20866584149193,67.964,69.642,69.255,68.93,78.023
3114.63155,3.21065263722767,68.01,69.67,69.355,68.971,78.199
3112.70299,3.21264188460204,68.035,69.726,69.433,69.019,78.37
3110.77442,3.21463360882336,68.045,69.778,69.465,69.059,78.53
3108.84586,3.216627793827,68.047,69.79,69.483,69.1,78.677
3106.9173,3.21862445453569,68.052,69.786,69.504,69.123,78.817
3104.98873,3.22062360593496,68.072,69.816,69.512,69.104,78.972
3103.06017,3.22262523191743,68.111,69.886,69.535,69.086,79.143
3101.1316,3.22462935787698,68.156,69.966,69.589,69.126,79.294
3099.20304,3.22663596767768,68.192,70.005,69.623,69.192,79.415
3097.27447,3.22864508678819,68.236,70.003,69.652,69.244,79.558
3095.34591,3.23065669904402,68.283,70.009,69.705,69.282,79.728
3093.41734,3.23267082998895,68.291,70.033,69.706,69.289,79.856
3091.48878,3.23468746342984,68.284,70.064,69.665,69.277,79.952
3089.56022,3.23670661450969,68.314,70.112,69.683,69.32,80.073
3087.63165,3.23872829843547,68.359,70.175,69.738,69.426,80.202
3085.70309,3.24075249897099,68.376,70.215,69.748,69.5,80.292
3083.77452,3.24277924184937,68.383,70.235,69.727,69.511,80.357
3081.84596,3.24480851080565,68.397,70.286,69.737,69.511,80.421
3079.91739,3.24684033164929,68.415,70.356,69.784,69.511,80.465
3077.98883,3.24887468808651,68.435,70.39,69.823,69.517,80.509
3076.06026,3.25091160600345,68.443,70.391,69.839,69.551,80.579
3074.1317,3.25295106907749,68.453,70.425,69.888,69.608,80.672
3072.20314,3.25499309267681,68.471,70.517,69.981,69.648,80.783
3070.27457,3.2570376922348,68.491,70.6,70.055,69.661,80.886
3068.34601,3.25908485138545,68.525,70.628,70.082,69.679,80.955
3066.41744,3.26113459620814,68.572,70.623,70.084,69.708,81.009
3064.48888,3.26318691030786,68.62,70.639,70.097,69.746,81.062
3062.56031,3.26524181984191,68.66,70.682,70.129,69.784,81.083
3060.63175,3.26729930838625,68.679,70.71,70.165,69.804,81.069
3058.70318,3.26935940217645,68.685,70.744,70.207,69.811,81.057
3056.77462,3.27142208475939,68.721,70.813,70.246,69.826,81.071
3054.84606,3.27348737173355,68.781,70.871,70.26,69.865,81.105
3052.91749,3.27555527876386,68.797,70.882,70.253,69.919,81.133
3050.98893,3.27762578935349,68.768,70.859,70.239,69.939,81.131
3049.06036,3.27969892993525,68.747,70.839,70.221,69.936,81.119
3047.1318,3.28177468398315,68.769,70.869,70.241,69.986,81.124
3045.20323,3.28385307800951,68.824,70.945,70.322,70.072,81.136
3043.27467,3.28593409545909,68.882,71.008,70.409,70.137,81.144
3041.3461,3.28801776292412,68.9,71.043,70.44,70.172,81.179
3039.41754,3.29010406382007,68.874,71.086,70.424,70.17,81.232
3037.48898,3.29219301398091,68.87,71.154,70.438,70.151,81.278
3035.56041,3.29428462930837,68.908,71.208,70.481,70.146,81.308
3033.63185,3.29637889317387,68.955,71.229,70.494,70.168,81.323
3031.70328,3.29847583237104,69.002,71.233,70.498,70.203,81.327
3029.77472,3.30057543024189,69.036,71.204,70.534,70.219,81.311
3027.84615,3.30267771366124,69.038,71.185,70.584,70.242,81.328
3025.91759,3.30478266594167,69.035,71.24,70.625,70.31,81.397
3023.98903,3.30689030310404,69.081,71.334,70.659,70.389,81.448
3022.06046,3.309000641238,69.145,71.411,70.706,70.442,81.465
3020.1319,3.31111366361185,69.167,71.464,70.766,70.488,81.471
3018.20333,3.31322939730505,69.151,71.493,70.786,70.521,81.45
3016.27477,3.31534782555636,69.155,71.506,70.761,70.508,81.39
3014.3462,3.31746897552776,69.21,71.517,70.749,70.484,81.328
3012.41764,3.31959283042839,69.254,71.511,70.739,70.477,81.282
3010.48907,3.32171941750315,69.253,71.51,70.708,70.483,81.214
3008.56051,3.32384871993151,69.246,71.55,70.706,70.493,81.136
3006.63195,3.32598075397955,69.259,71.607,70.759,70.482,81.091
3004.70338,3.32811553598346,69.292,71.64,70.83,70.464,81.058
3002.77482,3.33025304907812,69.303,71.638,70.866,70.48,80.969
3000.84625,3.33239332071745,69.277,71.664,70.883,70.544,80.837
2998.91769,3.33453633400655,69.27,71.738,70.914,70.62,80.737
2996.98912,3.33668211648363,69.314,71.784,70.943,70.671,80.675
2995.06056,3.33883065122396,69.377,71.782,70.953,70.691,80.602
2993.13199,3.34098196585043,69.426,71.784,70.957,70.714,80.505
2991.20343,3.34313604340846,69.442,71.807,70.979,70.767,80.395
2989.27487,3.34529290041501,69.426,71.814,71.026,70.794,80.287
2987.3463,3.34745255345857,69.417,71.826,71.084,70.769,80.219
2985.41774,3.34961498553968,69.435,71.884,71.125,70.764,80.181
2983.48917,3.35178022449467,69.48,71.958,71.137,70.806,80.125
2981.56061,3.3539482532941,69.538,72.023,71.159,70.849,80.054
2979.63204,3.3561190998604,69.574,72.069,71.187,70.854,79.988
2977.70348,3.35829274713411,69.577,72.074,71.192,70.866,79.921
2975.77491,3.36046922312414,69.562,72.058,71.192,70.929,79.842
2973.84635,3.36264851074098,69.529,72.06,71.201,70.981,79.758
2971.91779,3.36483062675835,69.483,72.076,71.21,70.975,79.675
2969.98922,3.36701558802291,69.483,72.086,71.234,70.955,79.603
2968.06066,3.36920337739998,69.558,72.093,71.274,70.955,79.574
2966.13209,3.37139402311648,69.64,72.12,71.299,70.991,79.577
2964.20353,3.37358750800759,69.675,72.166,71.321,71.063,79.56
2962.27496,3.37578386038817,69.684,72.189,71.371,71.127,79.519
2960.3464,3.37798306306316,69.691,72.188,71.424,71.156,79.481
2958.41783,3.3801851444358,69.704,72.212,71.443,71.175,79.454
2956.48927,3.38239008728078,69.733,72.266,71.449,71.2,79.403
2954.56071,3.38459790863461,69.757,72.298,71.471,71.204,79.303
2952.63214,3.3868086256082,69.756,72.278,71.485,71.178,79.203
2950.70358,3.38902222093078,69.758,72.246,71.471,71.154,79.16
2948.77501,3.39123872322833,69.765,72.238,71.457,71.152,79.142
2946.84645,3.39345811519973,69.752,72.249,71.476,71.166,79.124
2944.91788,3.3956804255608,69.746,72.266,71.52,71.187,79.123
2942.98932,3.39790563698002,69.774,72.262,71.555,71.21,79.121
2941.06075,3.40013377826351,69.818,72.25,71.569,71.233,79.09
2939.13219,3.40236483204929,69.852,72.258,71.587,71.251,79.032
2937.20363,3.40459881564289,69.882,72.271,71.641,71.279,78.985
2935.27506,3.40683574642576,69.933,72.293,71.716,71.333,78.998
2933.3465,3.40907560699017,69.976,72.344,71.739,71.393,79.034
2931.41793,3.41131842636986,69.986,72.402,71.724,71.432,79.022
2929.48937,3.41356418712658,69.997,72.432,71.754,71.448,78.986
2927.5608,3.41581291838585,70.027,72.435,71.822,71.453,78.954
2925.63224,3.41806460267884,70.045,72.429,71.867,71.453,78.918
2923.70367,3.42031926922334,70.044,72.426,71.88,71.463,78.901
2921.77511,3.4225769005199,70.049,72.423,71.885,71.491,78.899
2919.84655,3.4248375141495,70.053,72.43,71.891,71.505,78.874
2917.91798,3.42710112777056,70.044,72.459,71.894,71.513,78.831
2915.98942,3.42936772383763,70.044,72.506,71.901,71.554,78.799
2914.06085,3.43163733180109,70.056,72.55,71.914,71.591,78.796
2912.13229,3.43390993408476,70.064,72.585,71.923,71.574,78.798
2910.20372,3.43618556023288,70.099,72.607,71.933,71.554,78.781
2908.27516,3.4384641926385,70.184,72.597,71.946,71.566,78.752
2906.34659,3.44074586094014,70.232,72.569,71.938,71.569,78.717
2904.41803,3.44303054750008,70.201,72.559,71.927,71.555,78.693
2902.48947,3.44531827018136,70.181,72.558,71.962,71.568,78.672
2900.5609,3.44760904692606,70.209,72.558,72.01,71.624,78.636
2898.63234,3.4499028600502,70.242,72.577,72.015,71.69,78.622
2896.70377,3.45219973943004,70.276,72.619,72.01,71.739,78.643
2894.77521,3.45449966735068,70.297,72.668,72.03,71.774,78.649
2892.84664,3.45680267378433,70.273,72.688,72.046,71.764,78.628
2890.91808,3.45910874098515,70.226,72.681,72.052,71.721,78.607
2888.98952,3.46141788704031,70.208,72.672,72.073,71.689,78.572
2887.06095,3.46373013011727,70.222,72.695,72.106,71.665,78.516
2885.13239,3.46604545242376,70.249,72.78,72.128,71.67,78.476
2883.20382,3.46836388417382,70.26,72.874,72.142,71.737,78.492
2881.27526,3.47068540754416,70.259,72.898,72.162,71.814,78.543
2879.34669,3.4730100528464,70.294,72.871,72.18,71.837,78.558
2877.41813,3.47533780222619,70.361,72.86,72.196,71.811,78.538
2875.48956,3.47766868609323,70.407,72.9,72.236,71.791,78.543
2873.561,3.48000268656207,70.415,72.969,72.282,71.822,78.547
2871.63244,3.48233982201427,70.404,72.998,72.287,71.89,78.505
2869.70387,3.48468011091333,70.399,72.974,72.268,71.941,78.477
2867.77531,3.48702353532711,70.411,72.974,72.271,71.965,78.495
2865.84674,3.4893701259126,70.429,73.02,72.294,71.98,78.506
2863.91818,3.49171986470647,70.455,73.072,72.32,71.987,78.504
2861.98961,3.49407278246548,70.483,73.108,72.33,71.987,78.511
2860.06105,3.49642886119511,70.48,73.118,72.33,71.988,78.496
2858.13248,3.49878813175238,70.454,73.094,72.329,71.99,78.435
2856.20392,3.50115057611153,70.442,73.066,72.328,71.997,78.372
2854.27536,3.50351621295571,70.463,73.074,72.338,72.016,78.372
2852.34679,3.50588506105178,70.506,73.096,72.356,72.037,78.42
2850.41823,3.50825710232705,70.556,73.094,72.389,72.065,78.451
2848.48966,3.51063236789141,70.605,73.087,72.459,72.117,78.46
2846.5611,3.51301083964086,70.631,73.108,72.538,72.17,78.474
2844.63253,3.51539254878731,70.622,73.14,72.573,72.199,78.493
2842.70397,3.51777747719542,70.603,73.16,72.549,72.209,78.485
2840.7754,3.52016565617965,70.602,73.173,72.512,72.223,78.466
2838.84684,3.52255706757326,70.628,73.181,72.531,72.235,78.477
2836.91828,3.52495173036849,70.666,73.174,72.581,72.229,78.496
2834.98971,3.52734966364305,70.688,73.162,72.587,72.225,78.484
2833.06115,3.52975084918305,70.685,73.159,72.561,72.229,78.457
2831.13258,3.53215531856159,70.691,73.168,72.563,72.224,78.443
2829.20402,3.53456305353334,70.717,73.198,72.586,72.224,78.453
2827.27545,3.53697408577576,70.752,73.249,72.612,72.248,78.476
2825.34689,3.53938839701202,70.782,73.278,72.653,72.285,78.49
2823.41832,3.54180601902449,70.775,73.269,72.696,72.321,78.493
2821.48976,3.5442269335048,70.756,73.258,72.709,72.346,78.48
2819.5612,3.54665115976202,70.76,73.255,72.691,72.341,78.436
2817.63263,3.54907871719245,70.768,73.251,72.682,72.304,78.383
2815.70407,3.55150958744042,70.771,73.27,72.701,72.284,78.362
2813.7755,3.55394380255283,70.782,73.334,72.728,72.318,78.39
2811.84694,3.55638134414244,70.779,73.378,72.745,72.348,78.422
2809.91837,3.55882224436292,70.76,73.353,72.752,72.338,78.416
2807.98981,3.5612664847954,70.773,73.335,72.772,72.343,78.409
2806.06124,3.56371409770088,70.802,73.372,72.789,72.376,78.426
2804.13268,3.56616506462883,70.8,73.419,72.769,72.399,78.438
2802.20412,3.56861940521307,70.788,73.446,72.735,72.394,78.43
2800.27555,3.57107713917654,70.809,73.475,72.735,72.397,78.412
2798.34699,3.5735382480212,70.866,73.512,72.78,72.432,78.396
2796.41842,3.57600276427875,70.926,73.522,72.834,72.46,78.391
2794.48986,3.57847066941943,70.948,73.513,72.862,72.457,78.395
2792.56129,3.58094199608418,70.929,73.512,72.856,72.435,78.403
2790.63273,3.58341672571152,70.908,73.524,72.832,72.403,78.401
2788.70416,3.5858948910522,70.894,73.551,72.814,72.392,78.388
2786.7756,3.58837647351297,70.862,73.597,72.818,72.416,78.379
2784.84704,3.59086149306068,70.828,73.638,72.833,72.441,78.361
2782.91847,3.59334996975316,70.85,73.66,72.845,72.465,78.334
2780.98991,3.59584188494952,70.933,73.692,72.876,72.516,78.354
2779.06134,3.59833727167749,71.01,73.741,72.93,72.59,78.424
2777.13278,3.60083611126437,71.028,73.77,72.959,72.652,78.458
2775.20421,3.60333843684966,70.984,73.765,72.923,72.654,78.422
2773.27565,3.60584422972884,70.941,73.75,72.872,72.613,78.378
2771.34708,3.6083535231538,70.955,73.755,72.874,72.604,78.381
2769.41852,3.61086629838815,71.004,73.777,72.916,72.644,78.439
2767.48996,3.61338257574022,71.046,73.798,72.941,72.698,78.508
2765.56139,3.61590237561134,71.056,73.829,72.938,72.724,78.529
2763.63283,3.61842567921731,71.03,73.862,72.921,72.702,78.495
2761.70426,3.62095252009352,70.999,73.871,72.905,72.66,78.456
2759.7757,3.62348287942386,71,73.888,72.919,72.648,78.448
2757.84713,3.62601679085817,71.017,73.934,72.955,72.659,78.444
2755.91857,3.62855423554841,71.014,73.978,72.989,72.67,78.443
2753.99001,3.63109523407458,71.031,74.008,73.041,72.704,78.491
2752.06144,3.63363980711128,71.08,74.007,73.104,72.739,78.54
2750.13288,3.63618793576258,71.114,73.99,73.118,72.744,78.506
2748.20431,3.63873965396699,71.114,74,73.066,72.727,78.435
2746.27575,3.64129494279662,71.087,74.029,73.001,72.716,78.41
2744.34718,3.64385383630653,71.066,74.043,72.975,72.746,78.432
2742.41862,3.64641631553683,71.081,74.054,72.995,72.794,78.463
2740.49005,3.64898241465974,71.118,74.108,73.043,72.839,78.49
2738.56149,3.65155211468339,71.149,74.193,73.087,72.883,78.498
2736.63293,3.65412543654512,71.164,74.231,73.116,72.908,78.481
2734.70436,3.65670240127895,71.175,74.225,73.117,72.898,78.48
2732.7758,3.65928298984498,71.195,74.223,73.083,72.874,78.506
2730.84723,3.66186723671101,71.218,74.235,73.06,72.867,78.523
2728.91867,3.66445512280511,71.229,74.253,73.081,72.889,78.513
2726.9901,3.6670466827144,71.222,74.263,73.125,72.933,78.492
2725.06154,3.66964189733491,71.213,74.265,73.155,72.965,78.485
2723.13297,3.67224080137372,71.217,74.285,73.166,72.966,78.503
2721.20441,3.67484337569481,71.229,74.326,73.179,72.958,78.532
2719.27585,3.67744964160219,71.237,74.358,73.202,72.958,78.548
2717.34728,3.68005962049871,71.249,74.369,73.235,72.942,78.551
2715.41872,3.68267329320025,71.277,74.384,73.258,72.91,78.536
2713.49015,3.68529069471654,71.312,74.411,73.248,72.892,78.496
2711.56159,3.68791180583142,71.327,74.427,73.224,72.884,78.466
2709.63302,3.69053666167679,71.311,74.422,73.204,72.878,78.469
2707.70446,3.6931652430044,71.296,74.428,73.197,72.905,78.472
2705.77589,3.69579758506903,71.304,74.447,73.209,72.959,78.448
2703.84733,3.69843366859031,71.294,74.435,73.221,72.985,78.415
2701.91877,3.70107351524857,71.244,74.414,73.209,72.952,78.394
2699.9902,3.7037171468252,71.208,74.427,73.205,72.91,78.399
2698.06164,3.70636454399166,71.215,74.441,73.243,72.918,78.436
2696.13307,3.70901574231275,71.24,74.435,73.3,72.967,78.482
2694.20451,3.71167072242782,71.279,74.437,73.339,73.013,78.504
2692.27594,3.71432952002684,71.325,74.454,73.344,73.045,78.495
2690.34738,3.71699211571704,71.349,74.471,73.337,73.075,78.482
2688.41881,3.71965854531423,71.361,74.482,73.344,73.085,78.495
2686.49025,3.72232878939352,71.382,74.501,73.367,73.08,78.533
2684.56169,3.72500287002159,71.39,74.533,73.371,73.08,78.557
2682.63312,3.72768080936837,71.367,74.558,73.349,73.086,78.535
2680.70456,3.73036258796083,71.34,74.57,73.339,73.097,78.497
2678.77599,3.73304824193232,71.343,74.582,73.363,73.098,78.474
2676.84743,3.73573775177766,71.381,74.621,73.398,73.088,78.481
2674.91886,3.73843115375844,71.421,74.685,73.413,73.086,78.52
2672.9903,3.74112842833736,71.428,74.725,73.405,73.091,78.548
2671.06173,3.74382961190493,71.432,74.733,73.402,73.109,78.548
2669.13317,3.74653468489173,71.451,74.74,73.421,73.139,78.549
2667.20461,3.74924366976105,71.447,74.73,73.446,73.152,78.554
2665.27604,3.75195658908186,71.413,74.693,73.454,73.112,78.551
2663.34748,3.75467342323654,71.385,74.665,73.452,73.044,78.552
2661.41891,3.75739420894098,71.372,74.647,73.463,73.027,78.561
2659.49035,3.76011892654546,71.374,74.614,73.485,73.072,78.563
2657.56178,3.76284761289726,71.376,74.58,73.49,73.097,78.547
2655.63322,3.76558024831456,71.371,74.577,73.486,73.095,78.518
2653.70465,3.76831686977675,71.398,74.615,73.508,73.115,78.5
2651.77609,3.77105745756988,71.445,74.656,73.545,73.13,78.498
2649.84753,3.77380203456461,71.468,74.661,73.581,73.122,78.512
2647.91896,3.77655062373963,71.477,74.65,73.617,73.119,78.547
2645.9904,3.77930320533287,71.483,74.641,73.628,73.119,78.577
2644.06183,3.78205981665716,71.476,74.625,73.614,73.124,78.574
2642.13327,3.78482043791834,71.478,74.616,73.616,73.136,78.562
2640.2047,3.7875851065639,71.515,74.631,73.635,73.152,78.581
2638.27614,3.79035380276759,71.556,74.658,73.642,73.174,78.606
2636.34757,3.79312656411233,71.544,74.651,73.623,73.183,78.576
2634.41901,3.7959033707398,71.489,74.598,73.584,73.156,78.508
2632.49045,3.79868424593905,71.462,74.558,73.559,73.143,78.491
2630.56188,3.80146921310971,71.482,74.584,73.574,73.184,78.545
2628.63332,3.80425825234537,71.498,74.639,73.602,73.217,78.602
2626.70475,3.80705140157073,71.484,74.662,73.609,73.195,78.613
2624.77619,3.80984864084736,71.468,74.666,73.611,73.167,78.6
2622.84762,3.81265000823799,71.491,74.678,73.63,73.178,78.6
2620.91906,3.81545548377217,71.526,74.665,73.642,73.195,78.596
2618.99049,3.81826510565145,71.524,74.634,73.633,73.195,78.583
2617.06193,3.82107885387336,71.504,74.614,73.624,73.196,78.58
2615.13337,3.82389675215685,71.503,74.59,73.635,73.196,78.577
2613.2048,3.82671882433401,71.53,74.575,73.672,73.203,78.566
2611.27624,3.82954505035438,71.558,74.593,73.713,73.226,78.565
2609.34767,3.83237546876994,71.569,74.623,73.748,73.259,78.576
2607.41911,3.83521005949826,71.598,74.645,73.799,73.302,78.603
2605.49054,3.83804886123287,71.637,74.672,73.866,73.34,78.639
2603.56198,3.84089185385938,71.635,74.714,73.906,73.352,78.663
2601.63342,3.84373906143933,71.6,74.741,73.904,73.342,78.663
2599.70485,3.84659050814942,71.593,74.736,73.884,73.331,78.651
2597.77629,3.84944617382739,71.625,74.723,73.882,73.322,78.649
2595.84772,3.85230609752409,71.628,74.707,73.883,73.306,78.658
2593.91916,3.85517025904539,71.596,74.681,73.874,73.294,78.648
2591.99059,3.85803869758648,71.601,74.667,73.873,73.297,78.612
2590.06203,3.86091139292135,71.622,74.657,73.865,73.29,78.561
2588.13346,3.86378838439035,71.599,74.646,73.84,73.282,78.527
2586.2049,3.86666965173564,71.572,74.658,73.848,73.302,78.543
2584.27634,3.86955521947007,71.585,74.676,73.888,73.328,78.567
2582.34777,3.87244511222437,71.61,74.669,73.907,73.332,78.556
2580.41921,3.87533930969302,71.632,74.656,73.888,73.324,78.545
2578.49064,3.87823785158282,71.651,74.666,73.866,73.329,78.57
2576.56208,3.88114071755647,71.652,74.697,73.86,73.346,78.605
2574.63351,3.88404794746884,71.636,74.718,73.875,73.359,78.622
2572.70495,3.8869595209509,71.64,74.734,73.917,73.375,78.635
2570.77638,3.88987547800638,71.667,74.747,73.951,73.392,78.643
2568.84782,3.89279579823456,71.668,74.722,73.933,73.385,78.632
2566.91926,3.89572050661227,71.641,74.687,73.892,73.384,78.616
2564.99069,3.89864962823705,71.627,74.7,73.878,73.409,78.619
2563.06213,3.90158314266069,71.639,74.722,73.89,73.426,78.62
2561.13356,3.90452109026286,71.657,74.714,73.902,73.43,78.591
2559.205,3.90746345056375,71.669,74.729,73.902,73.447,78.575
2557.27643,3.91041026409492,71.686,74.775,73.888,73.46,78.601
2555.34787,3.91336151034497,71.688,74.798,73.875,73.45,78.626
2553.4193,3.91631722999822,71.654,74.779,73.878,73.436,78.631
2551.49074,3.91927740251176,71.625,74.744,73.892,73.434,78.636
2549.56218,3.92224205333953,71.624,74.718,73.902,73.447,78.654
2547.63361,3.92521120805908,71.647,74.707,73.897,73.449,78.661
2545.70505,3.92818484608026,71.671,74.688,73.885,73.421,78.641
2543.77648,3.93116300847314,71.663,74.656,73.886,73.403,78.618
2541.84792,3.93414567461613,71.652,74.657,73.904,73.418,78.63
2539.91935,3.93713288573513,71.668,74.72,73.92,73.435,78.677
2537.99079,3.94012462117721,71.687,74.793,73.94,73.445,78.715
2536.06222,3.94312092232501,71.705,74.813,73.974,73.473,78.714
2534.13366,3.94612176849425,71.732,74.789,74.003,73.501,78.686
2532.2051,3.94912718562963,71.74,74.77,74.006,73.507,78.666
2530.27653,3.95213719980243,71.712,74.756,73.979,73.505,78.672
2528.34797,3.95515179028146,71.667,74.726,73.951,73.49,78.673
2526.4194,3.95817099884524,71.646,74.698,73.959,73.475,78.652
2524.49084,3.9611948047314,71.67,74.691,73.995,73.493,78.635
2522.56227,3.96422324987839,71.707,74.702,74.025,73.519,78.638
2520.63371,3.96725631349269,71.706,74.719,74.036,73.508,78.654
2518.70514,3.97029403767366,71.677,74.719,74.016,73.466,78.656
2516.77658,3.97333640159668,71.664,74.691,73.98,73.442,78.621
2514.84802,3.97638343171131,71.67,74.639,73.959,73.465,78.572
2512.91945,3.97943515459678,71.675,74.596,73.952,73.494,78.554
2510.99089,3.98249154938193,71.682,74.614,73.963,73.495,78.586
2509.06232,3.98555265857247,71.687,74.679,73.99,73.476,78.622
2507.13376,3.9886184612663,71.675,74.715,73.989,73.445,78.617
2505.20519,3.99168900013336,71.659,74.705,73.969,73.425,78.605
2503.27663,3.99476425424065,71.647,74.693,73.986,73.437,78.604
2501.34806,3.99784426642328,71.65,74.693,74.032,73.466,78.605
2499.4195,4.00092901571745,71.68,74.703,74.06,73.499,78.628
2497.49094,4.00401852909224,71.713,74.724,74.067,73.528,78.655
2495.56237,4.0071128336496,71.726,74.753,74.077,73.544,78.668
2493.63381,4.0102119083796,71.733,74.787,74.081,73.547,78.68
2491.70524,4.01331579653459,71.738,74.794,74.075,73.539,78.678
2489.77668,4.01642447707399,71.74,74.757,74.068,73.528,78.658
2487.84811,4.01953799341874,71.731,74.72,74.035,73.524,78.636
2485.91955,4.02265632449771,71.714,74.727,73.992,73.529,78.626
2483.99098,4.02577951390146,71.694,74.762,73.992,73.536,78.626
2482.06242,4.02890754052833,71.655,74.769,74.011,73.523,78.62
2480.13386,4.03204043188217,71.609,74.729,74.007,73.486,78.602
2478.20529,4.03517821560295,71.612,74.691,74.002,73.463,78.595
2476.27673,4.03832087054342,71.67,74.679,74.014,73.479,78.603
2474.34816,4.04146844072259,71.715,74.681,74.028,73.509,78.611
2472.4196,4.0446209049629,71.711,74.7,74.029,73.532,78.632
2470.49103,4.04777830745656,71.69,74.729,74.023,73.547,78.661
2468.56247,4.05094062699576,71.678,74.732,74.015,73.545,78.662
2466.63391,4.05410789151115,71.674,74.699,73.997,73.521,78.641
2464.70534,4.05728012907214,71.673,74.682,73.989,73.512,78.646
2462.77678,4.06045731842575,71.683,74.71,74.007,73.538,78.674
2460.84821,4.06363950420168,71.687,74.74,74.015,73.539,78.664
2458.91965,4.06682666511694,71.673,74.736,73.979,73.489,78.62
2456.99108,4.07001884597807,71.673,74.714,73.938,73.459,78.61
2455.06252,4.07321602547213,71.682,74.703,73.935,73.483,78.644
2453.13395,4.07641824858361,71.668,74.707,73.934,73.505,78.665
2451.20539,4.07962549396972,71.651,74.696,73.914,73.484,78.627
2449.27683,4.08283779012436,71.669,74.673,73.906,73.463,78.581
2447.34826,4.08605516568369,71.711,74.675,73.911,73.467,78.587
2445.4197,4.08927759926036,71.723,74.68,73.908,73.458,78.596
2443.49113,4.09250513628834,71.692,74.659,73.913,73.44,78.572
2441.56257,4.09573775535067,71.676,74.647,73.932,73.452,78.561
2439.634,4.09897550206302,71.695,74.669,73.96,73.484,78.588
2437.70544,4.10221835497893,71.713,74.678,73.984,73.506,78.624
2435.77687,4.10546635989691,71.717,74.648,73.981,73.511,78.637
2433.84831,4.10871949534111,71.71,74.615,73.961,73.495,78.638
2431.91975,4.11197779038556,71.669,74.603,73.952,73.465,78.647
2429.99118,4.11524127425022,71.615,74.607,73.951,73.454,78.645
2428.06262,4.11850992541535,71.597,74.613,73.942,73.475,78.61
2426.13405,4.12178379014136,71.618,74.607,73.93,73.487,78.577
2424.20549,4.12506284687937,71.655,74.599,73.928,73.483,78.592
2422.27692,4.12834714207656,71.668,74.583,73.934,73.473,78.616
2420.34836,4.13163665415503,71.64,74.548,73.926,73.453,78.605
2418.41979,4.13493142974984,71.608,74.52,73.921,73.441,78.588
2416.49123,4.13823144725421,71.611,74.508,73.943,73.437,78.581
2414.56267,4.14153673633992,71.644,74.512,73.97,73.425,78.571
2412.6341,4.14484732682838,71.684,74.535,73.966,73.421,78.562
2410.70554,4.14816319706969,71.713,74.556,73.947,73.446,78.569
2408.77697,4.1514843941737,71.714,74.561,73.951,73.492,78.577
2406.84841,4.1548108964619,71.681,74.556,73.968,73.515,78.563
2404.91984,4.15814275123615,71.639,74.552,73.97,73.497,78.548
2402.99128,4.16147993678945,71.61,74.541,73.949,73.471,78.559
2401.06271,4.16482250061682,71.6,74.512,73.921,73.455,78.567
2399.13415,4.16817042098292,71.605,74.488,73.907,73.443,78.558
2397.20559,4.17152372817552,71.621,74.501,73.907,73.433,78.569
2395.27702,4.1748824526359,71.63,74.524,73.898,73.417,78.579
2393.34846,4.17824657258643,71.597,74.511,73.856,73.388,78.542
2391.41989,4.18161613601031,71.539,74.486,73.799,73.352,78.497
2389.49133,4.18499112110191,71.507,74.474,73.75,73.304,78.487
2387.56276,4.18837157604184,71.496,74.447,73.673,73.223,78.489
2385.6342,4.19175747899657,71.474,74.38,73.533,73.058,78.474
2383.70563,4.19514887834535,71.426,74.257,73.326,72.761,78.43
2381.77707,4.19854575222693,71.333,74.06,73.076,72.366,78.354
2379.84851,4.20194813156406,71.207,73.802,72.813,71.926,78.258
2377.91994,4.20535604743699,71.104,73.556,72.541,71.425,78.161
2375.99138,4.20876947794314,70.971,73.354,72.161,70.803,78.026
2374.06281,4.21218847196381,70.679,73.072,71.572,70.049,77.829
2372.13425,4.21561300756903,70.37,72.669,70.994,69.256,77.709
2370.20568,4.21904313384314,70.371,72.431,70.773,68.458,77.709
2368.27712,4.22247882882895,70.533,72.737,70.565,67.619,77.59
2366.34855,4.22592014181512,70.317,73.382,69.835,66.895,77.307
2364.41999,4.2293670508174,69.623,73.118,68.853,66.155,76.853
2362.49143,4.23281958741328,69.47,71.598,68.194,65.391,76.351
2360.56286,4.23627778334189,70.766,70.61,68.652,65.76,76.545
2358.6343,4.23974161657871,71.6,70.704,69.793,66.517,77.004
2356.70573,4.24321113692884,70.994,70.914,69.952,66.386,76.871
2354.77717,4.24668632234107,70.541,71.473,69.726,66.886,76.835
2352.8486,4.25016722282938,70.387,72.286,70.086,68.139,77.13
2350.92004,4.2536538163161,70.329,72.723,70.519,68.943,77.298
2348.99147,4.25714615302541,70.381,72.859,70.71,69.208,77.349
2347.06291,4.2606442108533,70.42,72.893,70.725,69.181,77.465
2345.13435,4.26414802205255,70.337,72.729,70.529,68.868,77.64
2343.20578,4.26765761904189,70.217,72.047,70.147,68.255,77.496
2341.27722,4.27117297967816,70.115,71.283,70.051,67.751,76.97
2339.34865,4.27469415471696,69.972,71.3,70.375,67.779,76.597
2337.42009,4.27822112198924,69.961,71.924,70.68,68.053,76.54
2335.49152,4.28175393246557,70.232,72.46,70.733,68.139,76.698
2333.56296,4.28529256395122,70.572,72.668,70.756,68.277,76.995
2331.6344,4.28883704923894,70.649,72.661,70.775,68.586,77.2
2329.70583,4.29238742129087,70.598,72.574,70.601,68.681,77.172
2327.77727,4.29594365787411,70.596,72.624,70.449,68.687,77.15
2325.8487,4.29950581050264,70.492,72.83,70.585,68.951,77.252
2323.92014,4.30307385691834,70.365,73.008,70.911,69.368,77.362
2321.99157,4.30664784885502,70.411,73.16,71.255,69.795,77.495
2320.06301,4.31022776402957,70.561,73.296,71.525,70.129,77.643
2318.13444,4.31381365439703,70.684,73.306,71.699,70.337,77.68
2316.20588,4.31740549764946,70.765,73.254,71.826,70.547,77.635
2314.27732,4.32100332729355,70.805,73.297,71.915,70.77,77.624
2312.34875,4.32460717700996,70.816,73.427,71.975,70.937,77.68
2310.42019,4.3282170244539,70.84,73.544,72.104,71.116,77.775
2308.49162,4.33183292213987,70.899,73.617,72.322,71.365,77.877
2306.56306,4.33545484769881,70.976,73.679,72.521,71.619,77.931
2304.63449,4.33908285387155,71.019,73.737,72.65,71.809,77.914
2302.70593,4.34271691826494,71.003,73.782,72.735,71.935,77.909
2300.77736,4.34635709384762,70.994,73.826,72.821,72.053,77.957
2298.8488,4.35000335820259,71.052,73.87,72.92,72.188,77.984
2296.92024,4.35365574557347,71.13,73.912,73.017,72.32,77.991
2294.99167,4.35731429038259,71.167,73.982,73.117,72.441,78.04
2293.06311,4.36097897017758,71.178,74.075,73.218,72.563,78.113
2291.13454,4.36464983850316,71.203,74.155,73.318,72.695,78.166
2289.20598,4.36832687288367,71.238,74.208,73.426,72.835,78.2
2287.27741,4.37201012709691,71.274,74.258,73.528,72.966,78.223
2285.34885,4.3756995786442,71.32,74.335,73.607,73.076,78.241
2283.42028,4.37939528153792,71.341,74.417,73.652,73.133,78.252
2281.49172,4.3830972132566,71.31,74.442,73.64,73.102,78.245
2279.56316,4.38680540880473,71.277,74.395,73.603,73.025,78.218
2277.63459,4.39051990337045,71.266,74.334,73.594,72.974,78.19
2275.70603,4.39424067439853,71.249,74.324,73.623,72.962,78.183
2273.77746,4.39796777649472,71.222,74.352,73.672,72.969,78.187
2271.8489,4.40170118708159,71.205,74.381,73.712,72.997,78.195
2269.92033,4.40544096100501,71.218,74.394,73.728,73.035,78.218
2267.99177,4.40918707566562,71.239,74.383,73.732,73.04,78.245
2266.0632,4.412939586151,71.234,74.379,73.733,73.022,78.253
2264.13464,4.41669846984012,71.2,74.404,73.726,73.028,78.244
2262.20608,4.42046376252335,71.168,74.428,73.713,73.05,78.22
2260.27751,4.4242355001798,71.16,74.429,73.718,73.053,78.188
2258.34895,4.42801366015646,71.174,74.423,73.737,73.04,78.171
2256.42038,4.43179829815223,71.192,74.418,73.744,73.041,78.174
2254.49182,4.43558939149311,71.209,74.406,73.754,73.066,78.183
2252.56325,4.43938699612541,71.205,74.388,73.775,73.084,78.184
2250.63469,4.44319108935444,71.171,74.39,73.793,73.078,78.174
2248.70612,4.44700172737556,71.157,74.417,73.803,73.07,78.167
2246.77756,4.45081888747367,71.17,74.426,73.804,73.075,78.176
2244.849,4.45464260625102,71.164,74.408,73.809,73.082,78.197
2242.92043,4.45847292050392,71.141,74.406,73.826,73.083,78.203
2240.99187,4.46230980748717,71.124,74.427,73.832,73.071,78.176
2239.0633,4.46615332402617,71.115,74.446,73.833,73.057,78.148
2237.13474,4.47000344735606,71.121,74.465,73.838,73.062,78.159
2235.20617,4.47386023455725,71.145,74.459,73.841,73.09,78.184
2233.27761,4.47772366284548,71.148,74.41,73.841,73.113,78.178
2231.34904,4.48159378955791,71.119,74.363,73.841,73.114,78.145
2229.42048,4.48547059189122,71.106,74.362,73.841,73.115,78.126
2227.49192,4.48935410728673,71.11,74.372,73.831,73.12,78.132
2225.56335,4.49324437338528,71.09,74.373,73.797,73.118,78.135
2223.63479,4.49714136735556,71.058,74.392,73.756,73.108,78.116
2221.70622,4.50104514718422,71.044,74.423,73.737,73.096,78.099
2219.77766,4.50495569002168,71.043,74.431,73.731,73.092,78.109
2217.84909,4.50887305411749,71.036,74.422,73.715,73.096,78.128
2215.92053,4.51279721660415,71.026,74.424,73.699,73.089,78.123
2213.99196,4.51672823599594,71.017,74.423,73.701,73.07,78.097
2212.0634,4.52066608940775,71.005,74.406,73.699,73.058,78.073
2210.13484,4.52461081514827,70.981,74.388,73.666,73.05,78.058
2208.20627,4.52856245173147,70.962,74.371,73.622,73.042,78.042
2206.27771,4.53252097624646,70.985,74.367,73.596,73.056,78.026
2204.34914,4.53648644787731,71.036,74.391,73.597,73.097,78.039
2202.42058,4.54045884369642,71.049,74.418,73.614,73.119,78.071
2200.49201,4.54443822315901,71.012,74.41,73.622,73.084,78.059
2198.56345,4.54842456332111,70.985,74.375,73.599,73.022,78.013
2196.63488,4.55241792391096,70.989,74.357,73.541,72.987,78.009
2194.70632,4.55641828196859,70.993,74.362,73.461,72.992,78.046
2192.77776,4.56042567669968,70.966,74.347,73.382,73.007,78.055
2190.84919,4.56444014752106,70.929,74.293,73.325,73.004,78.019
2188.92063,4.56846167144946,70.908,74.232,73.288,72.981,77.986
2186.99206,4.572490308904,70.894,74.173,73.24,72.953,77.962
2185.0635,4.57652603688634,70.87,74.107,73.178,72.941,77.934
2183.13493,4.58056891609535,70.852,74.042,73.134,72.937,77.92
2181.20637,4.584618923518,70.843,73.975,73.125,72.921,77.925
2179.27781,4.5886760990789,70.829,73.906,73.143,72.902,77.937
2177.34924,4.59274048291858,70.812,73.839,73.167,72.904,77.943
2175.42068,4.59681205200274,70.796,73.776,73.177,72.931,77.923
2173.49211,4.60089086773819,70.789,73.734,73.179,72.949,77.9
2171.56355,4.60497690707693,70.793,73.726,73.202,72.932,77.907
2169.63498,4.60907023171243,70.777,73.744,73.219,72.901,77.917
2167.70642,4.61317081858345,70.745,73.767,73.186,72.881,77.89
2165.77785,4.61727872967211,70.736,73.794,73.125,72.862,77.837
2163.84929,4.62139394190434,70.761,73.842,73.1,72.85,77.827
2161.92073,4.62551649615756,70.81,73.906,73.129,72.867,77.875
2159.99216,4.6296464335315,70.85,73.955,73.156,72.904,77.898
2158.0636,4.6337837309336,70.844,73.97,73.144,72.909,77.857
2156.13503,4.63792845107665,70.795,73.966,73.122,72.864,77.813
2154.20647,4.64208057085633,70.735,73.96,73.109,72.818,77.801
2152.2779,4.64624015328132,70.705,73.956,73.095,72.807,77.805
2150.34934,4.650407175236,70.72,73.959,73.076,72.824,77.809
2148.42077,4.65458170002704,70.745,73.981,73.051,72.842,77.802
2146.49221,4.65876370452796,70.736,74.012,73.033,72.855,77.789
2144.56365,4.66295323060241,70.704,74.034,73.041,72.876,77.789
2142.63508,4.66715032034293,70.682,74.047,73.069,72.89,77.79
2140.70652,4.67135495060762,70.663,74.038,73.077,72.87,77.768
2138.77795,4.67556718545747,70.639,73.994,73.052,72.828,77.738
2136.84939,4.67978700174092,70.621,73.949,73.016,72.798,77.726
2134.92082,4.68401446382447,70.606,73.943,73.005,72.798,77.739
2132.99226,4.68824954854735,70.582,73.965,73.032,72.816,77.755
2131.06369,4.69249232058381,70.56,73.967,73.055,72.827,77.742
2129.13513,4.69674275676434,70.55,73.947,73.045,72.818,77.707
2127.20657,4.70100089997372,70.546,73.943,73.024,72.796,77.685
2125.278,4.70526679333245,70.553,73.956,73.014,72.779,77.692
2123.34944,4.7095404136589,70.556,73.966,73.006,72.76,77.707
2121.42087,4.71382182640638,70.532,73.961,72.994,72.736,77.696
2119.49231,4.71811100838578,70.504,73.953,72.985,72.725,77.66
2117.56374,4.72240802536598,70.49,73.965,72.988,72.73,77.653
2115.63518,4.72671285415097,70.484,73.996,73.011,72.747,77.683
2113.70661,4.73102556082748,70.471,74.002,73.026,72.748,77.687
2111.77805,4.7353461221931,70.443,73.978,73.017,72.705,77.643
2109.84949,4.73967458219022,70.431,73.965,73.018,72.66,77.615
2107.92092,4.74401098500412,70.453,73.964,73.034,72.656,77.631
2105.99236,4.74835530742381,70.466,73.949,73.031,72.667,77.634
2104.06379,4.75270761634085,70.452,73.921,72.998,72.661,77.59
2102.13523,4.75706788853922,70.435,73.904,72.952,72.644,77.541
2100.20666,4.76143619123653,70.399,73.894,72.908,72.617,77.535
2098.2781,4.7658125012123,70.344,73.87,72.879,72.59,77.566
2096.34953,4.77019688601261,70.316,73.834,72.873,72.581,77.591
2094.42097,4.77458932241306,70.32,73.782,72.877,72.583,77.575
2092.49241,4.77898985545185,70.319,73.734,72.879,72.575,77.526
2090.56384,4.78339853041752,70.311,73.731,72.881,72.55,77.479
2088.63528,4.7878153240809,70.301,73.76,72.887,72.536,77.461
2086.70671,4.79224030481984,70.283,73.77,72.884,72.545,77.465
2084.77815,4.79667344940276,70.277,73.736,72.882,72.555,77.467
2082.84958,4.80111482654451,70.305,73.688,72.895,72.54,77.463
2080.92102,4.8055644130117,70.32,73.673,72.912,72.518,77.453
2078.99245,4.81002227785868,70.298,73.691,72.926,72.511,77.439
2077.06389,4.81448839785087,70.271,73.693,72.918,72.505,77.437
2075.13533,4.81896281916226,70.239,73.658,72.892,72.484,77.442
2073.20676,4.82344558822488,70.198,73.614,72.889,72.451,77.414
2071.2782,4.82793668180354,70.177,73.595,72.911,72.428,77.36
2069.34963,4.83243616981245,70.182,73.615,72.921,72.422,77.335
2067.42107,4.83694402901679,70.188,73.639,72.92,72.414,77.334
2065.4925,4.84146032967924,70.177,73.619,72.934,72.407,77.333
2063.56394,4.84598504856603,70.157,73.583,72.964,72.413,77.327
2061.63537,4.85051825629088,70.146,73.587,72.998,72.415,77.324
2059.70681,4.85505992962173,70.135,73.618,73.018,72.396,77.331
2057.77825,4.85961011591021,70.107,73.636,73.018,72.379,77.345
2055.84968,4.86416886277405,70.076,73.636,73.013,72.398,77.338
2053.92112,4.86873614698504,70.06,73.633,73.017,72.429,77.299
2051.99255,4.87331204004615,70.054,73.638,73.029,72.413,77.251
2050.06399,4.87789651873257,70.038,73.63,73.015,72.353,77.207
2048.13542,4.88248965490768,70.015,73.602,72.973,72.301,77.17
2046.20686,4.88709142535081,70.006,73.605,72.964,72.285,77.167
2044.2783,4.89170187835971,69.999,73.649,72.987,72.294,77.202
2042.34973,4.89632106250481,69.973,73.68,72.978,72.305,77.222
2040.42117,4.90094895457294,69.939,73.68,72.94,72.298,77.189
2038.4926,4.90558562734052,69.912,73.66,72.929,72.276,77.13
2036.56404,4.91023105760033,69.892,73.637,72.946,72.263,77.104
2034.63547,4.91488531849885,69.874,73.628,72.947,72.268,77.114
2032.70691,4.91954838683556,69.869,73.636,72.926,72.273,77.122
2030.77834,4.92422033612984,69.883,73.642,72.913,72.257,77.127
2028.84978,4.92890114318863,69.884,73.623,72.894,72.223,77.126
2026.92122,4.93359085756673,69.865,73.593,72.842,72.181,77.089
2024.99265,4.93828952910027,69.848,73.575,72.782,72.135,77.042
2023.06409,4.94299713460882,69.831,73.571,72.744,72.1,77.026
2021.13552,4.94771374855655,69.82,73.572,72.729,72.089,77.025
2019.20696,4.95243934777246,69.809,73.562,72.72,72.078,77.008
2017.27839,4.9571740071037,69.774,73.543,72.686,72.046,76.994
2015.34983,4.96191770338949,69.734,73.529,72.634,72.022,77.004
2013.42126,4.96667051186298,69.713,73.526,72.6,72.026,77.014
2011.4927,4.97143240937439,69.694,73.524,72.587,72.048,77
2009.56414,4.97620344678324,69.664,73.528,72.593,72.066,76.97
2007.63557,4.98098367523943,69.631,73.534,72.605,72.059,76.945
2005.70701,4.98577307161129,69.615,73.52,72.596,72.045,76.923
2003.77844,4.99057171211005,69.625,73.495,72.573,72.042,76.896
2001.84988,4.99537957361718,69.635,73.489,72.574,72.033,76.885
1999.92131,5.00019673274045,69.636,73.499,72.597,72.015,76.907
1997.99275,5.00502316637535,69.636,73.501,72.607,72.008,76.938
1996.06418,5.0098589515293,69.611,73.48,72.586,71.987,76.929
1994.13562,5.01470406511268,69.542,73.44,72.528,71.921,76.872
1992.20706,5.01955855933971,69.481,73.404,72.456,71.852,76.822
1990.27849,5.02442248672446,69.471,73.393,72.437,71.826,76.816
1988.34993,5.02929582420133,69.477,73.397,72.484,71.822,76.815
1986.42136,5.0341786497906,69.467,73.401,72.527,71.815,76.781
1984.4928,5.03907094044383,69.448,73.416,72.522,71.817,76.745
1982.56423,5.04397277459203,69.433,73.434,72.503,71.83,76.734
1980.63567,5.04888412920484,69.427,73.434,72.495,71.836,76.737
1978.7071,5.05380508312726,69.423,73.422,72.482,71.826,76.736
1976.77854,5.05873561334797,69.414,73.411,72.471,71.805,76.711
1974.84998,5.06367577348837,69.398,73.396,72.471,71.786,76.664
1972.92141,5.06862561747961,69.375,73.378,72.463,71.772,76.629
1970.99285,5.07358512234075,69.351,73.371,72.449,71.76,76.625
1969.06428,5.07855436796609,69.328,73.354,72.435,71.733,76.626
1967.13572,5.08353333139617,69.297,73.323,72.408,71.697,76.611
1965.20715,5.08852209295086,69.265,73.303,72.374,71.684,76.599
1963.27859,5.09352062969321,69.243,73.293,72.351,71.677,76.596
1961.35002,5.09852902237205,69.231,73.284,72.342,71.653,76.584
1959.42146,5.10354724807393,69.227,73.279,72.334,71.62,76.557
1957.4929,5.10857536188254,69.203,73.275,72.301,71.58,76.532
1955.56433,5.11361341920161,69.152,73.26,72.25,71.531,76.522
1953.63577,5.11866139715491,69.118,73.229,72.204,71.5,76.514
1951.7072,5.12371937757877,69.103,73.182,72.166,71.491,76.495
1949.77864,5.12878733762311,69.092,73.131,72.135,71.469,76.475
1947.85007,5.13386535956538,69.092,73.089,72.113,71.433,76.462
1945.92151,5.13895342058273,69.089,73.037,72.077,71.397,76.437
1943.99294,5.14405160339728,69.055,72.964,72.013,71.361,76.383
1942.06438,5.14915988521452,69.026,72.922,71.97,71.356,76.335
1940.13582,5.15427832263826,69.026,72.932,71.978,71.385,76.332
1938.20725,5.15940697260316,69.027,72.945,71.984,71.394,76.354
1936.27869,5.16454581235927,69.021,72.935,71.962,71.381,76.361
1934.35012,5.16969492575625,69.006,72.906,71.945,71.368,76.34
1932.42156,5.1748542900753,68.975,72.872,71.955,71.348,76.311
1930.49299,5.1800239896235,68.941,72.855,71.969,71.318,76.297
1928.56443,5.18520400171438,68.923,72.842,71.959,71.285,76.292
1926.63586,5.19039441111617,68.922,72.811,71.925,71.245,76.275
1924.7073,5.19559519517591,68.912,72.762,71.877,71.19,76.236
1922.77874,5.20080641207839,68.882,72.719,71.827,71.145,76.201
1920.85017,5.20602812035048,68.838,72.692,71.786,71.116,76.196
1918.92161,5.21126029739172,68.801,72.674,71.756,71.091,76.197
1916.99304,5.21650302913985,68.791,72.666,71.742,71.108,76.175
1915.06448,5.22175629303093,68.788,72.648,71.737,71.144,76.14
1913.13591,5.22702017547724,68.773,72.607,71.731,71.135,76.112
1911.20735,5.23229465395265,68.76,72.559,71.719,71.089,76.094
1909.27878,5.23757981534787,68.749,72.523,71.7,71.052,76.083
1907.35022,5.24287563717585,68.733,72.515,71.697,71.039,76.082
1905.42166,5.2481821792663,68.71,72.511,71.711,71.031,76.088
1903.49309,5.25349950180276,68.688,72.477,71.71,71.015,76.088
1901.56453,5.25882758235925,68.669,72.423,71.684,71,76.055
1899.63596,5.26416650903997,68.642,72.379,71.652,70.989,76.003
1897.7074,5.26951625946129,68.616,72.361,71.612,70.971,75.972
1895.77883,5.27487692221988,68.596,72.353,71.558,70.944,75.961
1893.85027,5.2802484749758,68.56,72.332,71.507,70.904,75.942
1891.92171,5.28563097888443,68.505,72.296,71.48,70.838,75.914
1889.99314,5.29102449546457,68.477,72.271,71.486,70.791,75.899
1888.06458,5.2964290024444,68.487,72.263,71.518,70.826,75.903
1886.13601,5.30184458966986,68.487,72.241,71.529,70.872,75.908
1884.20745,5.3072712349163,68.474,72.209,71.506,70.864,75.905
1882.27888,5.31270902853673,68.463,72.18,71.467,70.826,75.888
1880.35032,5.31815794835507,68.451,72.148,71.425,70.79,75.853
1878.42175,5.32361808523565,68.429,72.116,71.39,70.772,75.814
1876.49319,5.32908941705246,68.392,72.083,71.378,70.764,75.791
1874.56463,5.33457200672777,68.366,72.055,71.38,70.759,75.781
1872.63606,5.34006591756008,68.359,72.02,71.337,70.726,75.756
1870.7075,5.34557112750123,68.339,71.948,71.226,70.612,75.701
1868.77893,5.35108772871278,68.284,71.863,71.122,70.479,75.653
1866.85037,5.35661569920036,68.225,71.832,71.104,70.469,75.658
1864.9218,5.36215513165217,68.214,71.837,71.126,70.538,75.676
1862.99324,5.36770600412914,68.231,71.834,71.137,70.584,75.663
1861.06467,5.37326840985058,68.226,71.822,71.133,70.577,75.631
1859.13611,5.37884232693431,68.198,71.809,71.12,70.539,75.62
1857.20755,5.3844278201432,68.183,71.785,71.109,70.518,75.627
1855.27898,5.39002495462974,68.178,71.751,71.097,70.52,75.619
1853.35042,5.39563370860002,68.151,71.717,71.063,70.506,75.582
1851.42185,5.40125417662107,68.108,71.68,71.002,70.458,75.542
1849.49329,5.40688633695989,68.079,71.635,70.939,70.391,75.511
1847.56472,5.4125302847307,68.047,71.576,70.878,70.319,75.465
1845.63616,5.41818599826306,67.998,71.503,70.827,70.254,75.419
1843.70759,5.42385357322307,67.977,71.455,70.848,70.247,75.438
1841.77903,5.42953298800454,67.982,71.457,70.919,70.298,75.472
1839.85047,5.43522430928857,67.956,71.456,70.937,70.323,75.439
1837.9219,5.44092760415989,67.913,71.427,70.906,70.314,75.379
1835.99334,5.44664285111187,67.896,71.39,70.884,70.316,75.362
1834.06477,5.45237014721132,67.891,71.354,70.867,70.295,75.365
1832.13621,5.45810947102017,67.859,71.3,70.809,70.197,75.335
1830.20764,5.46386092017406,67.816,71.223,70.725,70.073,75.29
1828.27908,5.46962447330525,67.797,71.165,70.686,70.019,75.278
1826.35051,5.47540022862315,67.783,71.145,70.698,70.016,75.291
1824.42195,5.48118816483216,67.764,71.155,70.739,70.042,75.295
1822.49339,5.48698835061344,67.762,71.169,70.777,70.099,75.288
1820.56482,5.49280085506651,67.764,71.152,70.778,70.127,75.278
1818.63626,5.49862565700741,67.759,71.115,70.761,70.116,75.262
1816.70769,5.50446285610207,67.751,71.07,70.742,70.096,75.237
1814.77913,5.51031243124336,67.722,70.99,70.712,70.051,75.204
1812.85056,5.51617448268874,67.671,70.896,70.672,69.975,75.158
1810.922,5.52204898940982,67.631,70.855,70.652,69.933,75.123
1808.99343,5.52793605226084,67.619,70.877,70.671,69.956,75.12
1807.06487,5.53383565029406,67.612,70.895,70.696,69.982,75.12
1805.13631,5.539747854277,67.602,70.872,70.69,69.969,75.12
1803.20774,5.54567273541095,67.579,70.804,70.636,69.898,75.121
1801.27918,5.55161027287286,67.526,70.725,70.559,69.795,75.089
1799.35061,5.55756056903218,67.482,70.697,70.523,69.747,75.031
1797.42205,5.56352360315153,67.463,70.696,70.514,69.744,74.986
1795.49348,5.56949947821587,67.435,70.669,70.461,69.704,74.946
1793.56492,5.57548817357556,67.389,70.612,70.357,69.603,74.902
1791.63635,5.58148979283659,67.348,70.571,70.304,69.541,74.889
1789.70779,5.58750431543912,67.347,70.584,70.366,69.609,74.918
1787.77923,5.5935318143281,67.371,70.615,70.445,69.686,74.939
1785.85066,5.59957236289848,67.387,70.616,70.457,69.681,74.915
1783.9221,5.60562594072914,67.36,70.561,70.386,69.624,74.857
1781.99353,5.61169265300307,67.304,70.482,70.301,69.579,74.827
1780.06497,5.61777247939439,67.276,70.453,70.284,69.584,74.847
1778.1364,5.62386552572682,67.283,70.483,70.334,69.616,74.868
1776.20784,5.62997177177193,67.279,70.495,70.351,69.589,74.864
1774.27927,5.63609132399997,67.228,70.445,70.28,69.456,74.831
1772.35071,5.64222416228219,67.151,70.348,70.184,69.312,74.77
1770.42215,5.64837036183715,67.131,70.293,70.174,69.323,74.725
1768.49358,5.65452999835035,67.155,70.311,70.24,69.426,74.704
1766.56502,5.66070305184691,67.162,70.335,70.298,69.49,74.684
1764.63645,5.66688963043918,67.131,70.306,70.267,69.454,74.651
1762.70789,5.67308971425776,67.07,70.236,70.176,69.349,74.595
1760.77932,5.67930341208233,67.023,70.209,70.15,69.298,74.581
1758.85076,5.68553070415139,67.008,70.224,70.18,69.309,74.622
1756.9222,5.69177166752176,66.976,70.222,70.181,69.289,74.634
1754.99363,5.69802637973108,66.926,70.185,70.144,69.231,74.592
1753.06507,5.70429482118425,66.892,70.102,70.043,69.118,74.516
1751.1365,5.7105771023561,66.876,69.991,69.879,68.952,74.427
1749.20794,5.71687320376559,66.864,69.945,69.794,68.878,74.383
1747.27937,5.72318323657653,66.862,69.996,69.84,68.946,74.395
1745.35081,5.72950718142446,66.863,70.063,69.894,69.008,74.41
1743.42224,5.73584515016856,66.844,70.092,69.901,69.01,74.395
1741.49368,5.74219712356349,66.796,70.069,69.868,68.974,74.351
1739.56512,5.74856318112426,66.754,70.036,69.838,68.952,74.329
1737.63655,5.75494340286523,66.742,70.035,69.818,68.953,74.346
1735.70799,5.76133776972473,66.729,70.004,69.731,68.89,74.345
1733.77942,5.76774639532865,66.695,69.933,69.627,68.794,74.297
1731.85086,5.77416926074108,66.664,69.939,69.675,68.828,74.267
1729.92229,5.78060648030612,66.655,70.003,69.788,68.923,74.294
1727.99373,5.78705803521637,66.675,70.087,69.875,69.004,74.332
1726.06516,5.79352404054086,66.699,70.152,69.894,69.024,74.337
1724.1366,5.80000447760346,66.702,70.163,69.847,68.981,74.317
1722.20804,5.80649942848949,66.699,70.109,69.778,68.924,74.301
1720.27947,5.81300897580322,66.685,69.993,69.668,68.817,74.262
1718.35091,5.81953310107072,66.611,69.845,69.501,68.604,74.172
1716.42234,5.82607192120326,66.484,69.781,69.427,68.47,74.113
1714.49378,5.83262541786533,66.41,69.817,69.486,68.556,74.108
1712.56521,5.83919370871723,66.415,69.854,69.534,68.654,74.092
1710.63665,5.84577677556482,66.449,69.864,69.528,68.677,74.081
1708.70808,5.85237473682456,66.447,69.847,69.459,68.627,74.073
1706.77952,5.85898757444664,66.398,69.824,69.361,68.534,74.055
1704.85096,5.86561537320541,66.378,69.825,69.323,68.493,74.057
1702.92239,5.87225821841476,66.405,69.799,69.31,68.498,74.066
1700.99383,5.87891609224708,66.398,69.686,69.207,68.403,73.996
1699.06526,5.88558911504082,66.34,69.602,69.094,68.219,73.874
1697.1367,5.8922772691204,66.311,69.661,69.134,68.201,73.867
1695.20813,5.89898067560589,66.29,69.778,69.277,68.387,73.929
1693.27957,5.90569931697694,66.257,69.852,69.37,68.531,73.965
1691.351,5.91243331514275,66.227,69.85,69.348,68.501,73.953
1689.42244,5.91918265274137,66.201,69.806,69.256,68.383,73.893
1687.49388,5.92594741736189,66.191,69.768,69.143,68.26,73.813
1685.56531,5.93272769715461,66.216,69.742,69.014,68.122,73.734
1683.63675,5.93952347500136,66.27,69.773,68.983,68.115,73.724
1681.70818,5.94633487481758,66.254,69.837,69.064,68.231,73.777
1679.77962,5.95316187965181,66.187,69.859,69.087,68.264,73.8
1677.85105,5.96000461423557,66.125,69.874,69.057,68.247,73.794
1675.92249,5.96686306178754,66.093,69.916,69.014,68.227,73.772
1673.99392,5.97373734786325,66.078,69.953,68.974,68.199,73.727
1672.06536,5.98062745585496,66.029,69.926,68.906,68.108,73.643
1670.1368,5.98753347629967,65.973,69.887,68.86,68.01,73.565
1668.20823,5.99445550031845,65.996,69.918,68.948,68.085,73.603
1666.27967,6.0013935115706,66.053,69.962,69.044,68.198,73.692
1664.3511,6.00834763770697,66.075,69.969,69.058,68.194,73.741
1662.42254,6.01531786256941,66.04,69.955,69.032,68.154,73.739
1660.49397,6.02230431466126,65.99,69.959,69.021,68.178,73.712
1658.56541,6.0293069780106,65.968,69.959,68.992,68.168,73.677
1656.63684,6.03632598198167,65.933,69.886,68.892,68.04,73.61
1654.70828,6.0433613107925,65.823,69.736,68.702,67.808,73.495
1652.77972,6.05041305806923,65.727,69.714,68.615,67.716,73.424
1650.85115,6.05748131804615,65.77,69.823,68.68,67.799,73.472
1648.92259,6.06456607523341,65.791,69.833,68.613,67.746,73.485
1646.99402,6.07166746118483,65.779,69.817,68.523,67.655,73.437
1645.06546,6.07878546061018,65.79,69.869,68.618,67.745,73.42
1643.13689,6.08592020595436,65.8,69.907,68.71,67.863,73.445
1641.20833,6.09307168213069,65.786,69.882,68.697,67.876,73.451
1639.27976,6.10024002248402,65.743,69.787,68.6,67.764,73.416
1637.3512,6.10742521213531,65.695,69.651,68.473,67.57,73.366
1635.42264,6.11462734794964,65.721,69.612,68.512,67.544,73.394
1633.49407,6.12184652742572,65.772,69.677,68.678,67.71,73.459
1631.56551,6.12908273600366,65.753,69.694,68.722,67.759,73.445
1629.63694,6.1363361093177,65.697,69.647,68.654,67.685,73.37
1627.70838,6.143606633026,65.651,69.569,68.58,67.614,73.305
1625.77981,6.15089444369469,65.613,69.486,68.546,67.57,73.279
1623.85125,6.15819952720423,65.563,69.407,68.513,67.507,73.265
1621.92269,6.1655219830484,65.54,69.375,68.5,67.502,73.292
1619.99412,6.17286191137533,65.556,69.374,68.485,67.51,73.343
1618.06556,6.18021929840717,65.563,69.329,68.4,67.424,73.345
1616.13699,6.18759428308117,65.541,69.255,68.337,67.339,73.303
1614.20843,6.19498685185283,65.538,69.243,68.391,67.377,73.303
1612.27986,6.20239714462476,65.547,69.251,68.422,67.426,73.327
1610.3513,6.20982514809036,65.531,69.225,68.374,67.423,73.323
1608.42273,6.21727100312739,65.506,69.207,68.335,67.398,73.291
1606.49417,6.22473469667182,65.519,69.246,68.36,67.406,73.27
1604.56561,6.23221633174601,65.543,69.297,68.395,67.439,73.277
1602.63704,6.23971601205473,65.527,69.314,68.408,67.471,73.3
1600.70848,6.24723372490661,65.493,69.302,68.418,67.497,73.331
1598.77991,6.25476961366121,65.479,69.283,68.421,67.492,73.353
1596.85135,6.26232366588161,65.492,69.28,68.4,67.457,73.341
1594.92278,6.26989602593801,65.527,69.299,68.378,67.45,73.307
1592.99422,6.27748668165287,65.553,69.306,68.382,67.481,73.278
1591.06565,6.28509577841744,65.536,69.302,68.38,67.479,73.249
1589.13709,6.29272330431857,65.5,69.32,68.356,67.442,73.236
1587.20853,6.30036936608449,65.479,69.332,68.322,67.432,73.248
1585.27996,6.30803407115548,65.457,69.295,68.295,67.447,73.255
1583.3514,6.31571740802452,65.427,69.247,68.302,67.444,73.24
1581.42283,6.32341952468209,65.414,69.231,68.322,67.398,73.215
1579.49427,6.33114040989842,65.405,69.229,68.291,67.29,73.183
1577.5657,6.33888021272268,65.379,69.204,68.201,67.153,73.167
1575.63714,6.34663892220769,65.367,69.196,68.16,67.148,73.211
1573.70857,6.35441668847238,65.377,69.214,68.197,67.242,73.258
1571.78001,6.36221350085754,65.373,69.176,68.177,67.236,73.239
1569.85145,6.37002946998584,65.354,69.096,68.096,67.173,73.185
1567.92288,6.37786470722336,65.345,69.07,68.082,67.186,73.172
1565.99432,6.38571920235318,65.354,69.075,68.127,67.225,73.184
1564.06575,6.39359310821812,65.38,69.072,68.155,67.219,73.182
1562.13719,6.40148641490316,65.419,69.076,68.124,67.114,73.17
1560.20862,6.40939927636088,65.453,69.07,68.001,66.837,73.131
1558.28006,6.41733168298387,65.433,69.085,67.907,66.709,73.108
1556.35149,6.42528378984621,65.427,69.142,68,66.937,73.157
1554.42293,6.433255587654,65.471,69.166,68.122,67.097,73.192
1552.49437,6.44124719112508,65.498,69.157,68.2,67.166,73.205
1550.5658,6.44925871575395,65.483,69.157,68.22,67.193,73.217
1548.63724,6.45729015272809,65.463,69.19,68.227,67.222,73.238
1546.70867,6.4653416599779,65.45,69.18,68.183,67.188,73.225
1544.78011,6.47341322901937,65.419,69.068,68.02,67.01,73.145
1542.85154,6.48150501894693,65.371,68.918,67.775,66.758,73.037
1540.92298,6.4896170216113,65.337,68.889,67.615,66.63,72.993
1538.99441,6.49774939728339,65.388,69.088,67.811,66.868,73.12
1537.06585,6.50590213815498,65.45,69.246,68.048,67.133,73.234
1535.13729,6.51407536325302,65.461,69.294,68.103,67.206,73.223
1533.20872,6.52226919241628,65.437,69.362,68.097,67.196,73.169
1531.28016,6.53048361836021,65.42,69.476,68.155,67.237,73.206
1529.35159,6.5387188043529,65.407,69.506,68.177,67.243,73.273
1527.42303,6.54697474346711,65.373,69.44,68.114,67.182,73.291
1525.49446,6.55525160019264,65.338,69.368,68.04,67.139,73.257
1523.5659,6.5635493679663,65.332,69.341,67.98,67.094,73.226
1521.63733,6.5718682125129,65.349,69.376,67.939,67.018,73.226
1519.70877,6.58020812764014,65.344,69.423,67.936,66.983,73.186
1517.78021,6.58856923691211,65.309,69.428,67.958,67.012,73.127
1515.85164,6.59695166474207,65.301,69.472,68.046,67.147,73.155
1513.92308,6.60535540550713,65.314,69.541,68.131,67.28,73.212
1511.99451,6.61378062807913,65.301,69.546,68.101,67.276,73.207
1510.06595,6.62222732722369,65.248,69.48,67.952,67.131,73.142
1508.13738,6.63069567309578,65.177,69.41,67.823,66.926,73.055
1506.20882,6.63918566085677,65.207,69.49,68.032,67.024,73.104
1504.28025,6.64769746195897,65.279,69.606,68.272,67.31,73.225
1502.35169,6.65623107196691,65.303,69.634,68.318,67.412,73.26
1500.42313,6.66478661922521,65.293,69.618,68.255,67.361,73.24
1498.49456,6.67336423296725,65.236,69.587,68.126,67.258,73.201
1496.566,6.68196390937653,65.149,69.571,68.043,67.247,73.169
1494.63743,6.69058582321199,65.079,69.563,68.041,67.285,73.146
1492.70887,6.69922997107936,64.998,69.496,67.971,67.189,73.1
1490.7803,6.70789652908615,64.879,69.358,67.801,66.97,73.008
1488.85174,6.71658549426822,64.803,69.286,67.728,66.887,72.934
1486.92317,6.72529704409677,64.818,69.343,67.825,67.007,72.94
1484.99461,6.73403117604582,64.832,69.398,67.895,67.093,72.961
1483.06605,6.74278802350037,64.791,69.397,67.868,67.086,72.948
1481.13748,6.75156772077633,64.689,69.332,67.78,67.017,72.905
1479.20892,6.7603702660203,64.579,69.234,67.684,66.914,72.853
1477.28035,6.76919584018024,64.493,69.126,67.567,66.764,72.774
1475.35179,6.77804444186156,64.404,69.006,67.408,66.577,72.649
1473.42322,6.78691625343057,64.302,68.897,67.255,66.44,72.515
1471.49466,6.79581127396004,64.216,68.848,67.2,66.446,72.442
1469.5661,6.8047296409464,64.124,68.825,67.191,66.481,72.41
1467.63753,6.81367149285151,63.998,68.759,67.115,66.41,72.352
1465.70897,6.82263682946554,63.843,68.622,66.961,66.238,72.257
1463.7804,6.83162583677169,63.717,68.472,66.839,66.083,72.169
1461.85184,6.84063851504952,63.653,68.362,66.764,65.968,72.108
1459.92327,6.84967505175803,63.568,68.208,66.591,65.78,72.018
1457.99471,6.85873544767525,63.339,67.909,66.244,65.47,71.826
1456.06614,6.867819891753,63.078,67.695,66.044,65.303,71.669
1454.13758,6.876928385277,62.979,67.702,66.084,65.321,71.631
1452.20902,6.88606107129124,62.9,67.691,66.075,65.266,71.561
1450.28045,6.89521809385213,62.767,67.587,65.968,65.093,71.435
1448.35189,6.90439945502471,62.595,67.442,65.819,64.9,71.288
1446.42332,6.91360534756865,62.43,67.327,65.69,64.795,71.158
1444.49476,6.92283577408062,62.298,67.229,65.568,64.722,71.052
1442.56619,6.93209092887447,62.172,67.096,65.416,64.596,70.943
1440.63763,6.94137081508832,62.038,66.943,65.236,64.431,70.825
1438.70906,6.95067562860833,61.889,66.779,65.03,64.223,70.683
1436.7805,6.96000537312415,61.677,66.562,64.816,63.978,70.497
1434.85194,6.96936019754066,61.458,66.36,64.663,63.842,70.335
1432.92337,6.97874025182519,61.295,66.191,64.518,63.757,70.204
1430.99481,6.98814554051388,61.124,65.989,64.318,63.598,70.04
1429.06624,6.99757626350476,60.937,65.794,64.145,63.417,69.877
1427.13768,7.00703242591142,60.764,65.64,64.033,63.267,69.755
1425.20911,7.01651422926984,60.585,65.484,63.903,63.103,69.632
1423.28055,7.02602167928172,60.4,65.328,63.733,62.932,69.5
1421.35198,7.03555497914036,60.221,65.168,63.527,62.752,69.36
1419.42342,7.04511413514651,60.01,64.954,63.261,62.504,69.156
1417.49486,7.0546993024017,59.804,64.759,63.074,62.331,68.946
1415.56629,7.06431063712318,59.655,64.626,63.015,62.282,68.814
1413.63773,7.07394814653115,59.509,64.477,62.936,62.173,68.687
1411.70916,7.08361203804897,59.35,64.315,62.785,61.983,68.533
1409.7806,7.09330231952405,59.167,64.147,62.585,61.798,68.366
1407.85203,7.10301920010727,58.951,63.955,62.367,61.624,68.19
1405.92347,7.11276268828488,58.717,63.739,62.133,61.435,68.001
1403.9949,7.12253299495604,58.505,63.534,61.93,61.262,67.828
1402.06634,7.13233012925765,58.353,63.372,61.784,61.101,67.683
1400.13778,7.14215425284789,58.231,63.218,61.626,60.913,67.514
1398.20921,7.15200552855749,58.074,63.035,61.443,60.726,67.314
1396.28065,7.16188396652206,57.851,62.839,61.274,60.57,67.158
1394.35208,7.17178978210439,57.617,62.688,61.132,60.451,67.056
1392.42352,7.18172298612135,57.454,62.589,61.018,60.352,66.94
1390.49495,7.1916837957592,57.328,62.479,60.884,60.21,66.79
1388.56639,7.20167222252874,57.157,62.33,60.71,60.019,66.623
1386.63782,7.21168848546191,56.965,62.18,60.553,59.865,66.475
1384.70926,7.22173259677631,56.842,62.047,60.443,59.788,66.375
1382.7807,7.23180472507318,56.754,61.899,60.328,59.695,66.28
1380.85213,7.24190504018704,56.636,61.755,60.212,59.542,66.155
1378.92357,7.25203355542034,56.494,61.642,60.111,59.379,66.027
1376.995,7.26219049451886,56.363,61.529,59.987,59.261,65.928
1375.06644,7.27237587152516,56.231,61.387,59.816,59.176,65.83
1373.13787,7.2825899121113,56.087,61.25,59.676,59.088,65.704
1371.20931,7.29283263107366,55.975,61.132,59.609,58.989,65.577
1369.28074,7.30310425603445,55.89,61.008,59.541,58.883,65.459
1367.35218,7.31340480255789,55.794,60.898,59.434,58.781,65.354
1365.42362,7.32373444660347,55.683,60.796,59.299,58.662,65.254
1363.49505,7.33409336542879,55.582,60.68,59.168,58.529,65.145
1361.56649,7.34448157577674,55.508,60.593,59.101,58.478,65.052
1359.63792,7.35489931025166,55.463,60.535,59.087,58.5,64.986
1357.70936,7.3653465864005,55.419,60.454,59.051,58.486,64.932
1355.78079,7.37582363886422,55.345,60.362,58.966,58.42,64.882
1353.85223,7.3863304860088,55.248,60.298,58.871,58.349,64.828
1351.92366,7.39686736453743,55.148,60.244,58.797,58.286,64.744
1349.9951,7.4074342936504,55.061,60.19,58.745,58.221,64.652
1348.06654,7.4180314571119,54.987,60.143,58.708,58.159,64.607
1346.13797,7.42865904005367,54.917,60.086,58.649,58.104,64.578
1344.20941,7.43931706295673,54.864,60.019,58.564,58.057,64.515
1342.28084,7.45000576779447,54.814,59.931,58.471,57.968,64.418
1340.35228,7.46072517592166,54.725,59.823,58.362,57.83,64.308
1338.42371,7.47147553146679,54.628,59.738,58.275,57.759,64.236
1336.49515,7.48225685667472,54.577,59.699,58.256,57.772,64.218
1334.56659,7.49306934171041,54.533,59.659,58.264,57.769,64.209
1332.63802,7.50391317816372,54.464,59.585,58.245,57.722,64.162
1330.70946,7.51478838964593,54.387,59.493,58.191,57.638,64.084
1328.78089,7.52569522579453,54.312,59.409,58.125,57.544,64
1326.85233,7.53663371115307,54.249,59.344,58.057,57.485,63.93
1324.92376,7.54760409761238,54.195,59.291,57.976,57.459,63.879
1322.9952,7.55860641066574,54.131,59.238,57.887,57.427,63.825
1321.06663,7.5696409044864,54.066,59.173,57.797,57.36,63.737
1319.13807,7.58070760553518,53.997,59.093,57.713,57.273,63.627
1317.20951,7.59180671266183,53.904,59,57.648,57.202,63.552
1315.28094,7.60293842621942,53.784,58.906,57.579,57.141,63.504
1313.35238,7.61410277415419,53.662,58.822,57.496,57.071,63.432
1311.42381,7.62530001647599,53.554,58.742,57.434,56.999,63.336
1309.49525,7.63653018214461,53.47,58.653,57.396,56.935,63.253
1307.56668,7.64779353355808,53.414,58.573,57.355,56.879,63.206
1305.63812,7.65909010070876,53.364,58.522,57.295,56.824,63.174
1303.70955,7.67042014841419,53.302,58.483,57.224,56.764,63.12
1301.78099,7.68178370771876,53.24,58.425,57.158,56.7,63.042
1299.85243,7.69318098670632,53.18,58.344,57.1,56.627,62.968
1297.92386,7.70461219504818,53.115,58.267,57.042,56.553,62.918
1295.9953,7.71607736540403,53.054,58.203,56.977,56.508,62.878
1294.06673,7.7275767687807,52.995,58.143,56.911,56.509,62.831
1292.13817,7.73911043894014,52.931,58.091,56.85,56.505,62.761
1290.2096,7.75067864942255,52.86,58.037,56.797,56.444,62.668
1288.28104,7.76228143511295,52.792,57.963,56.76,56.366,62.607
1286.35247,7.7739190721187,52.739,57.886,56.728,56.327,62.595
1284.42391,7.78559159646911,52.697,57.827,56.692,56.311,62.564
1282.49535,7.79729922607517,52.656,57.78,56.66,56.278,62.501
1280.56678,7.80904218052572,52.623,57.74,56.638,56.221,62.45
1278.63822,7.82082049760721,52.604,57.721,56.619,56.168,62.412
1276.70965,7.83263445999645,52.58,57.713,56.591,56.129,62.356
1274.78109,7.84448410667906,52.531,57.677,56.541,56.075,62.283
1272.85252,7.8563697230218,52.462,57.607,56.47,56.011,62.209
1270.92396,7.86829134923226,52.381,57.513,56.379,55.963,62.124
1268.99539,7.88024927340359,52.278,57.394,56.269,55.894,62.006
1267.06683,7.8922435369885,52.154,57.267,56.15,55.774,61.858
1265.13827,7.90427436836608,52.021,57.134,56.012,55.63,61.692
1263.2097,7.91634199769049,51.891,56.97,55.84,55.478,61.524
1261.28114,7.92844646832664,51.753,56.789,55.662,55.311,61.355
1259.35257,7.94058807534732,51.592,56.615,55.504,55.134,61.168
1257.42401,7.95276686342263,51.426,56.452,55.357,54.96,60.972
1255.49544,7.96498313048433,51.262,56.293,55.186,54.778,60.773
1253.56688,7.97723692253261,51.083,56.099,54.97,54.555,60.543
1251.63831,7.98952854039759,50.904,55.855,54.738,54.317,60.313
1249.70975,8.0018580314349,50.739,55.613,54.536,54.123,60.13
1247.78119,8.01422563518529,50.587,55.441,54.37,53.975,59.971
1245.85262,8.02663159306917,50.454,55.347,54.227,53.844,59.821
1243.92406,8.03907595452411,50.338,55.281,54.107,53.723,59.715
1241.99549,8.05155902780291,50.25,55.198,54.025,53.627,59.662
1240.06693,8.06408086376435,50.211,55.122,53.997,53.579,59.64
1238.13836,8.0766417737029,50.203,55.102,54.017,53.582,59.646
1236.2098,8.08924180992579,50.191,55.127,54.03,53.607,59.67
1234.28123,8.10188128681176,50.154,55.128,54.001,53.625,59.701
1232.35267,8.11456025814429,50.106,55.095,53.951,53.6,59.739
1230.42411,8.12727897537704,50.053,55.071,53.901,53.54,59.782
1228.49554,8.14003769195613,49.974,55.061,53.862,53.49,59.838
1226.56698,8.15283646393286,49.851,55.042,53.823,53.435,59.894
1224.63841,8.16567561358785,49.695,54.989,53.748,53.334,59.906
1222.70985,8.17855519852073,49.552,54.889,53.626,53.199,59.865
1220.78128,8.19147554425147,49.409,54.74,53.469,53.038,59.777
1218.85272,8.20443670995787,49.197,54.545,53.277,52.846,59.644
1216.92415,8.21743902444536,48.91,54.333,53.047,52.624,59.494
1214.99559,8.23048254850045,48.593,54.118,52.796,52.356,59.322
1213.06703,8.24356754630451,48.255,53.856,52.528,52.028,59.097
1211.13846,8.25669428415311,47.9,53.527,52.215,51.67,58.852
1209.2099,8.26986282530436,47.532,53.177,51.863,51.298,58.62
1207.28133,8.28307350698449,47.118,52.829,51.501,50.895,58.356
1205.35277,8.29632639413937,46.663,52.446,51.116,50.467,58.018
1203.4242,8.30962182744871,46.202,51.997,50.681,50.047,57.65
1201.49564,8.3229598735789,45.706,51.516,50.198,49.634,57.28
1199.56708,8.33634080721855,45.166,51.046,49.688,49.182,56.876
1197.63851,8.34976490527179,44.637,50.606,49.185,48.672,56.454
1195.70995,8.36323223704879,44.121,50.169,48.697,48.142,56.043
1193.78138,8.37674315208368,43.579,49.676,48.193,47.617,55.627
1191.85282,8.39029772149216,43.039,49.127,47.671,47.09,55.206
1189.92425,8.40389629844085,42.499,48.558,47.126,46.543,54.769
1187.99569,8.41753895588628,41.908,47.975,46.554,45.964,54.234
1186.06712,8.43122605068084,41.28,47.372,45.98,45.36,53.608
1184.13856,8.4449576576579,40.647,46.765,45.385,44.745,53.012
1182.21,8.4587340658597,40.006,46.166,44.745,44.109,52.481
1180.28143,8.47255556668379,39.371,45.58,44.106,43.458,51.972
1178.35287,8.48642223784799,38.758,45.001,43.517,42.84,51.473
1176.4243,8.50033444565877,38.141,44.398,42.944,42.271,50.975
1174.49574,8.51429226980423,37.477,43.762,42.346,41.683,50.454
1172.56717,8.52829608047102,36.785,43.111,41.711,41.03,49.886
1170.63861,8.54234595935632,36.108,42.453,41.035,40.337,49.29
1168.71004,8.55644228058484,35.469,41.805,40.346,39.651,48.7
1166.78148,8.57058512790244,34.856,41.187,39.707,39.006,48.085
1164.85292,8.58477480573256,34.242,40.598,39.107,38.382,47.439
1162.92435,8.59901162100527,33.62,40.001,38.462,37.742,46.812
1160.99579,8.61329566061562,32.989,39.366,37.775,37.09,46.2
1159.06722,8.62762730879405,32.324,38.712,37.118,36.424,45.573
1157.13866,8.6420066545871,31.642,38.058,36.484,35.74,44.915
1155.21009,8.65643408637471,30.975,37.379,35.832,35.067,44.249
1153.28153,8.67090969539762,30.302,36.677,35.165,34.423,43.617
1151.35296,8.68543387424826,29.617,35.991,34.489,33.769,43.008
1149.4244,8.70000671640519,28.949,35.322,33.789,33.091,42.394
1147.49584,8.7146285427928,28.292,34.644,33.081,32.42,41.766
1145.56727,8.72929967700631,27.63,33.937,32.392,31.767,41.111
1143.63871,8.74402021596489,26.96,33.213,31.71,31.108,40.437
1141.71014,8.75879056307585,26.282,32.515,31.034,30.425,39.756
1139.78158,8.77361081760946,25.596,31.831,30.357,29.726,39.065
1137.85301,8.78848138741576,24.907,31.133,29.615,29.03,38.345
1135.92445,8.80340237416318,24.222,30.435,28.819,28.316,37.597
1133.99588,8.81837419021311,23.544,29.719,28.081,27.571,36.853
1132.06732,8.83339693968023,22.854,28.953,27.407,26.813,36.12
1130.13876,8.84847096121188,22.135,28.15,26.69,26.034,35.351
1128.21019,8.86359659630445,21.405,27.352,25.911,25.242,34.512
1126.28163,8.87877395283452,20.663,26.558,25.117,24.472,33.63
1124.35306,8.89400345475113,19.907,25.767,24.314,23.711,32.752
1122.4245,8.90928521250204,19.163,24.957,23.498,22.902,31.878
1120.49593,8.92461965479875,18.42,24.069,22.687,22.037,30.971
1118.56737,8.94000689471212,17.635,23.129,21.878,21.168,30.041
1116.6388,8.95544736579098,16.845,22.226,21.02,20.326,29.107
1114.71024,8.97094118378243,16.117,21.364,20.106,19.508,28.141
1112.78168,8.98648870639208,15.435,20.513,19.214,18.713,27.144
1110.85311,9.00209029436845,14.791,19.696,18.41,17.942,26.146
1108.92455,9.01774606757511,14.204,18.908,17.681,17.204,25.186
1106.99598,9.03345647199189,13.679,18.156,17.024,16.537,24.281
1105.06742,9.04922163029655,13.278,17.526,16.478,15.984,23.42
1103.13885,9.06504199358041,13.041,17.071,16.081,15.575,22.657
1101.21029,9.08091768739284,12.987,16.792,15.872,15.359,22.095
1099.28172,9.09684916801855,13.144,16.688,15.84,15.362,21.726
1097.35316,9.11283656393718,13.485,16.774,15.956,15.566,21.506
1095.4246,9.1288802533739,13.988,17.082,16.257,15.953,21.48
1093.49603,9.14498061780801,14.647,17.59,16.767,16.503,21.675
1091.56747,9.16113779022748,15.432,18.218,17.425,17.175,22.045
1089.6389,9.17735224026969,16.297,18.9,18.193,17.927,22.553
1087.71034,9.19362410400548,17.207,19.649,19.072,18.756,23.176
1085.78177,9.20995385656549,18.149,20.494,20.004,19.667,23.866
1083.85321,9.2263416371669,19.112,21.393,20.934,20.639,24.582
1081.92464,9.24278792652324,20.096,22.307,21.858,21.607,25.343
1079.99608,9.259292867063,21.084,23.21,22.771,22.503,26.173
1078.06752,9.27585685913253,22.027,24.084,23.657,23.357,27.018
1076.13895,9.29248030656264,22.885,24.945,24.515,24.221,27.84
1074.21039,9.30916335672382,23.683,25.794,25.337,25.066,28.664
1072.28182,9.32590650469109,24.471,26.602,26.111,25.859,29.474
1070.35326,9.34270990121523,25.249,27.388,26.859,26.646,30.221
1068.42469,9.35957404728264,25.966,28.169,27.594,27.438,30.904
1066.49613,9.37649909709471,26.625,28.908,28.321,28.189,31.57
1064.56756,9.39348555764747,27.298,29.595,29.081,28.916,32.264
1062.639,9.4105335866649,27.986,30.249,29.827,29.631,32.965
1060.71044,9.42764360837252,28.634,30.886,30.463,30.294,33.636
1058.78187,9.44481605073196,29.227,31.516,31.026,30.881,34.265
1056.85331,9.46205107688976,29.771,32.112,31.578,31.405,34.824
1054.92474,9.47934920930947,30.274,32.65,32.118,31.9,35.32
1052.99618,9.49671061484763,30.752,33.14,32.643,32.376,35.817
1051.06761,9.51413582233782,31.21,33.609,33.129,32.833,36.326
1049.13905,9.53162500242461,31.662,34.096,33.56,33.285,36.817
1047.21049,9.54917859923271,32.113,34.607,33.97,33.723,37.311
1045.28192,9.56679706083504,32.51,35.075,34.366,34.155,37.789
1043.35336,9.58448056370854,32.815,35.453,34.751,34.577,38.211
1041.42479,9.60222965308902,33.096,35.793,35.141,34.935,38.597
1039.49623,9.62004450944474,33.426,36.166,35.541,35.235,38.966
1037.56766,9.63792568476932,33.774,36.539,35.918,35.572,39.327
1035.6391,9.65587336360707,34.088,36.844,36.219,35.949,39.684
1033.71053,9.67388810482563,34.361,37.114,36.441,36.257,40.007
1031.78197,9.69197009713205,34.602,37.378,36.637,36.489,40.298
1029.85341,9.71011981210025,34.822,37.6,36.887,36.721,40.611
1027.92484,9.72833772554811,35.004,37.785,37.182,36.965,40.905
1025.99628,9.74662403259396,35.125,37.977,37.397,37.164,41.095
1024.06771,9.76497930981536,35.216,38.15,37.505,37.271,41.226
1022.13915,9.78340375671943,35.319,38.262,37.601,37.32,41.375
1020.21058,9.80189795718449,35.424,38.333,37.704,37.377,41.5
1018.28202,9.82046211520066,35.471,38.394,37.757,37.442,41.545
1016.35345,9.83909682207504,35.404,38.427,37.741,37.456,41.538
1014.42489,9.85780228637726,35.243,38.383,37.684,37.391,41.508
1012.49633,9.87657900942713,35.084,38.267,37.595,37.283,41.435
1010.56776,9.89542749711311,34.981,38.142,37.459,37.188,41.337
1008.6392,9.91434796506025,34.873,38.018,37.279,37.101,41.233
1006.71063,9.93334102372595,34.68,37.86,37.073,36.934,41.091
1004.78207,9.95240689356648,34.403,37.649,36.854,36.653,40.903
1002.8535,9.97154619293845,34.107,37.386,36.608,36.32,40.695
1000.92494,9.99075914723436,33.788,37.111,36.324,35.985,40.47
998.99637,10.0100463828512,33.401,36.815,36.025,35.644,40.206
997.06781,10.0294081302254,33.013,36.443,35.724,35.289,39.89
995.13925,10.0488449229593,32.687,36.016,35.39,34.921,39.544
993.21068,10.0683572995812,32.376,35.612,35.017,34.569,39.204
991.28212,10.0879454983007,32.024,35.262,34.658,34.232,38.886
989.35355,10.1076101662545,31.647,34.949,34.309,33.871,38.576
987.42499,10.1273515469767,31.3,34.644,33.94,33.53,38.274
985.49642,10.147170296164,31.007,34.321,33.594,33.258,37.971
983.56786,10.1670666627923,30.725,33.989,33.284,32.995,37.637
981.63929,10.1870413112743,30.426,33.705,32.98,32.723,37.305
979.71073,10.2070944961479,30.138,33.472,32.693,32.468,37.033
977.78217,10.2272267861051,29.868,33.234,32.432,32.199,36.812
975.8536,10.2474387551575,29.63,33.012,32.194,31.923,36.604
973.92504,10.2677306664176,29.454,32.81,31.978,31.696,36.393
971.99647,10.2881032067946,29.314,32.618,31.789,31.508,36.194
970.06791,10.3085566452765,29.162,32.471,31.642,31.338,36.039
968.13934,10.3290916780636,29.004,32.355,31.523,31.208,35.894
966.21078,10.3497085801506,28.894,32.233,31.418,31.125,35.726
964.28221,10.3704080572014,28.85,32.133,31.34,31.071,35.604
962.35365,10.3911903903518,28.826,32.083,31.296,31.031,35.573
960.42509,10.4120561864955,28.8,32.064,31.271,30.955,35.562
958.49652,10.4330060582797,28.766,32.051,31.235,30.841,35.527
956.56796,10.454040296311,28.714,32.024,31.194,30.778,35.493
954.63939,10.4751596306957,28.688,31.995,31.194,30.8,35.466
952.71083,10.4963643585326,28.726,32.023,31.242,30.872,35.45
950.78226,10.517655220029,28.793,32.097,31.302,30.973,35.458
948.8537,10.5390325189226,28.851,32.134,31.36,31.065,35.465
946.92513,10.5604970057136,28.886,32.128,31.417,31.116,35.448
944.99657,10.5820489909291,28.907,32.131,31.48,31.162,35.444
943.06801,10.6036891231206,28.959,32.176,31.558,31.235,35.505
941.13944,10.6254180570735,29.058,32.246,31.648,31.296,35.598
939.21088,10.6472361137895,29.175,32.325,31.727,31.327,35.654
937.28231,10.6691440703709,29.284,32.422,31.799,31.358,35.683
935.35375,10.6911422550025,29.389,32.527,31.871,31.409,35.739
933.42518,10.7132314557874,29.48,32.618,31.927,31.488,35.814
931.49662,10.7354120082583,29.563,32.699,31.967,31.615,35.879
929.56805,10.7576847117325,29.687,32.784,32.024,31.769,35.965
927.63949,10.7800499092595,29.843,32.873,32.122,31.904,36.098
925.71093,10.802508294895,29.962,32.952,32.246,31.99,36.212
923.78236,10.8250605694614,30.044,33.033,32.365,32.044,36.27
921.8538,10.8477070876098,30.147,33.155,32.448,32.132,36.355
919.92523,10.8704486776605,30.253,33.303,32.506,32.253,36.511
917.99667,10.8932857022237,30.307,33.416,32.613,32.343,36.636
916.0681,10.9162190016223,30.358,33.483,32.764,32.386,36.677
914.13954,10.9392489466105,30.451,33.548,32.879,32.423,36.716
912.21098,10.9623762695775,30.549,33.626,32.951,32.531,36.802
910.28241,10.985601710133,30.643,33.675,32.991,32.717,36.895
908.35385,11.0089256516059,30.738,33.683,33.007,32.87,36.948
906.42528,11.0323489653775,30.809,33.715,33.046,32.915,36.968
904.49672,11.0558720434055,30.843,33.809,33.103,32.915,37.012
902.56815,11.0794957699316,30.872,33.919,33.141,32.946,37.099
900.63959,11.1032205457457,30.911,33.989,33.195,33.002,37.191
898.71102,11.1270472682086,30.924,34.027,33.291,33.027,37.265
896.78246,11.1509763471511,30.907,34.072,33.371,33.014,37.327
894.8539,11.1750085684378,30.925,34.12,33.388,32.993,37.389
892.92533,11.199144725797,30.991,34.149,33.377,32.981,37.439
890.99677,11.2233852430239,31.042,34.158,33.395,33.007,37.465
889.0682,11.2477310514536,31.087,34.16,33.437,33.064,37.488
887.13964,11.2721825844689,31.141,34.148,33.465,33.089,37.499
885.21107,11.2967407874825,31.146,34.124,33.489,33.11,37.478
883.28251,11.3214061036938,31.107,34.117,33.527,33.163,37.458
881.35394,11.3461794928834,31.088,34.141,33.553,33.172,37.442
879.42538,11.3710614083028,31.086,34.173,33.568,33.144,37.417
877.49682,11.3960526945271,31.066,34.187,33.578,33.142,37.414
875.56825,11.4211542047122,31.034,34.162,33.526,33.118,37.415
873.63969,11.4463664076434,31.039,34.106,33.417,33.08,37.375
871.71112,11.4716903003371,31.077,34.065,33.333,33.083,37.35
869.78256,11.4971263622485,31.065,34.057,33.28,33.074,37.387
867.85399,11.5226756058355,31.009,34.042,33.227,32.994,37.396
865.92543,11.5483385214822,30.955,33.999,33.203,32.885,37.325
863.99686,11.5741161374128,30.868,33.949,33.219,32.797,37.233
862.0683,11.6000089552069,30.747,33.892,33.218,32.727,37.156
860.13974,11.6260178840243,30.656,33.832,33.181,32.693,37.091
858.21117,11.6521438424065,30.624,33.797,33.13,32.704,37.052
856.28261,11.6783873492421,30.61,33.769,33.051,32.695,37.026
854.35404,11.7047494736491,30.562,33.717,32.944,32.631,36.984
852.42548,11.7312307464108,30.465,33.647,32.831,32.527,36.955
850.49691,11.7578322536175,30.338,33.559,32.731,32.42,36.932
848.56835,11.7845545382408,30.225,33.455,32.704,32.329,36.856
846.63978,11.8113987037084,30.121,33.351,32.741,32.237,36.731
844.71122,11.8383653054827,30.011,33.237,32.711,32.141,36.603
842.78266,11.8654553239147,29.918,33.102,32.541,32.037,36.529
840.85409,11.8926697496352,29.84,32.975,32.304,31.902,36.484
838.92553,11.9200091574278,29.742,32.871,32.112,31.746,36.359
836.99696,11.9474746957265,29.621,32.721,31.986,31.595,36.179
835.0684,11.9750669525993,29.493,32.514,31.849,31.443,36.036
833.13983,12.0027870951747,29.339,32.341,31.671,31.272,35.864
831.21127,12.0306357251388,29.173,32.212,31.504,31.091,35.619
829.2827,12.0586140287263,29.042,32.049,31.352,30.92,35.406
827.35414,12.086722621585,28.903,31.864,31.198,30.773,35.277
825.42558,12.1149625627061,28.698,31.738,31.075,30.65,35.164
823.49701,12.1433349223697,28.491,31.617,30.957,30.532,35.009
821.56845,12.1718403378319,28.379,31.441,30.786,30.414,34.825
819.63988,12.200480044968,28.331,31.274,30.585,30.283,34.666
817.71132,12.2292546958993,28.248,31.15,30.415,30.126,34.558
815.78275,12.2581655471386,28.117,31.055,30.325,29.997,34.457
813.85419,12.287213266052,27.974,30.967,30.286,29.927,34.329
811.92562,12.3163991302553,27.833,30.835,30.213,29.849,34.205
809.99706,12.3457238227507,27.723,30.692,30.082,29.707,34.102
808.0685,12.3751884895897,27.661,30.579,29.936,29.548,33.993
806.13993,12.4047942892495,27.57,30.466,29.795,29.415,33.872
804.21137,12.4345419289459,27.416,30.356,29.667,29.3,33.749
802.2828,12.4644327411731,27.298,30.263,29.553,29.173,33.61
800.35424,12.4944674498132,27.23,30.17,29.431,29.024,33.456
798.42567,12.5246474101966,27.11,30.077,29.314,28.903,33.342
796.49711,12.5549733633057,26.956,30.005,29.249,28.857,33.285
794.56854,12.5854466878339,26.88,29.942,29.21,28.842,33.234
792.63998,12.616068142311,26.86,29.846,29.123,28.801,33.145
790.71142,12.6468389693929,26.785,29.73,28.965,28.729,32.99
788.78285,12.6777604254454,26.654,29.632,28.793,28.605,32.806
786.85429,12.7088332961875,26.515,29.507,28.685,28.45,32.642
784.92572,12.7400590211262,26.373,29.342,28.641,28.349,32.507
782.99716,12.7714384047064,26.252,29.227,28.585,28.293,32.418
781.06859,12.8029729117644,26.166,29.148,28.466,28.174,32.332
779.14003,12.8346633659677,26.051,29,28.31,27.979,32.208
777.21147,12.8665110925344,25.861,28.799,28.163,27.797,32.083
775.2829,12.8985174315079,25.649,28.645,28.015,27.657,31.936
773.35434,12.9306832363545,25.5,28.537,27.855,27.566,31.749
771.42577,12.9630100378939,25.421,28.413,27.698,27.5,31.607
769.49721,12.9954987101253,25.339,28.264,27.533,27.365,31.507
767.56864,13.0281508113724,25.204,28.093,27.352,27.137,31.342
765.64008,13.0609672367204,25.038,27.92,27.169,26.891,31.12
763.71151,13.09394957266,24.872,27.775,27.008,26.705,30.942
761.78295,13.1270987359326,24.698,27.605,26.877,26.602,30.839
759.85439,13.160416168682,24.526,27.402,26.738,26.499,30.711
757.92582,13.1939033294841,24.414,27.285,26.595,26.336,30.509
755.99726,13.2275611686741,24.338,27.241,26.485,26.192,30.334
754.06869,13.2613913461916,24.195,27.124,26.377,26.093,30.218
752.14013,13.2953948355342,24.004,26.948,26.225,25.95,30.109
750.21156,13.3295733272892,23.853,26.814,26.037,25.778,29.988
748.283,13.3639278187531,23.721,26.674,25.845,25.65,29.809
746.35443,13.3984600319181,23.591,26.477,25.675,25.513,29.562
744.42587,13.4331709885364,23.507,26.29,25.509,25.31,29.336
742.49731,13.4680622613973,23.412,26.133,25.338,25.118,29.219
740.56874,13.5031354415527,23.246,25.981,25.203,24.99,29.161
738.64018,13.5383915887164,23.09,25.859,25.091,24.877,29.059
736.71161,13.5738325068611,23.004,25.761,25.001,24.768,28.926
734.78305,13.6094592818928,22.949,25.652,24.958,24.669,28.803
732.85448,13.6452737520278,22.856,25.532,24.882,24.542,28.682
730.92592,13.681277030099,22.677,25.413,24.714,24.385,28.553
728.99735,13.717470989435,22.498,25.284,24.51,24.225,28.394
727.06879,13.753856770554,22.413,25.107,24.328,24.065,28.234
725.14023,13.7904360926162,22.337,24.887,24.21,23.901,28.129
723.21166,13.8272106951373,22.184,24.697,24.147,23.761,27.989
721.2831,13.8641817616412,22.012,24.579,24.038,23.643,27.719
719.35453,13.9013512572167,21.872,24.505,23.838,23.517,27.413
717.42597,13.9387203950813,21.733,24.406,23.658,23.393,27.207
715.4974,13.9762911786961,21.565,24.266,23.555,23.274,27.122
713.56884,14.0140648518228,21.379,24.119,23.445,23.156,27.094
711.64027,14.0520434572934,21.19,23.958,23.277,23.047,27.024
709.71171,14.090228270293,21.027,23.752,23.079,22.914,26.864
707.78315,14.1286211744374,20.918,23.535,22.879,22.729,26.663
705.85458,14.1672240760979,20.825,23.378,22.714,22.504,26.449
703.92602,14.2060382993088,20.68,23.299,22.59,22.273,26.221
701.99745,14.2450659899121,20.488,23.235,22.464,22.104,26.057
700.06889,14.2843085056958,20.338,23.115,22.366,22.026,26.009
698.14032,14.3237680356293,20.249,22.974,22.286,21.969,25.964
696.21176,14.3634459722427,20.132,22.869,22.12,21.889,25.811
694.28319,14.4033445487856,19.985,22.747,21.894,21.817,25.568
692.35463,14.4434651935526,19.887,22.568,21.716,21.719,25.312
690.42607,14.4838099754837,19.829,22.385,21.624,21.523,25.112
688.4975,14.5243809890377,19.766,22.241,21.559,21.27,24.976
686.56894,14.5651797181504,19.69,22.108,21.406,21.042,24.823
684.64037,14.6062085120689,19.572,21.954,21.224,20.873,24.674
682.71181,14.6474688932069,19.409,21.824,21.154,20.785,24.634
680.78324,14.6889632594363,19.301,21.796,21.17,20.784,24.643
678.85468,14.730693172801,19.334,21.86,21.165,20.872,24.636
676.92611,14.7726610811334,19.44,21.921,21.119,20.987,24.646
674.99755,14.8148685873008,19.493,21.924,21.109,20.988,24.657
673.06899,14.8573179697374,19.483,21.871,21.116,20.914,24.648
671.14042,14.9000115355889,19.471,21.784,21.017,20.872,24.59
669.21186,14.9429509512877,19.535,21.767,20.76,20.813,24.441
667.28329,14.986138795713,19.603,21.943,20.649,20.767,24.385
665.35473,15.0295767792919,19.546,22.039,20.755,20.791,24.436
663.42616,15.0732675359078,19.506,21.947,20.852,20.826,24.394
661.4976,15.1172128213315,19.505,21.762,20.948,20.879,24.286
659.56903,15.1614153260046,19.486,21.645,21.026,20.89,24.256
657.64047,15.2058768524388,19.464,21.579,21.048,20.789,24.318
655.71191,15.2505999166616,19.426,21.516,20.995,20.628,24.395
653.78334,15.2955870671162,19.339,21.511,20.898,20.538,24.478
651.85478,15.3408401791577,19.282,21.561,20.873,20.591,24.526
649.92621,15.3863620917827,19.282,21.563,20.93,20.644,24.438
647.99765,15.4321547308081,19.252,21.428,20.946,20.585,24.231
646.06908,15.4782209976679,19.177,21.26,20.882,20.514,24.032
644.14052,15.5245628702259,19.079,21.216,20.788,20.432,23.869
642.21195,15.5711833141691,18.976,21.286,20.7,20.323,23.706
640.28339,15.6180843610514,18.934,21.302,20.646,20.233,23.605
638.35483,15.6652687972926,18.939,21.157,20.575,20.083,23.581
636.42626,15.7127394460436,18.86,20.98,20.362,19.906,23.557
634.4977,15.7604984226105,18.688,20.919,20.13,19.82,23.551
632.56913,15.8085488616873,18.589,20.851,20.093,19.742,23.55
630.64057,15.8568929366533,18.57,20.657,20.16,19.622,23.405
628.712,15.9055338533383,18.487,20.492,20.137,19.517,23.133
626.78344,15.9544738450652,18.364,20.422,19.976,19.464,23.002
624.85488,16.0037159348103,18.329,20.291,19.792,19.479,23.063
622.92631,16.0532631861383,18.356,20.103,19.67,19.466,23.012
620.99775,16.1031179259506,18.244,19.967,19.534,19.328,22.781
619.06918,16.1532835474058,17.886,19.825,19.305,19.096,22.569
617.14062,16.2037624423426,17.546,19.626,19.052,18.938,22.373
615.21205,16.2545580828594,17.473,19.52,18.964,18.968,22.139
613.28349,16.3056729278657,17.476,19.547,19.051,18.968,21.944
611.35492,16.357110530819,17.334,19.512,19.115,18.698,21.803
609.42636,16.4088734199157,17.07,19.308,18.952,18.284,21.647
607.4978,16.4609649615192,16.819,19.031,18.562,18.023,21.34
605.56923,16.5133885683062,16.71,18.791,18.198,18.006,20.993
603.64067,16.5661468767504,16.743,18.634,17.959,18.042,20.891
601.7121,16.6192436548974,16.656,18.57,17.719,17.923,20.969
599.78354,16.6726816144371,16.28,18.568,17.596,17.704,21.029
