7496.32994,1.33398610787401,46.689,51.733,51.013,49.85,48.742
7494.40137,1.33432938887286,46.626,51.794,50.522,49.82,49.062
7492.47281,1.3346728448121,46.537,51.927,49.876,49.602,49.309
7490.54424,1.33501647939002,46.503,52.055,49.53,49.498,49.183
7488.61568,1.33536028917964,46.712,52.081,49.737,49.584,48.795
7486.68711,1.3357042778832,47.112,52.1,50.256,49.622,48.5
7484.75855,1.33604844207032,47.136,52.428,50.568,49.477,48.398
7482.82999,1.33639278366125,46.934,52.878,50.733,49.268,48.248
7480.90142,1.33673730458007,46.928,52.989,51.079,49.034,48.31
7478.97286,1.3370820013913,46.771,52.613,51.174,48.91,48.703
7477.04429,1.33742687780709,46.446,51.977,50.723,49.291,48.832
7475.11573,1.33777193038856,46.371,51.539,50.487,50.067,48.684
7473.18716,1.33811716285184,46.489,51.44,50.957,50.452,48.777
7471.2586,1.33846257175464,46.709,51.354,51.277,50.13,48.895
7469.33003,1.33880816081707,46.889,51.289,50.81,49.675,48.53
7467.40147,1.33915392659342,46.858,51.43,50.328,49.53,48.026
7465.47291,1.33949987101353,46.954,51.367,50.465,49.615,48.056
7463.54434,1.33984599601106,47.271,50.937,50.711,49.74,48.574
7461.61578,1.34019229813519,47.541,50.766,50.503,49.701,48.988
7459.68721,1.340538781116,47.766,51.311,50.174,49.572,49.077
7457.75865,1.34088544149924,47.854,52.093,50.307,49.653,49.105
7455.83008,1.34123228301898,47.756,52.32,50.777,49.788,48.997
7453.90152,1.34157930221756,47.668,52.265,50.945,49.623,48.737
7451.97295,1.34192650283305,47.481,52.589,50.733,49.408,48.929
7450.04439,1.34227388140435,47.295,53.059,50.755,49.717,49.398
7448.11583,1.34262143987092,47.483,53.066,51.102,50.384,49.349
7446.18726,1.34296918017611,47.655,52.331,51.13,50.738,48.963
7444.2587,1.34331709885364,47.545,51.637,50.741,50.591,48.784
7442.33013,1.34366519965166,47.668,51.92,50.432,50.212,48.807
7440.40157,1.34401347910043,47.933,52.557,50.398,49.97,48.866
7438.473,1.34436194095213,47.976,52.679,50.536,50.063,48.905
7436.54444,1.34471058173358,47.992,52.423,50.691,50.256,48.86
7434.61587,1.34505940520098,47.932,52.147,50.82,50.356,48.74
7432.68731,1.34540840787772,47.561,52.031,50.809,50.567,48.879
7430.75875,1.34575759171296,47.213,51.963,50.583,50.882,49.332
7428.83018,1.34610695865981,47.211,51.823,50.371,50.839,49.326
7426.90162,1.34645650523643,47.114,51.755,50.176,50.317,48.649
7424.97305,1.34680623520916,46.747,51.593,49.935,49.927,48.225
7423.04449,1.3471561450927,46.833,51.432,49.897,50.103,48.526
7421.11592,1.34750623865743,47.34,51.757,50.082,50.417,49.064
7419.18736,1.34785651241459,47.399,52.216,50.187,50.292,49.397
7417.2588,1.34820696832097,47.063,52.133,50.016,49.874,49.472
7415.33023,1.34855760833729,47.019,51.741,49.794,49.697,49.412
7413.40167,1.34890842896956,47.354,51.56,49.696,49.875,49.47
7411.4731,1.34925943399835,47.7,51.606,49.644,50.202,49.652
7409.54454,1.34961061992617,47.796,51.688,49.97,50.439,49.691
7407.61597,1.34996199053769,47.804,51.664,50.751,50.437,49.389
7405.68741,1.35031354233192,47.842,51.556,51.136,50.399,48.856
7403.75884,1.35066527909761,47.7,51.626,50.772,50.586,48.766
7401.83028,1.35101719733028,47.546,51.857,50.362,50.791,49.196
7399.90172,1.35136929899658,47.694,52.16,50.335,50.702,49.545
7397.97315,1.35172158606712,47.846,52.658,50.493,50.473,49.82
7396.04459,1.35207405503216,47.636,53.08,50.721,50.282,49.965
7394.11602,1.35242670969071,47.188,52.968,50.9,49.888,49.784
7392.18746,1.35277954652952,47.046,52.495,50.768,49.494,49.55
7390.25889,1.35313256935171,47.547,52.139,50.681,49.532,49.459
7388.33033,1.35348577464051,48.243,51.879,51.012,49.735,49.606
7386.40176,1.35383916620317,48.427,51.621,51.273,49.879,49.977
7384.4732,1.35419274051939,47.972,51.644,51.239,50.252,50.245
7382.54464,1.35454649956577,47.675,52.075,51.283,50.842,50.138
7380.61607,1.35490044532285,48.094,52.459,51.409,51.091,49.696
7378.68751,1.35525457426507,48.317,52.388,51.284,50.905,49.124
7376.75894,1.35560889020999,47.758,52.284,50.921,50.814,48.674
7374.83038,1.35596338962849,47.128,52.403,50.565,50.859,48.57
7372.90181,1.35631807634232,47.004,52.305,50.355,50.706,48.809
7370.97325,1.35667294681879,47.413,51.906,50.359,50.442,49.238
7369.04468,1.3570280048838,48.029,51.566,50.562,50.369,49.697
7367.11612,1.35738324700113,48.185,51.547,50.811,50.698,50
7365.18756,1.35773867515738,47.923,51.806,50.943,51.259,50.002
7363.25899,1.35809429134313,47.914,52.123,50.999,51.518,49.788
7361.33043,1.35845009201686,48.134,52.192,51.176,51.151,49.587
7359.40186,1.35880608101485,48.227,52.1,51.53,50.501,49.623
7357.4733,1.35916225479201,48.313,52.334,51.832,50.167,49.88
7355.54473,1.3595186171888,48.253,52.791,51.769,50.331,49.851
7353.61617,1.35987516465657,47.768,52.831,51.337,50.604,49.349
7351.6876,1.36023190103997,47.326,52.378,50.712,50.551,48.762
7349.75904,1.36058882278677,47.308,51.951,50.183,50.338,48.478
7347.83048,1.36094593189363,47.341,51.729,50.077,50.37,48.765
7345.90191,1.36130323036127,47.19,51.481,50.16,50.508,49.17
7343.97335,1.36166071463209,47.009,51.359,50.169,50.432,49.143
7342.04478,1.36201838856123,46.82,51.524,50.226,50.202,48.992
7340.11622,1.36237624858752,46.892,51.723,50.408,50.044,49.057
7338.18765,1.3627342985703,47.264,51.926,50.606,50.197,49.13
7336.25909,1.36309253494481,47.453,52.16,50.776,50.669,49.274
7334.33052,1.36345096157461,47.414,52.221,51.036,51.077,49.66
7332.40196,1.36380957489134,47.372,52.121,51.334,51.084,49.87
7330.4734,1.36416837690182,47.337,51.926,51.561,50.86,49.654
7328.54483,1.36452736961698,47.322,51.606,51.672,50.668,49.51
7326.61627,1.36488654946303,47.587,51.56,51.493,50.441,49.749
7324.6877,1.36524592031412,48.068,51.894,50.934,50.171,50.001
7322.75914,1.36560547859287,48.182,51.964,50.174,49.971,49.803
7320.83057,1.36596522817765,47.845,51.605,49.708,49.786,49.199
7318.90201,1.36632516548749,47.682,51.376,49.715,49.751,48.76
7316.97344,1.366685294405,47.902,51.55,49.829,50.061,48.818
7315.04488,1.36704561134559,47.991,51.821,49.87,50.194,49.005
7313.11632,1.36740611832631,47.738,52.087,49.958,49.806,48.951
7311.18775,1.36776681736835,47.512,52.58,50.161,49.748,48.937
7309.25919,1.36812770488168,47.488,52.972,50.392,50.177,49.144
7307.33062,1.36848878475954,47.517,52.702,50.558,50.201,49.278
7305.40206,1.36885005340829,47.357,52.026,50.735,50.024,49.087
7303.47349,1.36921151472544,47.139,51.606,50.893,50.239,48.582
7301.54493,1.3695731651137,47.189,51.568,50.826,50.483,48.115
7299.61636,1.36993500847488,47.341,51.674,50.567,50.371,48.124
7297.6878,1.37029704120804,47.438,51.784,50.423,50.107,48.524
7295.75924,1.37065926534056,47.639,52.011,50.605,50.11,48.85
7293.83067,1.37102168290397,47.817,52.45,50.939,50.58,48.759
7291.90211,1.37138429029185,47.779,52.782,50.988,51.172,48.438
7289.97354,1.37174709141674,47.823,52.72,50.744,51.447,48.442
7288.04498,1.37211008266856,48.038,52.414,50.547,51.32,48.792
7286.11641,1.37247326796416,48.124,52.119,50.595,50.941,49.139
7284.18785,1.3728366436898,48.061,52.088,50.809,50.656,49.369
7282.25928,1.37320021376663,47.905,52.453,51.034,50.686,49.505
7280.33072,1.37356397457724,47.637,52.723,51.141,50.755,49.615
7278.40216,1.37392792815944,47.43,52.419,51.01,50.578,49.705
7276.47359,1.37429207655518,47.496,52.013,50.793,50.4,49.75
7274.54503,1.37465641614153,47.686,51.887,50.75,50.44,49.746
7272.61646,1.37502095085047,47.583,51.726,50.854,50.536,49.481
7270.6879,1.3753856770554,47.309,51.502,50.814,50.594,48.907
7268.75933,1.37575059869261,47.29,51.466,50.55,50.639,48.507
7266.83077,1.37611571213182,47.603,51.756,50.442,50.597,48.765
7264.90221,1.37648101941898,48.152,52.227,50.441,50.508,49.375
7262.97364,1.3768465226042,48.523,52.355,50.171,50.376,49.555
7261.04508,1.37721221805168,48.316,52.085,49.981,50.118,49.248
7259.11651,1.37757810970856,47.913,51.955,50.097,49.929,48.979
7257.18795,1.37794419393534,47.796,52.13,50.114,50.001,48.855
7255.25938,1.37831047468354,47.947,52.375,49.947,50.224,48.956
7253.33082,1.37867694830994,48.233,52.436,49.91,50.475,49.285
7251.40225,1.37904361877042,48.521,52.429,50.211,50.793,49.474
7249.47369,1.37941048241807,48.605,52.625,50.654,51.056,49.462
7247.54513,1.37977754130936,48.44,52.815,50.879,50.947,49.343
7245.61656,1.38014479750499,48.111,52.736,50.792,50.573,49.118
7243.688,1.38051224735245,47.676,52.309,50.494,50.415,48.876
7241.75943,1.3808798948186,47.506,51.76,50.336,50.506,48.873
7239.83087,1.38124773624719,47.793,51.752,50.634,50.616,49.329
7237.9023,1.38161577560946,48.032,52.169,50.991,50.721,49.815
7235.97374,1.38198400924545,48.037,52.267,50.95,50.564,49.909
7234.04517,1.3823524411308,48.161,51.893,50.634,50.043,49.851
7232.11661,1.38272106760181,48.184,51.479,50.342,49.737,49.68
7230.18805,1.38308989072559,47.724,51.395,50.322,49.863,49.252
7228.25948,1.38345891257352,47.383,51.497,50.469,50.015,48.941
7226.33092,1.38382812947625,47.587,51.535,50.498,50.278,49.012
7224.40235,1.38419754542049,47.979,51.597,50.515,50.717,49.414
7222.47379,1.38456715673315,48.196,51.725,50.514,50.827,49.91
7220.54522,1.38493696740535,48.229,51.857,50.439,50.475,49.976
7218.61666,1.38530697376026,48.214,52.034,50.622,50.194,49.52
7216.68809,1.38567717979343,48.105,52.094,50.706,50.27,49.116
7214.75953,1.38604758182426,47.903,51.997,50.221,50.404,48.931
7212.83097,1.38641818193058,48.014,52.028,49.818,50.355,48.934
7210.9024,1.38678898219452,48.412,52.144,49.996,50.25,49.234
7208.97384,1.38715997892982,48.517,51.98,50.362,50.212,49.715
7207.04527,1.38753117614315,48.282,51.676,50.598,50.349,50.163
7205.11671,1.38790257014449,48.101,51.665,50.706,50.815,50.427
7203.18814,1.38827416494497,47.914,51.714,50.571,51.13,50.325
7201.25958,1.38864595685079,47.563,51.451,50.235,50.734,49.975
7199.33101,1.38901794987754,47.494,51.181,50.175,50.144,49.774
7197.40245,1.38939014032764,48.064,51.222,50.492,50.011,49.809
7195.47389,1.38976253028972,48.778,51.373,50.671,50.177,49.929
7193.54532,1.39013512185671,48.724,51.325,50.486,50.129,49.879
7191.61676,1.39050791132535,48.029,51.282,50.28,49.813,49.655
7189.68819,1.39088090272243,47.737,51.452,50.248,49.698,49.606
7187.75963,1.39125409234087,47.922,51.598,50.324,50.082,49.593
7185.83106,1.39162748421197,48,51.749,50.478,50.674,49.485
7183.9025,1.39200107462483,48.058,51.964,50.623,50.873,49.631
7181.97393,1.39237486761526,48.28,51.934,50.638,50.66,50.117
7180.04537,1.39274885946856,48.372,51.785,50.51,50.573,50.498
7178.11681,1.39312305228424,48.238,51.717,50.343,50.536,50.321
7176.18824,1.39349744816616,48.219,51.679,50.321,50.384,49.758
7174.25968,1.39387204339389,48.425,51.786,50.507,50.415,49.304
7172.33111,1.39424684201452,48.595,51.915,50.732,50.601,49.281
7170.40255,1.39462184030379,48.525,51.879,50.718,50.65,49.593
7168.47398,1.39499704231332,48.146,51.646,50.438,50.572,49.811
7166.54542,1.39537244431502,47.764,51.313,50.189,50.628,49.957
7164.61685,1.39574805036504,47.747,51.345,50.181,50.968,50.315
7162.68829,1.39612385673145,47.999,51.734,50.366,51.251,50.624
7160.75973,1.39649986552474,48.353,52.076,50.566,51.056,50.63
7158.83116,1.39687607885978,48.528,52.282,50.63,50.723,50.559
7156.9026,1.39725249299886,48.397,52.213,50.462,50.566,50.3
7154.97403,1.39762911200951,48.277,51.907,50.135,50.43,49.699
7153.04547,1.39800593215018,48.26,51.733,50.021,50.49,49.357
7151.1169,1.39838295749298,48.199,51.745,50.14,50.835,49.453
7149.18834,1.39876018429247,48.058,51.65,50.18,50.933,49.427
7147.25977,1.39913761662534,47.778,51.43,50.173,50.577,49.278
7145.33121,1.39951525074231,47.494,51.372,50.144,50.284,49.279
7143.40265,1.39989308876492,47.546,51.367,50.018,50.257,49.369
7141.47408,1.40027113281912,47.779,51.279,49.998,50.213,49.505
7139.54552,1.40064937914984,47.657,51.312,50.039,50.015,49.546
7137.61695,1.40102783184519,47.374,51.505,49.888,49.536,49.55
7135.68839,1.40140648714622,47.32,51.785,49.846,49.121,49.907
7133.75982,1.40178534914566,47.337,51.964,50.211,49.432,50.301
7131.83126,1.40216441408066,47.5,51.925,50.833,50.111,50.253
7129.9027,1.40254368408141,47.759,51.786,51.307,50.341,50.026
7127.97413,1.40292316128257,47.817,51.497,51.179,50.111,49.793
7126.04557,1.40330284191545,47.766,51.157,50.631,49.881,49.515
7124.117,1.4036827300843,47.688,51.092,50.205,49.771,49.261
7122.18844,1.40406282201654,47.631,51.262,49.941,49.689,49.173
7120.25987,1.40444312182106,47.671,51.448,49.714,49.656,49.465
7118.33131,1.40482362572135,47.788,51.755,49.685,49.697,49.936
7116.40274,1.40520433783094,48.081,52.232,49.984,49.919,50.088
7114.47418,1.40558525436942,48.361,52.409,50.269,50.284,49.872
7112.54562,1.40596637747822,48.279,51.973,50.167,50.578,49.582
7110.61705,1.40634770930323,48.092,51.465,49.954,50.737,49.584
7108.68849,1.40672924605816,48.096,51.477,50.044,50.58,49.864
7106.75992,1.40711099186815,48.086,51.646,50.188,49.96,49.902
7104.83136,1.40749294294298,48.137,51.568,50.099,49.41,49.679
7102.90279,1.40787510341247,48.31,51.366,50.041,49.491,49.685
7100.97423,1.40825746948247,48.25,51.126,50.082,49.85,49.804
7099.04566,1.40864004528744,47.962,51.02,50.01,49.906,49.659
7097.1171,1.4090228270293,47.607,51.131,49.87,49.713,49.39
7095.18854,1.40940581686079,47.191,51.392,49.773,49.575,49.394
7093.25997,1.40978901693913,47.102,51.75,49.601,49.566,49.605
7091.33141,1.41017242346032,47.527,51.833,49.422,49.583,49.593
7089.40284,1.41055604057055,47.945,51.417,49.506,49.536,49.391
7087.47428,1.41093986446184,48.028,51.028,49.823,49.572,49.464
7085.54571,1.4113238992851,48.002,51.057,50.136,49.793,49.945
7083.61715,1.41170814122838,48.061,51.058,50.312,49.952,50.439
7081.68858,1.4120925944473,48.165,50.903,50.327,49.916,50.655
7079.76002,1.41247725512594,48.185,51.142,50.211,49.838,50.686
7077.83146,1.41286212542846,48.19,51.713,49.923,49.77,50.588
7075.90289,1.41324720752351,48.281,51.846,49.679,49.752,50.324
7073.97433,1.41363249758923,48.181,51.405,49.844,49.848,49.942
7072.04576,1.41401799979303,47.739,50.987,50.021,49.739,49.595
7070.1172,1.41440371030907,47.314,50.81,49.765,49.276,49.515
7068.18863,1.41478963330949,47.28,50.804,49.595,49.078,49.63
7066.26007,1.41517576496445,47.567,50.983,49.794,49.509,49.634
7064.3315,1.41556210945084,47.795,51.126,49.961,50.053,49.49
7062.40294,1.41594866293483,47.856,51.025,49.914,50.195,49.321
7060.47438,1.41633542759205,47.893,50.821,49.734,50.158,49.265
7058.54581,1.41672240560269,47.834,50.762,49.615,50.181,49.31
7056.61725,1.41710959312693,47.801,50.934,49.838,50.105,49.391
7054.68868,1.41749699435355,48.041,51.244,50.225,49.955,49.666
7052.76012,1.4178846054387,48.222,51.464,50.225,49.736,49.812
7050.83155,1.41827243057594,48.06,51.408,49.872,49.385,49.479
7048.90299,1.41866046591741,47.747,51.126,49.693,49.132,49.168
7046.97442,1.41904871566144,47.51,50.699,49.735,49.093,49.088
7045.04586,1.41943717595616,47.664,50.336,49.756,49.267,49.069
7043.1173,1.41982584898877,48.105,50.327,49.743,49.613,49.223
7041.18873,1.4202147369511,48.228,50.503,49.609,49.836,49.347
7039.26017,1.42060383598522,47.964,50.522,49.425,49.675,49.134
7037.3316,1.42099315030146,47.667,50.421,49.476,49.24,48.901
7035.40304,1.42138267603785,47.463,50.418,49.683,48.95,49.124
7033.47447,1.42177241740951,47.379,50.663,49.783,49.065,49.579
7031.54591,1.42216237055046,47.392,51.058,49.701,49.317,49.694
7029.61734,1.42255253968063,47.565,51.239,49.578,49.453,49.583
7027.68878,1.42294292092997,47.836,51.1,49.594,49.58,49.715
7025.76022,1.42333351649738,47.71,50.784,49.57,49.557,49.856
7023.83165,1.42372432858638,47.202,50.425,49.308,49.321,49.56
7021.90309,1.42411535332083,47.019,50.353,49.17,49.323,49.231
7019.97452,1.42450659493277,47.305,50.709,49.359,49.68,49.376
7018.04596,1.42489804954198,47.674,51.049,49.523,49.945,49.612
7016.11739,1.42528972138535,47.945,51.095,49.454,49.827,49.496
7014.18883,1.42568160657859,48.101,51.12,49.32,49.671,49.382
7012.26026,1.42607370936343,48.16,51.164,49.431,49.78,49.61
7010.3317,1.42646602585153,48.057,50.942,49.66,49.883,49.775
7008.40314,1.42685855825354,47.691,50.703,49.604,49.856,49.521
7006.47457,1.42725130878481,47.315,50.875,49.459,49.85,49.111
7004.54601,1.42764427355086,47.325,51.146,49.577,49.836,48.981
7002.61744,1.42803745680558,47.63,51.04,49.959,49.759,49.332
7000.68888,1.42843085465041,47.816,50.688,50.271,49.67,49.757
6998.76031,1.42882447134413,47.747,50.402,50.119,49.562,49.796
6996.83175,1.42921830298406,47.657,50.345,49.781,49.33,49.742
6994.90319,1.4296123517901,47.661,50.602,49.652,48.967,49.798
6992.97462,1.43000661998685,47.656,50.841,49.552,48.671,49.771
6991.04606,1.43040110366545,47.643,50.722,49.367,48.679,49.71
6989.11749,1.43079580709696,47.577,50.468,49.191,48.886,49.593
6987.18893,1.43119072636841,47.477,50.442,49.153,48.986,49.421
6985.26036,1.43158586575576,47.482,50.684,49.334,49.098,49.502
6983.3318,1.43198122134194,47.327,50.829,49.38,49.361,49.743
6981.40323,1.43237679740782,46.854,50.719,49.058,49.451,49.723
6979.47467,1.4327725900322,46.546,50.587,48.777,49.293,49.569
6977.54611,1.43316860144691,46.761,50.363,48.737,49.174,49.611
6975.61754,1.43356483388853,47.268,49.909,48.673,49.057,49.67
6973.68898,1.43396128342965,47.643,49.509,48.501,48.794,49.496
6971.76041,1.4343579543635,47.73,49.477,48.652,48.593,49.316
6969.83185,1.43475484275851,47.622,49.778,49.306,48.569,49.313
6967.90328,1.43515195291287,47.446,50.134,49.681,48.528,49.297
6965.97472,1.43554928089087,47.382,50.34,49.434,48.493,49.193
6964.04615,1.43594683099566,47.509,50.468,49.219,48.624,49.151
6962.11759,1.43634459928736,47.6,50.517,49.205,48.854,49.316
6960.18903,1.43674258800985,47.52,50.413,49.098,49.076,49.664
6958.26046,1.43714079941181,47.522,50.346,49.009,49.181,49.939
6956.3319,1.43753922954711,47.667,50.37,48.997,49.091,49.895
6954.40333,1.43793788273134,47.64,50.391,48.923,49.018,49.668
6952.47477,1.43833675501422,47.392,50.491,48.845,49.056,49.572
6950.5462,1.43873585071631,47.153,50.553,48.773,48.963,49.541
6948.61764,1.43913516588315,46.941,50.351,48.726,48.775,49.458
6946.68907,1.43953470484033,46.707,50.045,48.845,48.69,49.45
6944.76051,1.43993446362919,46.568,49.959,48.958,48.586,49.429
6942.83195,1.44033444450575,46.62,50.087,48.886,48.35,49.333
6940.90338,1.44073464973085,46.912,50.223,48.778,48.179,49.292
6938.97482,1.44113507533956,47.37,50.354,48.639,48.231,49.194
6937.04625,1.44153572566999,47.685,50.503,48.386,48.442,48.986
6935.11769,1.44193659675298,47.62,50.453,48.262,48.703,48.932
6933.18912,1.44233769293171,47.289,50.084,48.336,48.864,49.191
6931.26056,1.44273901023279,46.991,49.735,48.32,48.818,49.557
6929.33199,1.44314055300445,46.971,49.763,48.345,48.693,49.767
6927.40343,1.44354231726908,47.262,50.002,48.698,48.613,49.783
6925.47487,1.44394430529498,47.567,50.083,49.042,48.551,49.686
6923.5463,1.44434651935526,47.54,50.003,49.028,48.476,49.621
6921.61774,1.44474895546601,47.285,50.025,48.855,48.424,49.679
6919.68917,1.44515161798807,47.084,50.102,48.687,48.435,49.713
6917.76061,1.44555450293328,46.928,50.072,48.516,48.429,49.586
6915.83204,1.44595761466758,46.723,50.044,48.471,48.42,49.443
6913.90348,1.44636094919856,46.649,50.038,48.612,48.528,49.457
6911.97491,1.44676451089722,46.874,50.037,48.676,48.667,49.553
6910.04635,1.44716829576693,47.126,50.113,48.418,48.619,49.523
6908.11779,1.44757230608831,47.09,50.115,48.094,48.373,49.364
6906.18922,1.44797654414687,46.845,49.891,48.084,48.245,49.22
6904.26066,1.4483810059396,46.616,49.635,48.423,48.511,49.091
6902.33209,1.44878569585023,46.538,49.646,48.879,49,49.016
6900.40353,1.44919060987148,46.503,49.777,48.919,49.177,48.979
6898.47496,1.44959575239221,46.385,49.695,48.422,48.816,48.965
6896.5464,1.45000111940086,46.468,49.614,47.971,48.409,49.219
6894.61783,1.45040671529143,46.9,49.79,47.822,48.356,49.485
6892.68927,1.45081253604807,47.186,49.921,47.811,48.381,49.259
6890.76071,1.45121858396386,47.022,49.669,47.782,48.334,48.934
6888.83214,1.4516248613368,46.719,49.302,47.638,48.446,49.01
6886.90358,1.45203136414464,46.62,49.347,47.586,48.467,49.201
6884.97501,1.4524380967942,46.687,49.653,47.893,48.154,49.225
6883.04645,1.45284505525893,46.726,49.709,48.371,47.981,49.252
6881.11788,1.4532522439508,46.764,49.538,48.57,48.105,49.307
6879.18932,1.45365965883899,46.773,49.428,48.291,48.173,49.288
6877.26075,1.45406730434061,46.642,49.4,47.895,48.083,49.279
6875.33219,1.45447517642053,46.502,49.331,47.802,47.91,49.263
6873.40363,1.45488327738437,46.424,49.256,47.801,47.765,49.096
6871.47506,1.45529160954271,46.264,49.224,47.585,47.767,48.867
6869.5465,1.45570016885394,46.091,49.214,47.414,47.973,48.906
6867.61793,1.45610895974814,46.19,49.296,47.475,48.21,49.245
6865.68937,1.45651797817937,46.499,49.486,47.582,48.181,49.461
6863.7608,1.45692722858291,46.688,49.643,47.812,47.969,49.442
6861.83224,1.45733670690847,46.64,49.627,48.162,47.973,49.47
6859.90367,1.45774641759656,46.508,49.491,48.265,48.25,49.424
6857.97511,1.45815635659255,46.462,49.314,48.114,48.338,49.047
6856.04655,1.45856652621473,46.436,49.104,47.889,48.045,48.703
6854.11798,1.45897692878639,46.385,49.105,47.642,47.778,48.829
6852.18942,1.4593875602464,46.487,49.455,47.541,47.806,49.21
6850.26085,1.4597984250483,46.611,49.766,47.749,48.013,49.445
6848.33229,1.46020951912659,46.336,49.728,48.063,48.152,49.478
6846.40372,1.46062084694006,45.892,49.595,48.05,48.026,49.464
6844.47516,1.46103240441887,45.839,49.451,47.663,47.733,49.422
6842.5466,1.4614441938912,45.946,49.041,47.182,47.523,49.168
6840.61803,1.46185621769032,45.896,48.528,46.89,47.381,48.71
6838.68947,1.46226847173981,45.978,48.32,46.999,47.206,48.402
6836.7609,1.46268096051158,46.226,48.479,47.366,47.124,48.423
6834.83234,1.46309367992485,46.322,48.745,47.652,47.201,48.678
6832.90377,1.46350663445682,46.153,48.846,47.747,47.234,49.134
6830.97521,1.4639198200223,45.799,48.748,47.675,47.065,49.532
6829.04664,1.46433324110377,45.57,48.626,47.427,46.953,49.541
6827.11808,1.46474689361166,45.709,48.653,47.286,47.185,49.427
6825.18952,1.46516077988703,45.93,48.737,47.506,47.453,49.388
6823.26095,1.46557490227602,46.003,48.68,47.669,47.428,49.149
6821.33239,1.46598925668245,46.093,48.558,47.568,47.383,48.896
6819.40382,1.46640384760203,46.148,48.488,47.566,47.495,48.852
6817.47526,1.4668186709342,45.966,48.412,47.597,47.423,48.651
6815.54669,1.46723373117997,45.738,48.411,47.43,47.097,48.418
6813.61813,1.46764902423435,45.79,48.57,47.244,46.965,48.685
6811.68956,1.46806455460369,45.998,48.719,47.267,47.127,49.221
6809.761,1.46848031817857,46.013,48.797,47.501,47.215,49.422
6807.83244,1.468896317313,45.786,48.818,47.673,47.128,49.216
6805.90387,1.46931255436613,45.494,48.757,47.537,47.134,48.994
6803.97531,1.46972902522187,45.327,48.682,47.312,47.291,48.992
6802.04674,1.47014573439994,45.292,48.511,47.195,47.36,49.077
6800.11818,1.47056267777981,45.252,48.205,47.114,47.321,49.027
6798.18961,1.47097985988655,45.182,48.045,47.155,47.268,48.789
6796.26105,1.4713972765952,45.128,48.166,47.292,47.106,48.638
6794.33248,1.47181493243616,45.193,48.367,47.298,46.854,48.773
6792.40392,1.47223282328004,45.431,48.502,47.202,46.755,48.974
6790.47536,1.47265095149392,45.61,48.505,47.223,46.842,49.048
6788.54679,1.47306931945003,45.45,48.28,47.325,46.878,48.991
6786.61823,1.47348792301228,45.174,48.036,47.262,46.794,48.81
6784.68966,1.47390676672454,45.191,48.037,47.088,46.761,48.643
6782.7611,1.47432584644622,45.354,48.101,47.076,46.803,48.645
6780.83253,1.4747451667266,45.434,48.077,47.138,46.806,48.73
6778.90397,1.47516472342062,45.535,48.096,46.97,46.805,48.793
6776.9754,1.47558452108296,45.569,48.188,46.599,46.821,48.845
6775.04684,1.47600455556408,45.441,48.198,46.375,46.685,48.855
6773.11828,1.47642482924423,45.384,48.001,46.426,46.399,48.863
6771.18971,1.47684534450889,45.468,47.723,46.504,46.273,48.87
6769.26115,1.47726609720176,45.522,47.621,46.494,46.447,48.728
6767.33258,1.47768709189109,45.507,47.681,46.445,46.548,48.532
6765.40402,1.47810832441608,45.463,47.688,46.32,46.325,48.407
6763.47545,1.47852979935042,45.338,47.683,46.323,46.163,48.259
6761.54689,1.47895151252881,45.175,47.82,46.66,46.254,48.261
6759.61832,1.4793734685304,45.127,48.026,47.035,46.309,48.65
6757.68976,1.47979566318534,45.18,48.094,47.045,46.263,49.05
6755.7612,1.48021809888721,45.163,47.891,46.75,46.24,48.979
6753.83263,1.4806407780348,45.052,47.633,46.471,46.268,48.788
6751.90407,1.48106369645148,45.077,47.631,46.34,46.373,48.992
6749.9755,1.48148685873008,45.243,47.723,46.355,46.388,49.251
6748.04694,1.48191026068944,45.114,47.719,46.371,46.141,49.049
6746.11837,1.48233390692787,44.733,47.685,46.232,45.954,48.485
6744.18981,1.48275779325968,44.69,47.608,46.147,46.026,48.001
6742.26124,1.48318192428865,44.9,47.502,46.233,46.095,47.937
6740.33268,1.48360629582456,44.905,47.411,46.305,46.136,48.201
6738.40412,1.48403091027435,44.829,47.309,46.319,46.134,48.361
6736.47555,1.48445577005026,44.829,47.182,46.342,45.896,48.222
6734.54699,1.48488087095521,44.833,47.071,46.323,45.605,48.035
6732.61842,1.48530621760679,44.845,47.088,46.144,45.523,48.017
6730.68986,1.48573180580334,44.869,47.204,45.899,45.544,48.136
6728.76129,1.48615764016797,44.946,47.306,45.901,45.516,48.292
6726.83273,1.48658371649446,45.04,47.419,46.155,45.504,48.333
6724.90416,1.48701003941148,44.914,47.448,46.298,45.567,48.166
6722.9756,1.48743660470819,44.51,47.175,46.221,45.571,47.902
6721.04704,1.48786341480508,44.141,46.779,46.105,45.505,47.766
6719.11847,1.48829047212796,44.091,46.632,45.925,45.456,47.844
6717.18991,1.48871777245911,44.232,46.706,45.578,45.349,47.965
6715.26134,1.4891453204411,44.332,46.823,45.221,45.29,48.02
6713.33278,1.48957311185161,44.393,46.921,45.072,45.513,48.072
6711.40421,1.49000115133879,44.422,46.925,45.106,45.772,48.06
6709.47565,1.49042943467572,44.441,46.908,45.136,45.67,47.927
6707.54709,1.49085796429347,44.526,46.992,45.13,45.443,47.832
6705.61852,1.49128674262848,44.524,47.116,45.146,45.52,47.854
6703.68996,1.49171576544689,44.314,47.252,45.155,45.712,47.942
6701.76139,1.49214503741083,44.099,47.396,45.301,45.671,48.086
6699.83283,1.49257455428183,44.091,47.348,45.575,45.494,48.144
6697.90426,1.49300432072763,44.285,47.062,45.601,45.371,48.05
6695.9757,1.49343433250512,44.446,46.769,45.415,45.299,48.024
6694.04713,1.49386459428767,44.419,46.603,45.346,45.208,48.119
6692.11857,1.49429510182752,44.325,46.635,45.407,45.131,48.141
6690.19001,1.49472585756948,44.215,46.79,45.44,45.14,47.955
6688.26144,1.49515686396374,44.088,46.835,45.309,45.173,47.642
6686.33288,1.49558811675556,43.99,46.737,45.115,45.154,47.486
6684.40431,1.49601962063243,43.917,46.579,45.107,45.078,47.664
6682.47575,1.49645137133494,43.896,46.436,45.278,45.011,47.897
6680.54718,1.49688337355624,43.895,46.361,45.397,45.078,47.843
6678.61862,1.49731562303224,43.826,46.34,45.396,45.213,47.57
6676.69005,1.49774812446176,43.828,46.409,45.451,45.261,47.337
6674.76149,1.49818087357605,43.996,46.507,45.536,45.207,47.381
6672.83293,1.49861387283377,44.022,46.411,45.416,45.016,47.647
6670.90436,1.499047124699,43.819,46.178,45.18,44.75,47.757
6668.9758,1.49948062489595,43.736,46.143,45.06,44.613,47.677
6667.04723,1.49991437813768,43.797,46.258,45.026,44.653,47.645
6665.11867,1.5003483801437,43.854,46.262,45.048,44.837,47.583
6663.1901,1.50078263563274,43.885,46.208,45.115,45.052,47.415
6661.26154,1.50121714031964,43.762,46.165,45.039,45.009,47.354
6659.33297,1.50165189892885,43.514,46.104,44.833,44.762,47.489
6657.40441,1.50208690717048,43.399,46.118,44.704,44.611,47.638
6655.47585,1.50252216751714,43.516,46.221,44.617,44.541,47.649
6653.54728,1.50295768244695,43.691,46.239,44.493,44.547,47.594
6651.61872,1.50339344766292,43.713,46.101,44.48,44.664,47.576
6649.69015,1.50382946790385,43.561,45.968,44.605,44.658,47.488
6647.76159,1.50426573886805,43.399,45.9,44.622,44.475,47.295
6645.83302,1.50470226530007,43.394,45.791,44.516,44.312,47.18
6643.90446,1.50513904289346,43.516,45.701,44.571,44.272,47.187
6641.97589,1.50557607639856,43.639,45.756,44.746,44.411,47.174
6640.04733,1.50601336150416,43.671,45.834,44.684,44.571,47.105
6638.11877,1.50645090069698,43.542,45.738,44.306,44.482,47.013
6636.1902,1.50688869646925,43.35,45.449,43.929,44.178,46.815
6634.26164,1.50732674450265,43.208,45.149,43.89,43.834,46.637
6632.33307,1.50776504956196,43.105,45.077,44.081,43.737,46.667
6630.40451,1.5082036073241,43.075,45.187,44.095,44.042,46.721
6628.47594,1.50864242255966,43.098,45.271,43.99,44.308,46.705
6626.54738,1.50908149094076,43.113,45.306,44.172,44.236,46.788
6624.61881,1.50952081724382,43.174,45.264,44.534,44.087,46.982
6622.69025,1.50996039713619,43.222,45.145,44.672,44.037,47.116
6620.76169,1.5104002331188,43.166,45.132,44.636,44.022,47.127
6618.83312,1.51084032769812,43.057,45.274,44.599,43.927,47.09
6616.90456,1.51128067653435,42.907,45.436,44.413,43.809,46.977
6614.97599,1.51172128441845,42.754,45.51,44.105,43.819,46.76
6613.04743,1.5121621470058,42.72,45.484,43.882,43.816,46.506
6611.11886,1.51260326909324,42.75,45.331,43.691,43.693,46.265
6609.1903,1.51304464633134,42.653,45.054,43.53,43.599,46.193
6607.26173,1.51348628352278,42.504,44.856,43.527,43.559,46.377
6605.33317,1.51392817631332,42.564,44.854,43.599,43.579,46.572
6603.40461,1.51437032721822,42.811,45.039,43.603,43.699,46.596
6601.47604,1.51481273875835,42.955,45.398,43.584,43.838,46.603
6599.54748,1.51525540657221,42.794,45.607,43.569,43.948,46.63
6597.61891,1.51569833547722,42.498,45.397,43.419,43.912,46.497
6595.69035,1.51614152110704,42.404,45.005,43.164,43.624,46.247
6593.76178,1.51658496828498,42.486,44.731,43.012,43.324,46.015
6591.83322,1.51702867263987,42.559,44.623,43.039,43.24,45.835
6589.90465,1.51747263900093,42.618,44.588,43.188,43.245,45.871
6587.97609,1.51791686299214,42.634,44.541,43.316,43.254,46.148
6586.04753,1.51836134714321,42.48,44.416,43.347,43.27,46.324
6584.11896,1.51880609398953,42.2,44.228,43.397,43.139,46.235
6582.1904,1.51925109914779,42.046,44.164,43.461,42.886,46.107
6580.26183,1.51969636746202,42.143,44.285,43.366,42.793,46.07
6578.33327,1.52014189454406,42.279,44.443,43.155,42.969,46.057
6576.4047,1.52058768524388,42.149,44.446,42.999,43.155,45.991
6574.47614,1.52103373516844,41.858,44.181,42.931,43.126,45.828
6572.54757,1.52148004917369,41.825,43.947,42.984,43.056,45.756
6570.61901,1.52192662286167,42.117,44.107,43.182,43.1,45.932
6568.69045,1.5223734587767,42.353,44.434,43.272,43.087,46.113
6566.76188,1.5228205594688,42.235,44.497,43,42.859,46.077
6564.83332,1.52326792053267,41.947,44.237,42.684,42.618,45.882
6562.90475,1.52371554683923,41.855,43.876,42.746,42.622,45.66
6560.97619,1.52416343397826,41.957,43.669,42.997,42.711,45.581
6559.04762,1.52461158682669,42.062,43.664,43.125,42.718,45.661
6557.11906,1.52506000096939,42.1,43.758,43.232,42.833,45.648
6555.1905,1.52550867896211,42.001,43.92,43.319,43.035,45.475
6553.26193,1.52595762336635,41.77,44.06,43.173,42.995,45.368
6551.33337,1.5264068297596,41.534,43.976,42.886,42.729,45.326
6549.4048,1.52685630303383,41.375,43.638,42.691,42.54,45.253
6547.47624,1.52730603876159,41.357,43.383,42.694,42.562,45.304
6545.54767,1.52775604184088,41.423,43.445,42.766,42.64,45.424
6543.61911,1.52820630783933,41.392,43.563,42.644,42.496,45.334
6541.69054,1.52865684166099,41.361,43.603,42.5,42.303,45.134
6539.76198,1.52910763886853,41.481,43.663,42.506,42.34,45.044
6537.83342,1.52955870203252,41.588,43.613,42.342,42.342,44.932
6535.90485,1.5300100337293,41.635,43.416,42.021,42.231,44.743
6533.97629,1.53046162951412,41.684,43.246,41.949,42.182,44.671
6532.04772,1.53091349430619,41.594,43.077,42.086,42.119,44.693
6530.11916,1.53136562365579,41.371,42.899,42.123,42.035,44.707
6528.19059,1.53181802248822,41.231,42.899,42.044,41.928,44.73
6526.26203,1.53227068634877,41.202,43.01,42.03,41.746,44.761
6524.33346,1.53272362016886,41.222,43.019,42.201,41.697,44.81
6522.4049,1.53317681948878,41.317,42.988,42.359,41.781,44.814
6520.47634,1.53363028689404,41.403,43.031,42.221,41.748,44.724
6518.54777,1.53408402497601,41.333,43.069,42.023,41.72,44.724
6516.61921,1.53453802926748,41.172,43.04,42.024,41.785,44.889
6514.69064,1.53499230471518,41.042,43.097,41.993,41.777,44.96
6512.76208,1.53544684684689,40.945,43.217,41.841,41.804,44.815
6510.83351,1.53590166061549,40.932,43.124,41.739,41.931,44.628
6508.90495,1.53635674154375,41.019,42.892,41.702,41.949,44.509
6506.97638,1.5368120945907,41.072,42.796,41.706,41.816,44.445
6505.04782,1.53726771527408,41.065,42.836,41.754,41.691,44.389
6503.11926,1.53772360619448,41.082,42.885,41.79,41.637,44.336
6501.19069,1.53817976995842,41.038,42.867,41.739,41.576,44.352
6499.26213,1.53863620207607,40.858,42.811,41.528,41.488,44.354
6497.33356,1.5390929075219,40.679,42.764,41.24,41.471,44.159
6495.405,1.53954988180106,40.645,42.716,41.114,41.55,43.921
6493.47643,1.54000712989421,40.707,42.649,41.233,41.629,43.887
6491.54787,1.54046464730145,40.656,42.472,41.423,41.625,43.918
6489.6193,1.54092243900964,40.542,42.152,41.496,41.445,43.901
6487.69074,1.54138050051381,40.574,41.93,41.461,41.208,43.935
6485.76218,1.54183883442979,40.663,41.992,41.404,41.269,43.936
6483.83361,1.54229744337933,40.691,42.192,41.364,41.532,43.819
6481.90505,1.54275632284987,40.664,42.321,41.284,41.525,43.707
6479.97648,1.54321547784383,40.547,42.395,41.064,41.247,43.663
6478.04792,1.54367490384356,40.368,42.458,40.811,41.051,43.587
6476.11935,1.54413460585775,40.173,42.359,40.656,40.972,43.392
6474.19079,1.54459457936364,40,42.182,40.576,40.837,43.193
6472.26222,1.54505482937618,39.884,42.213,40.578,40.737,43.106
6470.33366,1.54551535136752,39.83,42.299,40.592,40.801,43.057
6468.4051,1.54597614796884,39.851,42.16,40.493,40.895,43.048
6466.47653,1.5464372218173,39.886,41.926,40.349,40.88,43.042
6464.54797,1.5468985683774,39.822,41.795,40.311,40.755,42.916
6462.6194,1.54736019267977,39.604,41.731,40.373,40.53,42.798
6460.69084,1.54782209018378,39.333,41.594,40.333,40.34,42.739
6458.76227,1.54828426592639,39.17,41.352,40.147,40.333,42.581
6456.83371,1.54874671536182,39.113,41.209,40.099,40.33,42.438
6454.90514,1.54920944353336,39.198,41.369,40.324,40.25,42.588
6452.97658,1.54967244589008,39.371,41.67,40.567,40.249,42.86
6451.04802,1.55013572507867,39.341,41.75,40.588,40.236,42.82
6449.11945,1.55059928375183,39.165,41.567,40.428,40.124,42.528
6447.19089,1.55106311735094,39.044,41.394,40.18,40.113,42.282
6445.26232,1.55152723093511,38.966,41.3,39.858,40.196,42.098
6443.33376,1.55199161994054,39.063,41.217,39.554,40.1,41.982
6441.40519,1.55245628943271,39.299,41.183,39.428,39.921,41.962
6439.47663,1.55292123484265,39.391,41.071,39.523,39.942,41.958
6437.54806,1.5533864612422,39.319,40.854,39.709,40.093,41.927
6435.6195,1.55385196405723,39.217,40.82,39.802,40.166,41.872
6433.69094,1.55431774595004,39.115,40.947,39.705,40.102,41.769
6431.76237,1.55478380958904,38.957,40.988,39.52,39.96,41.692
6429.83381,1.5552501503923,38.774,40.957,39.528,39.803,41.681
6427.90524,1.55571677344764,38.698,40.915,39.772,39.626,41.63
6425.97668,1.55618367416796,38.784,40.824,39.908,39.392,41.55
6424.04811,1.55665085764745,38.9,40.763,39.741,39.158,41.453
6422.11955,1.55711831929382,38.824,40.822,39.47,39.083,41.321
6420.19099,1.55758606178163,38.607,40.876,39.336,39.221,41.252
6418.26242,1.55805408779157,38.566,40.771,39.393,39.407,41.195
6416.33386,1.5585223927235,38.75,40.551,39.526,39.432,41.07
6414.40529,1.55899098168772,38.843,40.409,39.588,39.325,40.957
6412.47673,1.55945985007886,38.68,40.446,39.51,39.218,40.875
6410.54816,1.55992900301368,38.465,40.503,39.399,39.095,40.852
6408.6196,1.56039843588157,38.41,40.403,39.403,39.031,40.922
6406.69103,1.56086815380576,38.544,40.273,39.396,39.13,40.988
6404.76247,1.56133815217038,38.753,40.293,39.218,39.244,40.97
6402.83391,1.5618084336659,38.774,40.315,38.973,39.242,40.816
6400.90534,1.56227900098894,38.521,40.187,38.775,39.258,40.552
6398.97678,1.56274984951578,38.349,40.056,38.7,39.311,40.327
6397.04821,1.56322098438586,38.433,40.054,38.896,39.283,40.256
6395.11965,1.56369240097017,38.45,40.155,39.119,39.236,40.366
6393.19108,1.56416410441466,38.248,40.201,38.986,39.148,40.482
6391.26252,1.56463609008506,38.086,40.067,38.711,38.92,40.385
6389.33395,1.56510836313384,38.142,39.893,38.588,38.686,40.141
6387.40539,1.56558091892145,38.256,39.785,38.523,38.534,39.966
6385.47683,1.56605376015435,38.202,39.664,38.438,38.459,39.956
6383.54826,1.56652688954528,37.985,39.528,38.385,38.518,39.951
6381.6197,1.56700030244673,37.772,39.437,38.357,38.657,39.76
6379.69113,1.56747400402753,37.698,39.419,38.296,38.731,39.479
6377.76257,1.56794798963487,37.69,39.446,38.283,38.681,39.271
6375.834,1.56842226444415,37.607,39.41,38.345,38.486,39.131
6373.90544,1.56889682379725,37.491,39.336,38.312,38.225,39.051
6371.97687,1.56937167287614,37.346,39.334,38.136,38.092,39.067
6370.04831,1.56984680701739,37.152,39.341,37.965,38.117,39.211
6368.11975,1.57032222894364,37.141,39.33,37.909,38.132,39.368
6366.19118,1.57079794138385,37.321,39.343,37.942,38.03,39.239
6364.26262,1.57127393966656,37.378,39.278,38.005,37.853,38.866
6362.33405,1.57175022899026,37.355,39.23,38.05,37.746,38.619
6360.40549,1.57222680467814,37.444,39.297,38.026,37.785,38.627
6358.47692,1.57270367193532,37.482,39.201,37.944,37.849,38.784
6356.54836,1.57318082607964,37.299,38.919,37.84,37.834,38.842
6354.61979,1.57365827232285,37.011,38.774,37.746,37.784,38.649
6352.69123,1.57413600597742,36.837,38.863,37.663,37.849,38.45
6350.76267,1.57461402978235,36.867,39.047,37.609,38.038,38.359
6348.8341,1.57509234648296,36.926,39.102,37.619,38.065,38.26
6346.90554,1.57557095138366,36.84,39,37.664,37.903,38.285
6344.97697,1.57604984971285,36.731,38.999,37.709,37.799,38.366
6343.04841,1.57652903676956,36.623,39.045,37.67,37.648,38.172
6341.11984,1.57700851778887,36.444,38.781,37.432,37.281,37.834
6339.19128,1.5774882880644,36.375,38.329,37.168,36.936,37.67
6337.26271,1.57796835283794,36.416,38.186,37.168,36.897,37.709
6335.33415,1.5784487073977,36.391,38.349,37.264,37.006,37.802
6333.40559,1.57892935449915,36.363,38.417,37.2,36.963,37.719
6331.47702,1.57941029690415,36.37,38.351,37.162,36.82,37.485
6329.54846,1.5798915298928,36.309,38.253,37.134,36.71,37.268
6327.61989,1.58037305872367,36.146,38.033,36.882,36.657,37.045
6325.69133,1.58085487867142,35.966,37.821,36.639,36.703,36.895
6323.76276,1.58133699500138,35.932,37.835,36.642,36.827,36.93
6321.8342,1.58181940298276,36.081,37.967,36.701,36.933,36.977
6319.90563,1.58230210788765,36.137,38.027,36.61,36.898,36.843
6317.97707,1.58278510497981,35.966,38.01,36.449,36.643,36.608
6316.04851,1.58326839703136,35.839,38.023,36.418,36.322,36.489
6314.11994,1.58375198682083,35.905,38.042,36.488,36.228,36.539
6312.19138,1.58423586960381,35.978,37.891,36.47,36.465,36.602
6310.26281,1.58472005066933,35.876,37.62,36.327,36.749,36.576
6308.33425,1.58520452526751,35.718,37.558,36.244,36.746,36.568
6306.40568,1.58568929869415,35.655,37.695,36.32,36.58,36.6
6304.47712,1.58617436619391,35.559,37.665,36.305,36.42,36.471
6302.54855,1.58665973306941,35.431,37.474,36.136,36.183,36.236
6300.61999,1.58714539455981,35.423,37.386,36.075,35.903,36.104
6298.69143,1.587631353454,35.447,37.344,36.09,35.709,35.97
6296.76286,1.58811761254735,35.381,37.245,36.024,35.727,35.835
6294.8343,1.58860416707077,35.301,37.194,35.89,35.922,35.798
6292.90573,1.58909102234398,35.349,37.279,35.74,36.016,35.73
6290.97717,1.58957817359239,35.459,37.42,35.647,35.864,35.667
6289.0486,1.59006562614256,35.38,37.444,35.593,35.68,35.671
6287.12004,1.59055337521439,35.113,37.261,35.545,35.662,35.53
6285.19148,1.5910414236099,34.878,36.962,35.524,35.631,35.263
6283.26291,1.59152977413769,34.758,36.728,35.522,35.56,35.111
6281.33435,1.59201842200933,34.758,36.644,35.605,35.666,35.087
6279.40578,1.59250737256862,34.808,36.657,35.777,35.733,35.064
6277.47722,1.59299662102159,34.784,36.698,35.907,35.558,34.942
6275.54865,1.59348617271894,34.725,36.685,35.881,35.379,34.768
6273.62009,1.59397602286115,34.649,36.572,35.667,35.303,34.731
6271.69152,1.59446617680584,34.536,36.504,35.445,35.278,34.777
6269.76296,1.59495662974793,34.45,36.619,35.39,35.262,34.706
6267.8344,1.59544738450652,34.403,36.792,35.35,35.146,34.615
6265.90583,1.59593844390732,34.365,36.798,35.204,35.031,34.611
6263.97727,1.59642980313688,34.264,36.548,35.045,35.049,34.548
6262.0487,1.59692146757019,34.08,36.192,34.91,35.051,34.382
6260.12014,1.59741343238822,33.877,35.997,34.776,34.942,34.202
6258.19157,1.59790570297291,33.7,36.054,34.662,34.826,34.012
6256.26301,1.59839827449965,33.716,36.245,34.642,34.893,33.934
6254.33444,1.59889115235737,33.954,36.381,34.722,35.112,34.075
6252.40588,1.59938433171584,34.062,36.372,34.726,35.159,34.227
6250.47732,1.59987781541138,33.928,36.225,34.535,34.981,34.191
6248.54875,1.60037160628698,33.779,35.947,34.329,34.775,33.999
6246.62019,1.60086569950397,33.668,35.649,34.389,34.624,33.768
6244.69162,1.60136010046882,33.589,35.504,34.616,34.594,33.566
6242.76306,1.60185480433723,33.658,35.504,34.602,34.646,33.334
6240.83449,1.60234981652269,33.808,35.495,34.292,34.607,33.113
6238.90593,1.60284513217528,33.843,35.416,33.963,34.495,33.093
6236.97736,1.60334075671553,33.766,35.391,33.786,34.457,33.199
6235.0488,1.60383668528785,33.681,35.431,33.813,34.402,33.193
6233.12024,1.60433292074597,33.627,35.334,33.939,34.18,33.135
6231.19167,1.60482946595029,33.544,35.081,33.916,33.906,33.067
6229.26311,1.60532631603676,33.313,34.871,33.752,33.695,32.82
6227.33454,1.60582347644358,33.027,34.79,33.628,33.587,32.534
6225.40598,1.60632094230102,32.89,34.831,33.536,33.665,32.458
6223.47741,1.60681871905437,32.9,34.9,33.47,33.842,32.532
6221.54885,1.60731680182821,32.992,34.9,33.473,33.938,32.654
6219.62028,1.60781519607496,33.113,34.874,33.477,34.005,32.776
6217.69172,1.6083138969135,33.153,34.823,33.485,34.075,32.827
6215.76316,1.60881290721508,33.031,34.741,33.47,33.937,32.745
6213.83459,1.60931222985773,32.786,34.737,33.335,33.606,32.542
6211.90603,1.60981185995178,32.532,34.782,33.206,33.419,32.355
6209.97746,1.61031180296748,32.328,34.696,33.14,33.413,32.242
6208.0489,1.61081205400943,32.199,34.5,32.968,33.357,32.133
6206.12033,1.61131261855505,32.195,34.362,32.761,33.178,32.027
6204.19177,1.61181349170321,32.314,34.3,32.732,32.977,32.017
6202.2632,1.61231467893849,32.412,34.253,32.814,32.843,32.109
6200.33464,1.61281617535405,32.333,34.216,32.791,32.76,32.146
6198.40608,1.61331798383884,32.161,34.206,32.68,32.679,32.053
6196.47751,1.61382010728867,32.069,34.224,32.588,32.599,31.905
6194.54895,1.61432254078806,32.037,34.22,32.478,32.557,31.786
6192.62038,1.61482528983958,31.981,34.147,32.392,32.599,31.76
6190.69182,1.61532834952201,31.923,34.046,32.421,32.704,31.764
6188.76325,1.61583172534512,31.863,33.977,32.472,32.742,31.727
6186.83469,1.61633541238193,31.784,33.901,32.419,32.662,31.746
6184.90612,1.61683941614946,31.706,33.741,32.304,32.591,31.804
6182.97756,1.61734373171492,31.624,33.541,32.191,32.616,31.751
6181.049,1.61784836198516,31.581,33.417,32.074,32.684,31.665
6179.12043,1.61835330987391,31.572,33.304,32.019,32.649,31.665
6177.19187,1.61885857043971,31.484,33.102,32.047,32.466,31.657
6175.2633,1.61936414921774,31.373,32.982,32.049,32.334,31.57
6173.33474,1.61987004126071,31.326,32.992,31.942,32.279,31.421
6171.40617,1.62037625211111,31.245,32.974,31.794,32.136,31.239
6169.47761,1.62088277681585,31.142,33.02,31.704,31.989,31.15
6167.54904,1.62138962092468,31.097,33.199,31.611,31.953,31.218
6165.62048,1.62189677947871,31.074,33.263,31.493,31.931,31.314
6163.69192,1.62240425540282,31.047,33.057,31.434,31.894,31.338
6161.76335,1.62291205162886,30.965,32.777,31.461,31.861,31.25
6159.83479,1.62342016318915,30.8,32.691,31.506,31.781,31.022
6157.90622,1.62392859565179,30.704,32.767,31.451,31.721,30.852
6155.97766,1.62443734404325,30.734,32.716,31.346,31.689,30.91
6154.04909,1.62494641393899,30.738,32.51,31.245,31.56,31.019
6152.12053,1.62545580035962,30.75,32.441,31.127,31.391,30.944
6150.19196,1.62596550888795,30.87,32.549,31.048,31.299,30.766
6148.2634,1.62647553453875,30.869,32.604,30.98,31.199,30.729
6146.33484,1.6269858802551,30.559,32.532,30.891,31.055,30.811
6144.40627,1.62749654898715,30.189,32.48,30.865,31.048,30.864
6142.47771,1.62800753574082,30.061,32.495,30.873,31.161,30.923
6140.54914,1.6285188461174,30.148,32.422,30.823,31.149,30.999
6138.62058,1.62903047511694,30.231,32.23,30.764,31.052,30.945
6136.69201,1.62954242834814,30.18,31.987,30.687,30.992,30.706
6134.76345,1.63005470080513,29.975,31.7,30.545,30.883,30.499
6132.83489,1.63056729544532,29.804,31.445,30.483,30.712,30.47
6130.90632,1.63108021523317,29.808,31.339,30.507,30.55,30.503
6128.97776,1.63159345515393,29.796,31.366,30.419,30.456,30.526
6127.04919,1.63210702083494,29.69,31.389,30.186,30.48,30.573
6125.12063,1.6326209072555,29.669,31.396,29.959,30.537,30.646
6123.19206,1.63313512005044,29.778,31.502,29.861,30.559,30.695
6121.2635,1.63364965419313,29.864,31.659,29.842,30.577,30.694
6119.33493,1.63416451532585,29.755,31.67,29.872,30.506,30.586
6117.40637,1.63467969841605,29.479,31.578,29.982,30.287,30.346
6115.47781,1.63519520643964,29.212,31.542,30.01,30.01,30.163
6113.54924,1.6357110423797,29.087,31.454,29.844,29.813,30.203
6111.62068,1.63622720119469,29.124,31.29,29.628,29.817,30.389
6109.69211,1.63674368854571,29.221,31.247,29.5,29.893,30.549
6107.76355,1.63726049938525,29.282,31.291,29.452,29.853,30.565
6105.83498,1.63777763938193,29.258,31.204,29.446,29.77,30.469
6103.90642,1.63829510348227,29.103,30.949,29.461,29.707,30.35
6101.97785,1.63881289736245,28.862,30.703,29.417,29.612,30.239
6100.04929,1.63933101596299,28.696,30.585,29.207,29.527,30.168
6098.12073,1.63984946227852,28.71,30.576,28.919,29.478,30.172
6096.19216,1.64036823931088,28.736,30.625,28.805,29.407,30.212
6094.2636,1.64088734199157,28.557,30.637,28.901,29.348,30.234
6092.33503,1.64140677601573,28.317,30.525,28.984,29.358,30.262
6090.40647,1.64192653630883,28.267,30.412,28.906,29.402,30.275
6088.4779,1.64244662857362,28.31,30.429,28.72,29.383,30.194
6086.54934,1.64296704772954,28.226,30.42,28.535,29.2,30.09
6084.62077,1.64348779948697,28.064,30.228,28.4,28.952,30.079
6082.69221,1.6440088787593,27.975,29.981,28.305,28.852,30.093
6080.76365,1.64453028856006,27.899,29.843,28.229,28.88,30.027
6078.83508,1.64505203191004,27.792,29.763,28.149,28.884,29.964
6076.90652,1.64557410371355,27.733,29.655,28.038,28.809,30.002
6074.97795,1.64609650970009,27.71,29.612,27.908,28.645,30.045
6073.04939,1.64661924476791,27.751,29.686,27.796,28.424,30.03
6071.12082,1.64714231465418,27.822,29.715,27.738,28.262,30.079
6069.19226,1.64766571425108,27.789,29.599,27.736,28.19,30.161
6067.26369,1.64818944930346,27.689,29.446,27.725,28.124,30.07
6065.33513,1.64871351469742,27.582,29.338,27.701,28.064,29.882
6063.40657,1.64923791346553,27.506,29.255,27.678,28.066,29.85
6061.478,1.64976264864774,27.468,29.159,27.607,28.068,29.906
6059.54944,1.65028771512095,27.344,29.06,27.529,28.001,29.902
6057.62087,1.65081311864934,27.133,29.026,27.496,27.929,29.932
6055.69231,1.6513388541037,26.986,29.034,27.428,27.861,29.967
6053.76374,1.65186492725598,26.94,29.027,27.282,27.742,29.894
6051.83518,1.65239133297084,26.906,29,27.149,27.638,29.87
6049.90661,1.65291807702797,26.854,28.908,27.047,27.607,30.028
6047.97805,1.6534451542859,26.822,28.773,26.938,27.586,30.217
6046.04949,1.6539725677965,26.781,28.639,26.835,27.499,30.231
6044.12092,1.654500320619,26.656,28.527,26.764,27.328,30.13
6042.19236,1.6550284076027,26.431,28.482,26.722,27.158,30.15
6040.26379,1.65555683454679,26.202,28.449,26.622,27.057,30.242
6038.33523,1.6560855962944,26.061,28.319,26.41,26.989,30.196
6036.40666,1.65661469865253,25.994,28.152,26.147,26.951,30.038
6034.4781,1.65714413645813,25.949,28.135,25.919,26.907,29.937
6032.54953,1.65767391552606,25.897,28.208,25.857,26.842,29.985
6030.62097,1.65820403068708,25.876,28.181,25.999,26.872,30.129
6028.69241,1.65873448501248,25.88,28.092,26.128,26.936,30.232
6026.76384,1.65926528158104,25.808,28.021,26.054,26.801,30.178
6024.83528,1.65979641521419,25.664,27.998,25.908,26.522,29.988
6022.90671,1.66032789174648,25.508,28.032,25.847,26.391,29.879
6020.97815,1.66085970599312,25.379,28.032,25.8,26.463,29.901
6019.04958,1.66139186379654,25.293,27.912,25.7,26.539,29.912
6017.12102,1.66192435996576,25.212,27.693,25.632,26.531,29.949
6015.19245,1.66245720035109,25.214,27.453,25.633,26.425,30.078
6013.26389,1.66299037975531,25.318,27.288,25.591,26.198,30.186
6011.33533,1.66352390126937,25.297,27.245,25.438,25.995,30.115
6009.40676,1.66405776799173,25.109,27.252,25.258,25.979,29.959
6007.4782,1.66459197471578,24.927,27.208,25.17,26.051,29.946
6005.54963,1.66512652731171,24.802,27.075,25.21,26.017,29.981
6003.62107,1.66566142056664,24.736,26.939,25.262,25.884,29.962
6001.6925,1.66619666035872,24.715,26.944,25.181,25.813,29.991
5999.76394,1.66673224146882,24.665,27.052,24.991,25.855,30.07
5997.83538,1.66726816700328,24.591,27.038,24.822,25.891,30.19
5995.90681,1.66780444007601,24.543,26.865,24.756,25.828,30.352
5993.97825,1.66834105545845,24.478,26.743,24.772,25.727,30.496
5992.04968,1.66887801904873,24.381,26.73,24.778,25.636,30.522
5990.12112,1.66941532561198,24.311,26.65,24.675,25.523,30.414
5988.19255,1.66995298105436,24.255,26.474,24.456,25.417,30.343
5986.26399,1.67049098013467,24.147,26.393,24.265,25.342,30.424
5984.33542,1.67102932876714,24.029,26.43,24.204,25.268,30.56
5982.40686,1.67156802170423,23.979,26.41,24.202,25.268,30.611
5980.4783,1.67210706207228,23.941,26.343,24.221,25.357,30.544
5978.54973,1.67264645300525,23.854,26.317,24.284,25.335,30.436
5976.62117,1.67318618924612,23.733,26.298,24.303,25.116,30.336
5974.6926,1.67372627672928,23.609,26.273,24.2,24.861,30.324
5972.76404,1.67426671019135,23.534,26.215,24,24.677,30.439
5970.83547,1.67480749557482,23.516,26.027,23.757,24.538,30.501
5968.90691,1.67534862760994,23.468,25.746,23.628,24.434,30.411
5966.97834,1.67589011224733,23.362,25.569,23.645,24.369,30.355
5965.04978,1.67643194421087,23.29,25.554,23.622,24.377,30.421
5963.12122,1.67697412664705,23.272,25.589,23.508,24.439,30.47
5961.19265,1.6775166627101,23.244,25.611,23.385,24.426,30.437
5959.26409,1.67805954711432,23.152,25.594,23.292,24.325,30.388
5957.33552,1.67860278583067,22.969,25.512,23.237,24.225,30.385
5955.40696,1.67914637356706,22.793,25.372,23.162,24.135,30.426
5953.47839,1.67969031630264,22.666,25.243,23.065,24.033,30.442
5951.54983,1.68023460873888,22.532,25.236,23.042,23.898,30.448
5949.62126,1.68077925686315,22.462,25.297,23.032,23.741,30.479
5947.6927,1.68132425537049,22.471,25.206,22.897,23.588,30.428
5945.76414,1.68186960742779,22.457,24.941,22.697,23.496,30.327
5943.83557,1.6824153162097,22.416,24.703,22.527,23.515,30.373
5941.90701,1.68296137640161,22.406,24.581,22.358,23.555,30.561
5939.97844,1.68350779401145,22.408,24.614,22.272,23.537,30.739
5938.04988,1.68405456371815,22.361,24.756,22.337,23.486,30.795
5936.12131,1.68460169153787,22.211,24.716,22.373,23.44,30.681
5934.19275,1.68514917214309,22.004,24.445,22.332,23.407,30.479
5932.26418,1.68569701155824,21.901,24.28,22.289,23.341,30.35
5930.33562,1.68624520444932,21.916,24.303,22.156,23.234,30.407
5928.40706,1.6867937540038,21.878,24.285,21.944,23.122,30.546
5926.47849,1.68734266341697,21.742,24.191,21.808,22.999,30.554
5924.54993,1.6878919273451,21.591,24.125,21.781,22.891,30.46
5922.62136,1.68844155183339,21.484,24.082,21.8,22.799,30.392
5920.6928,1.68899153153158,21.416,23.984,21.745,22.696,30.34
5918.76423,1.6895418724932,21.326,23.836,21.548,22.636,30.341
5916.83567,1.69009256936149,21.162,23.769,21.376,22.607,30.414
5914.9071,1.69064362819832,20.986,23.823,21.374,22.517,30.463
5912.97854,1.69119504364039,20.87,23.872,21.451,22.381,30.493
5911.04998,1.69174681889596,20.798,23.831,21.484,22.284,30.577
5909.12141,1.69229895718118,20.772,23.71,21.395,22.214,30.612
5907.19285,1.69285145312295,20.773,23.576,21.21,22.166,30.514
5905.26428,1.6934043128041,20.695,23.469,21.069,22.233,30.44
5903.33572,1.69395753084495,20.549,23.381,20.991,22.357,30.521
5901.40715,1.69451111333676,20.437,23.319,20.901,22.348,30.624
5899.47859,1.69506505489327,20.359,23.299,20.793,22.206,30.598
5897.55002,1.69561936161416,20.293,23.333,20.753,22.024,30.483
5895.62146,1.69617402810661,20.27,23.349,20.765,21.812,30.388
5893.6929,1.69672905759986,20.272,23.247,20.712,21.646,30.433
5891.76433,1.69728445333115,20.239,23.082,20.655,21.59,30.633
5889.83577,1.69784020989774,20.134,22.971,20.648,21.568,30.804
5887.9072,1.69839633342047,19.952,22.888,20.574,21.492,30.801
5885.97864,1.69895281849001,19.808,22.801,20.406,21.389,30.608
5884.05007,1.69950967123568,19.792,22.817,20.209,21.359,30.301
5882.12151,1.70006688624153,19.775,22.924,20.015,21.375,30.17
5880.19294,1.70062446964538,19.689,22.927,19.872,21.346,30.302
5878.26438,1.70118241602464,19.592,22.746,19.838,21.278,30.43
5876.33582,1.70174072862977,19.493,22.529,19.921,21.161,30.48
5874.40725,1.70229941071927,19.441,22.428,20.016,21.002,30.563
5872.47869,1.70285845686057,19.443,22.355,20.036,20.864,30.602
5870.55012,1.70341787321288,19.403,22.209,20.047,20.789,30.528
5868.62156,1.70397765433694,19.299,22.113,20.055,20.819,30.487
5866.69299,1.70453780640054,19.153,22.09,19.956,20.893,30.542
5864.76443,1.70509832395775,19.018,22.07,19.77,20.845,30.579
5862.83587,1.70565921027566,18.944,22.092,19.607,20.697,30.592
5860.9073,1.70622046862949,18.883,22.101,19.528,20.594,30.622
5858.97874,1.70678209356329,18.787,22.045,19.497,20.461,30.616
5857.05017,1.70734409126634,18.641,21.995,19.41,20.22,30.559
5855.12161,1.70790645627598,18.479,21.914,19.258,20.06,30.487
5853.19304,1.70846919479013,18.352,21.718,19.107,20.071,30.411
5851.26448,1.70903230133942,18.259,21.501,18.977,20.121,30.335
5849.33591,1.70959578213042,18.256,21.382,18.862,20.14,30.318
5847.40735,1.71015963168702,18.306,21.351,18.778,20.139,30.334
5845.47879,1.71072385329791,18.22,21.37,18.749,20.067,30.241
5843.55022,1.71128845025995,18.038,21.378,18.715,19.872,30.09
5841.62166,1.71185341708693,17.965,21.325,18.648,19.71,30.055
5839.69309,1.71241876000713,17.981,21.26,18.618,19.68,30.14
5837.76453,1.71298447352758,17.954,21.212,18.606,19.641,30.261
5835.83596,1.71355056388528,17.881,21.138,18.54,19.572,30.346
5833.9074,1.71411702558049,17.796,21.059,18.414,19.542,30.337
5831.97883,1.71468386485895,17.704,21.003,18.28,19.47,30.282
5830.05027,1.71525107621413,17.64,20.877,18.19,19.312,30.275
5828.12171,1.71581866295651,17.593,20.633,18.142,19.221,30.281
5826.19314,1.71638662840484,17.5,20.399,18.132,19.263,30.209
5824.26458,1.71695496704238,17.332,20.308,18.099,19.294,30.106
5822.33601,1.71752368513682,17.196,20.348,18.03,19.224,30.088
5820.40745,1.7180927771646,17.161,20.398,17.95,19.067,30.152
5818.47888,1.7186622494022,17.09,20.407,17.808,18.863,30.185
5816.55032,1.71923209631925,16.926,20.384,17.663,18.698,30.119
5814.62175,1.71980232420105,16.805,20.3,17.622,18.639,30.061
5812.69319,1.72037292751039,16.769,20.171,17.615,18.645,30.133
5810.76463,1.72094390957976,16.747,20.1,17.554,18.586,30.252
5808.83606,1.72151527375004,16.726,20.116,17.476,18.414,30.304
5806.9075,1.72208701447371,16.72,20.097,17.418,18.241,30.301
5804.97893,1.72265913805823,16.683,19.979,17.364,18.151,30.314
5803.05037,1.72323163894922,16.6,19.823,17.305,18.104,30.401
5801.1218,1.72380452346303,16.51,19.678,17.204,18.073,30.482
5799.19324,1.72437778603839,16.432,19.589,17.072,18.078,30.446
5797.26467,1.72495143300056,16.339,19.551,16.975,18.084,30.37
5795.33611,1.72552545878137,16.226,19.503,16.869,18.051,30.392
5793.40755,1.7260998667356,16.087,19.434,16.783,17.941,30.467
5791.47898,1.72667466022643,15.916,19.367,16.823,17.785,30.425
5789.55042,1.72724983367534,15.793,19.354,16.863,17.701,30.288
5787.62185,1.72782539342995,15.741,19.343,16.769,17.629,30.18
5785.69329,1.72840133390479,15.661,19.205,16.652,17.462,30.108
5783.76472,1.72897766145646,15.532,19.019,16.592,17.312,30.13
5781.83616,1.72955437049257,15.418,18.966,16.524,17.264,30.28
5779.90759,1.7301314673787,15.368,19.048,16.431,17.268,30.4
5777.97903,1.73070894651551,15.378,19.099,16.321,17.305,30.393
5776.05047,1.73128681128023,15.374,18.99,16.165,17.36,30.316
5774.1219,1.73186506505864,15.305,18.785,16.04,17.38,30.212
5772.19334,1.73244370224092,15.178,18.646,16.035,17.35,30.138
5770.26477,1.73302272921525,15.022,18.589,16.069,17.288,30.144
5768.33621,1.73360214036484,14.895,18.531,16.016,17.167,30.211
5766.40764,1.73418194208691,14.815,18.451,15.878,17.014,30.311
5764.47908,1.7347621287577,14.716,18.357,15.745,16.881,30.356
5762.55051,1.73534270678349,14.612,18.302,15.66,16.753,30.301
5760.62195,1.73592367053353,14.573,18.361,15.562,16.648,30.221
5758.69339,1.73650502340775,14.57,18.459,15.486,16.579,30.197
5756.76482,1.73708676881471,14.544,18.437,15.53,16.478,30.27
5754.83626,1.7376689011131,14.467,18.273,15.617,16.333,30.358
5752.90769,1.738251426732,14.372,18.087,15.587,16.26,30.342
5750.97913,1.73883434002307,14.322,17.977,15.435,16.288,30.271
5749.05056,1.73941764742455,14.299,17.906,15.287,16.253,30.24
5747.122,1.74000134328104,14.226,17.839,15.182,16.11,30.24
5745.19343,1.74058543403995,14.08,17.765,15.066,16,30.259
5743.26487,1.74116991403881,13.925,17.637,15.011,15.922,30.293
5741.33631,1.74175478670052,13.799,17.523,15.086,15.83,30.32
5739.40774,1.74234005545666,13.696,17.496,15.099,15.808,30.398
5737.47918,1.74292571463414,13.606,17.493,14.93,15.841,30.537
5735.55061,1.74351177070339,13.487,17.442,14.775,15.822,30.632
5733.62205,1.74409821798422,13.365,17.35,14.755,15.782,30.645
5731.69348,1.7446850629563,13.337,17.263,14.745,15.722,30.562
5729.76492,1.74527229993233,13.377,17.251,14.66,15.575,30.412
5727.83635,1.74585993540126,13.379,17.322,14.555,15.396,30.363
5725.90779,1.74644796366866,13.317,17.34,14.509,15.26,30.441
5723.97923,1.74703638818061,13.224,17.258,14.5,15.192,30.476
5722.05066,1.74762521239195,13.166,17.188,14.46,15.144,30.468
5720.1221,1.74821443059756,13.125,17.109,14.399,15.011,30.496
5718.19353,1.74880404930961,13.002,16.964,14.344,14.837,30.538
5716.26497,1.74939406281581,12.819,16.825,14.241,14.748,30.593
5714.3364,1.74998447763768,12.681,16.749,14.101,14.742,30.607
5712.40784,1.75057528805576,12.622,16.739,14.014,14.749,30.517
5710.47928,1.75116649753434,12.618,16.756,13.981,14.738,30.458
5708.55071,1.75175810954651,12.548,16.691,13.945,14.712,30.571
5706.62215,1.75235011836205,12.384,16.526,13.875,14.671,30.734
5704.69358,1.75294253052589,12.301,16.394,13.792,14.599,30.753
5702.76502,1.75353534030059,12.325,16.322,13.756,14.489,30.676
5700.83645,1.75412855424049,12.341,16.271,13.748,14.353,30.682
5698.90789,1.75472216660094,12.323,16.283,13.669,14.215,30.793
5696.97932,1.75531618394571,12.252,16.308,13.54,14.126,30.897
5695.05076,1.7559106005229,12.102,16.252,13.471,14.104,30.922
5693.1222,1.75650541982043,11.944,16.146,13.399,14.074,30.868
5691.19363,1.7571006453351,11.88,16.055,13.245,14.013,30.821
5689.26507,1.75769627130416,11.864,16.003,13.163,13.994,30.868
5687.3365,1.75829230431503,11.768,15.941,13.249,14.007,30.976
5685.40794,1.75888873859771,11.592,15.854,13.34,13.976,31.082
5683.47937,1.7594855807491,11.421,15.787,13.279,13.879,31.125
5681.55081,1.76008282499193,11.335,15.727,13.117,13.778,31.069
5679.62224,1.76068047793263,11.408,15.716,12.981,13.734,31.029
5677.69368,1.76127853378663,11.586,15.761,12.89,13.713,31.091
5675.76512,1.76187699606569,11.662,15.737,12.813,13.669,31.198
5673.83655,1.76247586829057,11.527,15.617,12.774,13.636,31.319
5671.90799,1.76307514466574,11.314,15.488,12.776,13.608,31.423
5669.97942,1.76367483182152,11.153,15.398,12.792,13.538,31.423
5668.05086,1.76427492395508,11.033,15.339,12.83,13.402,31.335
5666.12229,1.76487542770631,10.896,15.262,12.789,13.195,31.297
5664.19373,1.76547633726504,10.716,15.147,12.589,13.012,31.362
5662.26516,1.7660776592808,10.575,15.049,12.389,12.979,31.453
5660.3366,1.76667938793605,10.513,14.995,12.335,13.064,31.52
5658.40804,1.76728152676667,10.453,14.984,12.337,13.12,31.517
5656.47947,1.76788407931763,10.41,15.025,12.274,13.046,31.44
5654.55091,1.76848703976033,10.413,15.061,12.183,12.862,31.373
5652.62234,1.76909041476845,10.362,15.041,12.1,12.708,31.344
5650.69378,1.76969419850601,10.227,15.024,12.022,12.639,31.355
5648.76521,1.77029839765636,10.075,15.002,12.007,12.561,31.43
5646.83665,1.77090300637615,9.932,14.888,12.035,12.451,31.536
5644.90808,1.77150803135841,9.837,14.743,11.993,12.389,31.607
5642.97952,1.7721134667524,9.838,14.653,11.91,12.423,31.647
5641.05096,1.77271931611836,9.893,14.6,11.847,12.499,31.726
5639.12239,1.7733255830257,9.912,14.574,11.754,12.469,31.824
5637.19383,1.77393226161251,9.835,14.538,11.656,12.316,31.838
5635.26526,1.77453935859623,9.678,14.445,11.638,12.183,31.801
5633.3367,1.77514686810749,9.492,14.345,11.621,12.101,31.855
5631.40813,1.77575479687351,9.355,14.299,11.518,12.016,31.975
5629.47957,1.77636313901748,9.319,14.275,11.403,11.943,31.978
5627.551,1.77697190127642,9.308,14.237,11.344,11.892,31.871
5625.62244,1.77758107776604,9.277,14.2,11.277,11.836,31.836
5623.69388,1.77819067207122,9.275,14.14,11.169,11.746,31.878
5621.76531,1.77880068778609,9.265,14.028,11.095,11.631,31.884
5619.83675,1.77941111901516,9.184,13.922,11.077,11.548,31.861
5617.90818,1.78002197252003,9.052,13.871,11.066,11.503,31.895
5615.97962,1.7806332423977,8.913,13.864,11.025,11.5,31.982
5614.05105,1.78124493541967,8.795,13.859,10.942,11.559,32.069
5612.12249,1.78185704567542,8.695,13.86,10.873,11.547,32.144
5610.19392,1.78246957994636,8.618,13.899,10.895,11.404,32.199
5608.26536,1.78308253231441,8.624,13.944,10.955,11.287,32.204
5606.3368,1.78369590638936,8.681,13.961,10.928,11.232,32.156
5604.40823,1.78430970579029,8.661,13.909,10.82,11.149,32.124
5602.47967,1.78492392458784,8.537,13.769,10.735,11.014,32.13
5600.5511,1.78553856958827,8.411,13.659,10.668,10.9,32.14
5598.62254,1.78615363485462,8.375,13.646,10.565,10.885,32.156
5596.69397,1.78676912720314,8.384,13.621,10.509,10.932,32.177
5594.76541,1.78738504068931,8.362,13.541,10.512,10.945,32.185
5592.83684,1.78800138213937,8.32,13.481,10.466,10.878,32.155
5590.90828,1.7886181456012,8.272,13.46,10.406,10.8,32.113
5588.97972,1.78923533470971,8.213,13.459,10.365,10.788,32.143
5587.05115,1.78985295310926,8.137,13.461,10.285,10.776,32.23
5585.12259,1.7904709948363,8.044,13.423,10.204,10.725,32.338
5583.19402,1.79108946674219,7.922,13.316,10.184,10.687,32.459
5581.26546,1.79170836285576,7.789,13.18,10.187,10.634,32.471
5579.33689,1.79232769003845,7.671,13.109,10.119,10.505,32.384
5577.40833,1.79294744231144,7.558,13.141,9.959,10.343,32.372
5575.47977,1.79356762332939,7.448,13.189,9.829,10.259,32.414
5573.5512,1.79418823675649,7.377,13.148,9.802,10.273,32.411
5571.62264,1.79480927660241,7.372,13.041,9.778,10.296,32.405
5569.69407,1.79543074975391,7.397,12.969,9.693,10.264,32.396
5567.76551,1.79605265021299,7.403,12.938,9.632,10.202,32.318
5565.83694,1.79667498487658,7.384,12.9,9.637,10.142,32.225
5563.90838,1.79729774773897,7.34,12.878,9.642,10.096,32.246
5561.97981,1.79792094570728,7.282,12.902,9.582,10.05,32.363
5560.05125,1.7985445727681,7.184,12.95,9.464,9.957,32.437
5558.12269,1.79916863260174,7.014,12.961,9.378,9.827,32.431
5556.19412,1.7997931288981,6.849,12.893,9.349,9.712,32.39
5554.26556,1.80041805563218,6.786,12.824,9.337,9.655,32.347
5552.33699,1.80104341973667,6.804,12.817,9.346,9.663,32.322
5550.40843,1.80166921517882,6.778,12.769,9.329,9.65,32.33
5548.47986,1.80229544890157,6.674,12.62,9.211,9.572,32.376
5546.5513,1.80292211486442,6.59,12.47,9.08,9.48,32.431
5544.62273,1.8035492200206,6.608,12.401,9.042,9.376,32.463
5542.69417,1.80417675832185,6.647,12.398,9.033,9.271,32.506
5540.76561,1.80480473347437,6.567,12.414,9.018,9.241,32.571
5538.83704,1.80543314919408,6.426,12.393,8.999,9.286,32.621
5536.90848,1.80606199942102,6.375,12.351,8.934,9.301,32.594
5534.97991,1.80669129113424,6.397,12.341,8.871,9.227,32.454
5533.05135,1.80732101826599,6.388,12.329,8.862,9.121,32.261
5531.12278,1.80795118780567,6.306,12.312,8.848,9.056,32.137
5529.19422,1.80858179367771,6.202,12.306,8.811,9.04,32.151
5527.26565,1.80921284288191,6.135,12.248,8.779,9.037,32.232
5525.33709,1.80984432933485,6.102,12.198,8.745,9.029,32.27
5523.40853,1.81047625676893,6.071,12.224,8.701,8.985,32.214
5521.47996,1.81110862892637,6.007,12.214,8.613,8.889,32.142
5519.5514,1.81174143971193,5.942,12.127,8.476,8.779,32.193
5517.62283,1.81237469615153,5.887,12.05,8.373,8.665,32.298
5515.69427,1.81300839214208,5.809,12.007,8.303,8.545,32.277
5513.7657,1.81364253471997,5.723,11.957,8.207,8.454,32.121
5511.83714,1.8142771177742,5.657,11.848,8.169,8.463,32.002
5509.90857,1.81491214835167,5.648,11.71,8.26,8.577,32.031
5507.98001,1.8155476203335,5.683,11.665,8.368,8.638,32.078
5506.05145,1.81618353747857,5.619,11.712,8.358,8.537,32.02
5504.12288,1.81681990355564,5.425,11.741,8.254,8.392,31.919
5502.19432,1.81745671243396,5.264,11.746,8.176,8.287,31.838
5500.26575,1.81809397118676,5.223,11.74,8.151,8.198,31.792
5498.33719,1.81873167367533,5.217,11.718,8.096,8.149,31.768
5496.40862,1.8193698269835,5.203,11.719,7.992,8.169,31.742
5494.48006,1.8200084249646,5.196,11.746,7.896,8.209,31.715
5492.55149,1.82064747471307,5.134,11.755,7.834,8.186,31.682
5490.62293,1.82128697007427,5.015,11.7,7.776,8.115,31.627
5488.69437,1.82192691483385,4.93,11.598,7.687,8.072,31.554
5486.7658,1.82256731278744,4.865,11.503,7.599,8.036,31.458
5484.83724,1.82320815776842,4.766,11.449,7.587,7.973,31.353
5482.90867,1.82384945689785,4.68,11.437,7.614,7.917,31.322
5480.98011,1.8244912040011,4.646,11.429,7.6,7.903,31.392
5479.05154,1.82513340620994,4.642,11.424,7.573,7.933,31.464
5477.12298,1.8257760573417,4.658,11.466,7.585,7.977,31.449
5475.19441,1.82641916453885,4.653,11.507,7.547,7.959,31.393
5473.26585,1.82706272161072,4.6,11.439,7.41,7.83,31.393
5471.33729,1.82770673236999,4.564,11.334,7.341,7.662,31.419
5469.40872,1.82835120063947,4.542,11.295,7.43,7.543,31.406
5467.48016,1.82899612021637,4.494,11.272,7.523,7.482,31.32
5465.55159,1.82964149827008,4.444,11.234,7.469,7.454,31.174
5463.62303,1.83028732858973,4.407,11.235,7.361,7.444,31.045
5461.69446,1.8309336183555,4.348,11.245,7.312,7.4,30.93
5459.7659,1.83158036134846,4.263,11.23,7.29,7.311,30.838
5457.83733,1.83222756475961,4.196,11.194,7.231,7.287,30.853
5455.90877,1.8328752223619,4.172,11.072,7.096,7.333,30.898
5453.98021,1.83352333799539,4.166,10.912,6.941,7.317,30.877
5452.05164,1.83417191551032,4.143,10.858,6.905,7.261,30.858
5450.12308,1.83482094866746,4.102,10.874,6.976,7.267,30.818
5448.19451,1.83547044468499,4.084,10.842,6.982,7.278,30.685
5446.26595,1.83612039731552,4.098,10.798,6.908,7.209,30.567
5444.33738,1.83677081378818,4.119,10.818,6.905,7.153,30.549
5442.40882,1.8374216878474,4.121,10.81,6.948,7.153,30.509
5440.48026,1.83807302335474,4.024,10.704,6.901,7.06,30.349
5438.55169,1.83872482418201,3.86,10.664,6.836,6.934,30.188
5436.62313,1.83937708406137,3.77,10.74,6.856,6.95,30.111
5434.69456,1.84002981024936,3.736,10.79,6.875,7.024,30.05
5432.766,1.84068299646994,3.691,10.782,6.869,7.038,29.996
5430.83743,1.84133664999064,3.693,10.785,6.915,7.015,29.97
5428.90887,1.84199076452724,3.707,10.801,6.894,6.905,29.916
5426.9803,1.84264534735827,3.592,10.768,6.704,6.688,29.813
5425.05174,1.84330039219128,3.428,10.625,6.517,6.509,29.701
5423.12318,1.84395590291571,3.397,10.452,6.448,6.465,29.595
5421.19461,1.84461188343135,3.472,10.366,6.435,6.506,29.484
5419.26605,1.84526832743338,3.493,10.34,6.424,6.542,29.387
5417.33748,1.84592524222803,3.459,10.336,6.436,6.582,29.313
5415.40892,1.8465826215022,3.459,10.347,6.47,6.649,29.21
5413.48035,1.84724047257325,3.442,10.338,6.438,6.663,29.104
5411.55179,1.84789878911978,3.343,10.269,6.321,6.575,29.082
5409.62322,1.84855757847032,3.254,10.122,6.245,6.475,29.067
5407.69466,1.84921683429515,3.223,9.998,6.231,6.405,28.963
5405.7661,1.84987656051193,3.199,9.985,6.22,6.312,28.822
5403.83753,1.85053676104877,3.136,10.005,6.186,6.191,28.745
5401.90897,1.8511974295635,3.068,9.995,6.124,6.098,28.744
5399.9804,1.8518585734126,3.056,10.009,6.105,6.078,28.744
5398.05184,1.85252018624556,3.089,10.046,6.162,6.143,28.68
5396.12327,1.85318227543012,3.096,10.023,6.174,6.231,28.556
5394.19471,1.85384483460739,3.026,9.92,6.059,6.179,28.451
5392.26614,1.85450787115637,2.947,9.821,5.924,5.993,28.413
5390.33758,1.85517137870983,2.947,9.801,5.877,5.912,28.404
5388.40902,1.85583536121391,2.974,9.863,5.884,6.005,28.367
5386.48045,1.85649982262537,2.959,9.898,5.865,6.091,28.252
5384.55189,1.85716475656436,2.864,9.795,5.799,6.046,28.062
5382.62332,1.85783017043816,2.698,9.668,5.755,5.979,27.891
5380.69476,1.85849605785852,2.616,9.676,5.79,5.931,27.821
5378.76619,1.85916242624408,2.714,9.774,5.872,5.842,27.779
5376.83763,1.85982926919815,2.794,9.787,5.924,5.748,27.643
5374.90906,1.86049659415075,2.685,9.686,5.902,5.715,27.493
5372.9805,1.86116439469676,2.545,9.612,5.791,5.714,27.391
5371.05194,1.86183267481118,2.48,9.57,5.62,5.676,27.265
5369.12337,1.86250143847971,2.467,9.494,5.524,5.604,27.156
5367.19481,1.86317067928451,2.511,9.402,5.569,5.59,27.106
5365.26624,1.86384040468419,2.588,9.323,5.629,5.647,27.032
5363.33768,1.86451060825243,2.571,9.266,5.576,5.686,26.905
5361.40911,1.86518129745932,2.434,9.272,5.475,5.642,26.784
5359.48055,1.86585246587004,2.323,9.344,5.422,5.567,26.711
5357.55198,1.86652412096616,2.287,9.38,5.417,5.542,26.66
5355.62342,1.86719625630437,2.296,9.32,5.455,5.565,26.553
5353.69486,1.86786887588883,2.35,9.231,5.488,5.576,26.406
5351.76629,1.8685419837345,2.433,9.182,5.434,5.535,26.304
5349.83773,1.86921557338525,2.468,9.179,5.362,5.466,26.208
5347.90916,1.86988965235154,2.43,9.184,5.381,5.415,26.102
5345.9806,1.87056421416868,2.376,9.144,5.448,5.383,26.025
5344.05203,1.87123926635872,2.28,9.093,5.448,5.304,25.958
5342.12347,1.8719148024484,2.192,9.093,5.421,5.212,25.889
5340.1949,1.87259082997139,2.239,9.102,5.476,5.238,25.798
5338.26634,1.87326734244586,2.297,9.035,5.49,5.317,25.647
5336.33778,1.87394434390546,2.207,8.911,5.319,5.277,25.478
5334.40921,1.87462183839473,2.113,8.849,5.132,5.157,25.371
5332.48065,1.87529981941894,2.151,8.882,5.055,5.063,25.3
5330.55208,1.87597829454093,2.245,8.935,5.058,5.051,25.203
5328.62352,1.87665725725731,2.268,8.937,5.073,5.077,25.083
5326.69495,1.87733671514266,2.178,8.878,5.018,5.045,24.932
5324.76639,1.87801666168495,2.03,8.806,4.919,5.022,24.764
5322.83782,1.87869710447049,1.93,8.75,4.875,5.076,24.632
5320.90926,1.87937803697859,1.936,8.716,4.898,5.098,24.511
5318.9807,1.88005946327273,2.013,8.683,4.943,5.059,24.402
5317.05213,1.8807413874274,2.059,8.611,4.968,5.029,24.346
5315.12357,1.88142380290888,2.011,8.548,4.951,4.997,24.278
5313.195,1.88210671733298,1.934,8.538,4.909,4.958,24.142
5311.26644,1.88279012415728,1.92,8.544,4.83,4.952,24.011
5309.33787,1.88347403100945,1.925,8.506,4.741,4.984,23.922
5307.40931,1.88415843133832,1.897,8.387,4.727,5.011,23.806
5305.48074,1.88484333278345,1.87,8.267,4.781,5.008,23.669
5303.55218,1.88552872878494,1.865,8.24,4.867,4.98,23.595
5301.62362,1.88621462343643,1.883,8.265,4.947,4.926,23.528
5299.69505,1.8869010208427,1.907,8.278,4.889,4.869,23.368
5297.76649,1.88758791443071,1.918,8.298,4.717,4.839,23.2
5295.83792,1.88827531186982,1.928,8.338,4.633,4.827,23.117
5293.90936,1.88896320657821,1.97,8.346,4.696,4.845,23.044
5291.98079,1.88965160623722,2.016,8.312,4.786,4.887,22.898
5290.05223,1.89034050425623,1.992,8.262,4.741,4.869,22.696
5288.12367,1.89102990475259,1.929,8.213,4.588,4.767,22.537
5286.1951,1.89171981185484,1.878,8.19,4.514,4.681,22.48
5284.26654,1.89241021895917,1.82,8.189,4.553,4.661,22.452
5282.33797,1.89310113377694,1.792,8.204,4.598,4.666,22.357
5280.40941,1.8937925496955,1.789,8.221,4.605,4.637,22.222
5278.48084,1.89448447443829,1.779,8.21,4.594,4.583,22.13
5276.55228,1.8951769013838,1.801,8.149,4.589,4.567,22.069
5274.62371,1.89586983826757,1.864,8.062,4.572,4.6,21.96
5272.69515,1.89656327845922,1.893,8.004,4.539,4.648,21.809
5270.76659,1.89725722610684,1.848,7.975,4.543,4.681,21.675
5268.83802,1.8979516853699,1.811,7.961,4.574,4.684,21.552
5266.90946,1.89864664960464,1.819,7.971,4.59,4.678,21.436
5264.98089,1.89934212657703,1.823,7.979,4.58,4.683,21.335
5263.05233,1.90003810963438,1.848,7.954,4.544,4.632,21.214
5261.12376,1.90073460655486,1.886,7.9,4.507,4.534,21.054
5259.1952,1.90143161067686,1.872,7.859,4.478,4.478,20.912
5257.26663,1.90212912979078,1.849,7.842,4.465,4.472,20.831
5255.33807,1.90282715722606,1.857,7.815,4.487,4.477,20.781
5253.40951,1.90352569716196,1.86,7.794,4.505,4.48,20.708
5251.48094,1.90422475378917,1.898,7.811,4.507,4.514,20.611
5249.55238,1.90492432042368,1.972,7.822,4.525,4.576,20.486
5247.62381,1.9056244048866,1.988,7.751,4.531,4.592,20.332
5245.69525,1.90632500048492,1.902,7.643,4.508,4.535,20.196
5243.76668,1.90702611505209,1.749,7.619,4.475,4.451,20.093
5241.83812,1.90772774188609,1.641,7.668,4.465,4.369,19.989
5239.90955,1.90842988883272,1.667,7.693,4.512,4.321,19.875
5237.98099,1.90913254918094,1.778,7.651,4.524,4.338,19.746
5236.05243,1.90983572714149,1.856,7.6,4.435,4.396,19.621
5234.12386,1.91053942693668,1.849,7.575,4.373,4.425,19.526
5232.1953,1.91124364184189,1.81,7.55,4.417,4.388,19.448
5230.26673,1.91194837973397,1.831,7.531,4.469,4.332,19.392
5228.33817,1.91265363387923,1.906,7.539,4.446,4.338,19.324
5226.4096,1.91335941216701,1.93,7.546,4.362,4.373,19.175
5224.48104,1.9140657078545,1.845,7.544,4.291,4.332,18.976
5222.55247,1.91477252884355,1.761,7.545,4.302,4.276,18.835
5220.62391,1.91547986838225,1.761,7.508,4.364,4.306,18.76
5218.69535,1.91618773071319,1.779,7.416,4.373,4.354,18.673
5216.76678,1.91689612009069,1.729,7.338,4.314,4.332,18.571
5214.83822,1.91760502974913,1.64,7.332,4.296,4.267,18.501
5212.90965,1.91831446762174,1.603,7.384,4.362,4.219,18.424
5210.98109,1.91902442693378,1.656,7.424,4.437,4.235,18.274
5209.05252,1.91973491563107,1.771,7.418,4.494,4.308,18.083
5207.12396,1.92044592692969,1.862,7.375,4.538,4.344,17.938
5205.19539,1.92115746878812,1.867,7.321,4.512,4.31,17.841
5203.26683,1.92186953441325,1.822,7.299,4.443,4.29,17.759
5201.33827,1.9225821280799,1.803,7.29,4.413,4.278,17.704
5199.4097,1.92329525407471,1.807,7.238,4.407,4.235,17.656
5197.48114,1.92400890559076,1.772,7.19,4.387,4.211,17.545
5195.55257,1.92472309061825,1.721,7.212,4.37,4.214,17.349
5193.62401,1.92543780234103,1.716,7.265,4.339,4.182,17.17
5191.69544,1.92615304876204,1.741,7.306,4.299,4.121,17.081
5189.76688,1.92686882305588,1.767,7.324,4.32,4.09,17.027
5187.83831,1.92758513323828,1.807,7.288,4.395,4.089,16.974
5185.90975,1.92830197247455,1.838,7.225,4.441,4.097,16.944
5183.98119,1.92901934507212,1.815,7.205,4.444,4.147,16.924
5182.05262,1.92973725535037,1.786,7.208,4.422,4.221,16.882
5180.12406,1.93045569646068,1.801,7.19,4.38,4.25,16.778
5178.19549,1.93117467645085,1.833,7.165,4.37,4.232,16.609
5176.26693,1.93189418846296,1.84,7.153,4.412,4.197,16.446
5174.33836,1.93261424055771,1.851,7.143,4.463,4.15,16.355
5172.4098,1.93333482586782,1.908,7.143,4.482,4.093,16.319
5170.48123,1.93405595246692,1.943,7.167,4.44,4.05,16.249
5168.55267,1.9347776134784,1.913,7.184,4.382,4.073,16.1
5166.62411,1.93549981324266,1.9,7.147,4.37,4.144,15.945
5164.69554,1.93622255611219,1.926,7.075,4.39,4.177,15.846
5162.76698,1.9369458351963,1.953,7.052,4.424,4.15,15.783
5160.83841,1.93766965860107,1.988,7.092,4.458,4.083,15.734
5158.90985,1.93839401942641,2.022,7.114,4.477,4.013,15.677
5156.98128,1.93911892579141,2.036,7.071,4.509,4.025,15.584
5155.05272,1.93984437078657,2.015,7.006,4.554,4.106,15.481
5153.12416,1.94057035877824,1.975,6.971,4.582,4.13,15.39
5151.19559,1.94129689414492,1.986,6.949,4.565,4.077,15.307
5149.26703,1.94202396996296,2.05,6.916,4.508,4.012,15.245
5147.33846,1.94275159438418,2.093,6.905,4.487,3.962,15.179
5145.4099,1.94347976047545,2.118,6.926,4.548,3.965,15.08
5143.48133,1.94420847640172,2.164,6.953,4.62,4.031,15.004
5141.55277,1.94493773522041,2.195,6.969,4.606,4.107,14.974
5139.6242,1.94566754510962,2.186,6.961,4.524,4.151,14.924
5137.69564,1.94639789911728,2.174,6.944,4.491,4.133,14.859
5135.76708,1.9471288016434,2.169,6.945,4.527,4.071,14.82
5133.83851,1.9478602571003,2.13,6.955,4.53,4.026,14.765
5131.90995,1.94859225852161,2.057,6.921,4.476,4.001,14.657
5129.98138,1.94932481411853,2.014,6.845,4.469,3.975,14.497
5128.05282,1.95005791691514,2.034,6.8,4.546,3.99,14.34
5126.12425,1.95079157513593,2.078,6.784,4.62,4.054,14.263
5124.19569,1.95152578179543,2.124,6.786,4.596,4.105,14.229
5122.26712,1.95226054513143,2.183,6.822,4.51,4.1,14.187
5120.33856,1.95299585814888,2.248,6.837,4.503,4.044,14.164
5118.41,1.95373172528188,2.29,6.81,4.598,3.975,14.12
5116.48143,1.95446815097695,2.284,6.773,4.668,3.961,14.022
5114.55287,1.95520512822463,2.27,6.715,4.644,4.035,13.964
5112.6243,1.95594266529618,2.317,6.646,4.594,4.095,13.977
5110.69574,1.95668075517248,2.416,6.626,4.595,4.067,13.97
5108.76717,1.95741940613825,2.498,6.665,4.628,4.036,13.898
5106.83861,1.95815861116473,2.542,6.713,4.65,4.08,13.788
5104.91004,1.95889837855008,2.558,6.709,4.671,4.145,13.708
5102.98148,1.95963870125588,2.562,6.674,4.666,4.174,13.686
5101.05292,1.96037958375072,2.593,6.688,4.596,4.185,13.679
5099.12435,1.96112103051576,2.656,6.714,4.538,4.198,13.685
5097.19579,1.96186303449803,2.692,6.665,4.564,4.203,13.689
5095.26722,1.96260560402954,2.687,6.576,4.629,4.212,13.643
5093.33866,1.9633487320476,2.695,6.508,4.675,4.248,13.58
5091.41009,1.96409242689779,2.723,6.495,4.703,4.269,13.545
5089.48153,1.96483668150771,2.748,6.563,4.724,4.235,13.539
5087.55296,1.96558150423657,2.779,6.653,4.727,4.183,13.545
5085.6244,1.96632688800219,2.796,6.683,4.707,4.157,13.533
5083.69584,1.96707283730806,2.757,6.629,4.688,4.192,13.493
5081.76727,1.96781935667038,2.702,6.541,4.707,4.267,13.453
5079.83871,1.96856643899231,2.725,6.496,4.744,4.312,13.428
5077.91014,1.96931409266726,2.85,6.508,4.754,4.286,13.418
5075.98158,1.97006231058861,2.974,6.558,4.761,4.225,13.423
5074.05301,1.97081110116349,3.011,6.632,4.794,4.185,13.394
5072.12445,1.97156045727545,3.019,6.687,4.81,4.218,13.302
5070.19588,1.97231038734543,3.065,6.679,4.791,4.304,13.238
5068.26732,1.97306088424712,3.108,6.628,4.793,4.331,13.274
5066.33876,1.97381195251934,3.108,6.582,4.825,4.279,13.326
5064.41019,1.97456359671372,3.098,6.566,4.862,4.257,13.327
5062.48163,1.97531580968917,3.127,6.587,4.895,4.313,13.346
5060.55306,1.97606859990121,3.201,6.617,4.882,4.394,13.393
5058.6245,1.97682196019886,3.291,6.625,4.846,4.429,13.39
5056.69593,1.97757589905154,3.37,6.603,4.847,4.387,13.366
5054.76737,1.97833040929834,3.421,6.544,4.853,4.316,13.396
5052.8388,1.97908549942262,3.445,6.473,4.849,4.296,13.451
5050.91024,1.97984116225356,3.462,6.445,4.881,4.33,13.478
5048.98168,1.9805974023657,3.493,6.495,4.912,4.37,13.48
5047.05311,1.98135422434657,3.527,6.571,4.887,4.382,13.468
5045.12455,1.98211162101043,3.515,6.558,4.871,4.374,13.458
5043.19598,1.98286960087559,3.495,6.47,4.92,4.384,13.479
5041.26742,1.98362815674634,3.567,6.437,4.974,4.425,13.522
5039.33885,1.98438729715506,3.679,6.48,4.996,4.47,13.557
5037.41029,1.98514701489602,3.711,6.517,5.013,4.506,13.585
5035.48172,1.9859073185157,3.686,6.508,5.029,4.536,13.654
5033.55316,1.98666820079834,3.691,6.483,5.045,4.573,13.768
5031.6246,1.98742966635468,3.751,6.516,5.064,4.608,13.844
5029.69603,1.98819171980856,3.849,6.629,5.086,4.607,13.877
5027.76747,1.98895435392918,3.935,6.723,5.113,4.572,13.923
5025.8389,1.98971757729839,3.96,6.695,5.139,4.559,13.964
5023.91034,1.99048138267531,3.964,6.587,5.183,4.6,14.02
5021.98177,1.99124577865602,4.031,6.532,5.245,4.673,14.156
5020.05321,1.99201075798956,4.153,6.556,5.265,4.733,14.289
5018.12464,1.99277632928623,4.241,6.569,5.249,4.741,14.323
5016.19608,1.99354248528499,4.28,6.544,5.25,4.722,14.348
5014.26752,1.99430923063315,4.32,6.533,5.261,4.741,14.442
5012.33895,1.99507656999134,4.382,6.573,5.28,4.762,14.539
5010.41039,1.99584449608328,4.437,6.623,5.331,4.765,14.605
5008.48182,1.99661301755509,4.461,6.637,5.362,4.81,14.673
5006.55326,1.99738212712033,4.485,6.638,5.344,4.882,14.756
5004.62469,1.99815183343948,4.521,6.658,5.31,4.925,14.834
5002.69613,1.99892212921595,4.564,6.678,5.284,4.941,14.92
5000.76757,1.99969301912586,4.623,6.681,5.269,4.958,15.041
4998.839,2.00046450785873,4.688,6.663,5.286,4.993,15.163
4996.91044,2.00123658810263,4.745,6.644,5.331,5.016,15.26
4994.98187,2.00200926855416,4.792,6.653,5.371,5.005,15.352
4993.05331,2.00278254189119,4.832,6.691,5.403,5.011,15.443
4991.12474,2.0035564168248,4.883,6.753,5.417,5.088,15.544
4989.19618,2.00433088602261,4.955,6.82,5.404,5.181,15.654
4987.26761,2.00510595821025,5.034,6.838,5.431,5.236,15.746
4985.33905,2.00588162604507,5.074,6.804,5.517,5.279,15.847
4983.41049,2.00665789424062,5.072,6.772,5.55,5.309,16.008
4981.48192,2.00743476752396,5.096,6.767,5.486,5.297,16.204
4979.55336,2.00821223853699,5.168,6.782,5.425,5.276,16.351
4977.62479,2.00899031604188,5.262,6.809,5.442,5.293,16.412
4975.69623,2.0097689926702,5.352,6.829,5.513,5.341,16.447
4973.76766,2.01054827719878,5.446,6.843,5.59,5.402,16.545
4971.8391,2.01132816224886,5.522,6.861,5.642,5.447,16.685
4969.91053,2.01210865661197,5.528,6.882,5.66,5.453,16.801
4967.98197,2.012889752899,5.512,6.896,5.664,5.469,16.916
4966.05341,2.01367145586137,5.553,6.894,5.685,5.524,17.059
4964.12484,2.01445377026417,5.629,6.87,5.725,5.562,17.217
4962.19628,2.01523668870269,5.704,6.862,5.725,5.559,17.385
4960.26771,2.01602022000542,5.788,6.9,5.706,5.583,17.565
4958.33915,2.01680435675724,5.89,6.94,5.719,5.666,17.753
4956.41058,2.01758910780148,5.988,6.975,5.723,5.728,17.926
4954.48202,2.01837446571256,6.056,7.041,5.747,5.755,18.046
4952.55345,2.01916043934872,6.079,7.082,5.847,5.803,18.131
4950.62489,2.01994702127391,6.073,7.043,5.965,5.829,18.244
4948.69633,2.02073421627793,6.111,6.987,6.033,5.787,18.401
4946.76776,2.02152202916435,6.201,6.992,6.053,5.761,18.564
4944.8392,2.02231045248145,6.278,7.05,6.053,5.811,18.718
4942.91063,2.0230994951248,6.348,7.135,6.049,5.89,18.841
4940.98207,2.02388914963215,6.452,7.199,6.054,5.988,18.895
4939.0535,2.02467942491411,6.575,7.191,6.081,6.092,18.942
4937.12494,2.02547031349788,6.685,7.175,6.124,6.144,19.06
4935.19637,2.02626182430913,6.766,7.222,6.154,6.176,19.227
4933.26781,2.02705394986452,6.831,7.275,6.155,6.226,19.414
4931.33925,2.02784669499264,6.903,7.278,6.173,6.271,19.604
4929.41068,2.02864006453607,6.972,7.269,6.248,6.295,19.762
4927.48212,2.0294340509956,7.019,7.298,6.327,6.31,19.883
4925.55355,2.0302286633347,7.064,7.33,6.334,6.349,19.977
4923.62499,2.03102389404356,7.111,7.326,6.3,6.413,20.069
4921.69642,2.03181975210084,7.152,7.313,6.325,6.464,20.184
4919.76786,2.0326162299861,7.209,7.326,6.424,6.493,20.303
4917.83929,2.03341333669324,7.272,7.362,6.503,6.512,20.402
4915.91073,2.03421106469116,7.319,7.409,6.529,6.543,20.48
4913.98217,2.03500941884777,7.39,7.445,6.558,6.597,20.564
4912.0536,2.0358084040451,7.476,7.467,6.619,6.639,20.71
4910.12504,2.03660801273607,7.56,7.505,6.68,6.665,20.901
4908.19647,2.0374082539528,7.679,7.563,6.713,6.719,21.052
4906.26791,2.03820912013751,7.789,7.614,6.743,6.794,21.145
4904.33934,2.0390106203377,7.841,7.65,6.799,6.857,21.244
4902.41078,2.03981274698486,7.887,7.677,6.84,6.892,21.371
4900.48221,2.04061550914191,7.97,7.678,6.832,6.898,21.467
4898.55365,2.04141889922957,8.046,7.667,6.831,6.925,21.523
4896.62509,2.04222292215555,8.072,7.662,6.877,7.004,21.606
4894.69652,2.04302758284185,8.093,7.667,6.94,7.068,21.731
4892.76796,2.04383287369303,8.165,7.718,6.993,7.097,21.869
4890.83939,2.04463880381073,8.268,7.807,7.044,7.144,21.982
4888.91083,2.04544536558872,8.369,7.875,7.094,7.211,22.046
4886.98226,2.04625256814417,8.457,7.906,7.119,7.273,22.099
4885.0537,2.04706040386004,8.552,7.897,7.134,7.345,22.174
4883.12513,2.0478688818691,8.636,7.877,7.172,7.401,22.241
4881.19657,2.04867799454346,8.694,7.888,7.231,7.385,22.28
4879.26801,2.04948774683111,8.765,7.903,7.302,7.349,22.34
4877.33944,2.05029814369451,8.83,7.911,7.378,7.391,22.424
4875.41088,2.05110917748947,8.873,7.944,7.462,7.506,22.454
4873.48231,2.05192085738791,8.951,7.973,7.55,7.617,22.437
4871.55375,2.05273317573474,9.084,7.99,7.614,7.695,22.453
4869.62518,2.05354614171763,9.224,8.023,7.659,7.747,22.522
4867.69662,2.05435974767055,9.335,8.049,7.689,7.778,22.602
4865.76806,2.05517399857321,9.399,8.076,7.708,7.799,22.652
4863.83949,2.05598889941987,9.436,8.103,7.747,7.839,22.665
4861.91093,2.05680444252812,9.505,8.12,7.819,7.904,22.689
4859.98236,2.05762063712511,9.601,8.161,7.882,7.95,22.75
4858.0538,2.05843747551746,9.677,8.226,7.91,8,22.801
4856.12523,2.05925496694821,9.745,8.294,7.942,8.096,22.799
4854.19667,2.06007310371296,9.809,8.357,7.979,8.183,22.795
4852.2681,2.06089189507068,9.867,8.388,8.003,8.215,22.848
4850.33954,2.06171133330596,9.943,8.38,8.061,8.207,22.912
4848.41098,2.06253142343969,10.047,8.375,8.152,8.197,22.922
4846.48241,2.06335217050752,10.146,8.428,8.229,8.225,22.887
4844.55385,2.06417356677747,10.213,8.506,8.319,8.287,22.825
4842.62528,2.06499562154848,10.276,8.535,8.446,8.367,22.744
4840.69672,2.06581832707751,10.36,8.528,8.553,8.457,22.694
4838.76815,2.06664169267957,10.454,8.538,8.595,8.542,22.694
4836.83959,2.0674657106005,10.528,8.584,8.589,8.607,22.69
4834.91102,2.06829039017144,10.602,8.66,8.576,8.661,22.66
4832.98246,2.0691157236271,10.709,8.747,8.596,8.719,22.634
4831.0539,2.06994171603012,10.819,8.795,8.654,8.784,22.619
4829.12533,2.07076837245804,10.914,8.777,8.74,8.864,22.6
4827.19677,2.07159568512887,11.003,8.775,8.86,8.949,22.577
4825.2682,2.07242366341419,11.087,8.842,9.001,9.013,22.552
4823.33964,2.07325229952084,11.16,8.921,9.131,9.052,22.527
4821.41107,2.07408160283666,11.24,8.959,9.215,9.079,22.482
4819.48251,2.07491156555727,11.348,8.978,9.258,9.079,22.396
4817.55394,2.07574219708685,11.46,9.01,9.287,9.047,22.292
4815.62538,2.07657348960978,11.556,9.043,9.313,9.056,22.186
4813.69682,2.07740544823095,11.638,9.072,9.34,9.154,22.087
4811.76825,2.07823807807036,11.687,9.116,9.374,9.27,22.001
4809.83969,2.07907137129554,11.739,9.181,9.411,9.353,21.904
4807.91112,2.07990533735158,11.833,9.243,9.457,9.422,21.812
4805.98256,2.08073996839473,11.945,9.277,9.533,9.491,21.762
4804.05399,2.08157527388655,12.052,9.29,9.611,9.553,21.747
4802.12543,2.08241124597197,12.138,9.312,9.655,9.616,21.709
4800.19686,2.08324789412908,12.217,9.372,9.706,9.677,21.628
4798.2683,2.08408521049146,12.324,9.456,9.79,9.705,21.552
4796.33974,2.08492320020683,12.432,9.507,9.884,9.716,21.483
4794.41117,2.08576186843816,12.497,9.506,9.972,9.766,21.358
4792.48261,2.08660120730203,12.559,9.49,10.046,9.846,21.182
4790.55404,2.08744122631795,12.664,9.518,10.09,9.923,21.041
4788.62548,2.0882819175911,12.781,9.615,10.126,10.007,20.948
4786.69691,2.08912329065765,12.875,9.734,10.198,10.1,20.851
4784.76835,2.08996533761138,12.944,9.83,10.285,10.173,20.744
4782.83978,2.09080806800516,13.027,9.898,10.35,10.233,20.641
4780.91122,2.09165147392133,13.142,9.935,10.425,10.286,20.555
4778.98266,2.09249556055096,13.261,9.954,10.506,10.299,20.471
4777.05409,2.09334033310056,13.354,9.973,10.546,10.307,20.341
4775.12553,2.09418578363531,13.404,9.996,10.578,10.391,20.164
4773.19696,2.09503192174999,13.438,10.055,10.642,10.499,19.984
4771.2684,2.09587873949829,13.484,10.138,10.707,10.539,19.821
4769.33983,2.09672624649186,13.553,10.158,10.764,10.554,19.677
4767.41127,2.09757443477286,13.652,10.118,10.823,10.613,19.565
4765.4827,2.09842331396985,13.767,10.115,10.852,10.671,19.444
4763.55414,2.09927287611346,13.889,10.18,10.867,10.695,19.277
4761.62558,2.10012312643868,13.997,10.257,10.918,10.738,19.112
4759.69701,2.10097407019612,14.069,10.302,10.979,10.827,18.973
4757.76845,2.10182569939905,14.111,10.316,11.013,10.906,18.837
4755.83988,2.10267802371849,14.143,10.315,11.047,10.946,18.712
4753.91132,2.10353103515612,14.21,10.318,11.11,10.977,18.592
4751.98275,2.10438474340001,14.32,10.341,11.182,11.01,18.45
4750.05419,2.10523914044021,14.409,10.378,11.254,11.058,18.298
4748.12562,2.1060942359819,14.459,10.409,11.317,11.137,18.183
4746.19706,2.10695002200351,14.499,10.453,11.357,11.217,18.097
4744.2685,2.10780650378451,14.531,10.523,11.401,11.263,17.99
4742.33993,2.1086636866202,14.58,10.574,11.465,11.285,17.834
4740.41137,2.10952156247149,14.706,10.588,11.532,11.315,17.675
4738.4828,2.11038014108651,14.874,10.613,11.598,11.369,17.598
4736.55424,2.11123941441448,15.013,10.699,11.663,11.425,17.571
4734.62567,2.1120993922208,15.133,10.822,11.727,11.474,17.528
4732.69711,2.11296006644296,15.269,10.905,11.801,11.542,17.484
4730.76855,2.11382144239544,15.412,10.94,11.885,11.662,17.434
4728.83998,2.1146835254087,15.498,10.985,11.968,11.785,17.358
4726.91142,2.11554630740256,15.529,11.064,12.063,11.838,17.261
4724.98285,2.11640979818583,15.588,11.149,12.164,11.863,17.154
4723.05429,2.11727398966655,15.69,11.209,12.221,11.935,17.081
4721.12572,2.11813889167095,15.782,11.258,12.249,12.052,17.068
4719.19716,2.11900449609526,15.853,11.307,12.291,12.182,17.069
4717.26859,2.11987081278321,15.935,11.351,12.363,12.283,17.046
4715.34003,2.12073783361918,16.038,11.42,12.457,12.347,17.022
4713.41147,2.12160556396321,16.143,11.526,12.559,12.422,17.021
4711.4829,2.12247400919146,16.246,11.632,12.666,12.518,17.015
4709.55434,2.12334316117053,16.352,11.708,12.757,12.605,16.983
4707.62577,2.12421302978805,16.456,11.777,12.826,12.682,16.956
4705.69721,2.12508360689871,16.555,11.871,12.904,12.747,16.97
4703.76864,2.12595490240779,16.663,11.979,12.993,12.798,17.032
4701.84008,2.12682690815805,16.782,12.062,13.071,12.874,17.129
4699.91151,2.12769963407247,16.892,12.122,13.135,12.977,17.201
4697.98295,2.12857307198188,16.989,12.204,13.205,13.048,17.237
4696.05439,2.12944722729244,17.077,12.306,13.291,13.08,17.281
4694.12582,2.13032210542665,17.172,12.401,13.369,13.128,17.318
4692.19726,2.13119769819737,17.276,12.481,13.418,13.207,17.338
4690.26869,2.13207401557202,17.374,12.545,13.454,13.296,17.378
4688.34013,2.13295104935145,17.472,12.602,13.525,13.413,17.452
4686.41156,2.13382880952095,17.575,12.667,13.638,13.56,17.549
4684.483,2.13470728786933,17.684,12.746,13.745,13.679,17.632
4682.55443,2.13558649439981,17.8,12.814,13.819,13.739,17.685
4680.62587,2.13646642088914,17.894,12.858,13.885,13.772,17.74
4678.69731,2.13734707279023,17.961,12.902,13.969,13.837,17.797
4676.76874,2.13822845557251,18.028,12.961,14.073,13.944,17.855
4674.84018,2.13911056099462,18.094,13.064,14.186,14.047,17.919
4672.91161,2.13999339910476,18.149,13.209,14.279,14.146,17.978
4670.98305,2.14087696164943,18.232,13.318,14.327,14.254,18.043
4669.05448,2.14176125869493,18.367,13.359,14.379,14.334,18.157
4667.12592,2.14264628197561,18.519,13.398,14.471,14.381,18.296
4665.19735,2.1435320415759,18.656,13.484,14.576,14.452,18.405
4663.26879,2.144418529218,18.774,13.588,14.659,14.567,18.493
4661.34023,2.14530575040218,18.879,13.685,14.734,14.68,18.575
4659.41166,2.14619371064543,18.997,13.804,14.841,14.774,18.657
4657.4831,2.14708240165166,19.12,13.937,14.972,14.868,18.733
4655.55453,2.14797183355084,19.221,14.031,15.081,14.962,18.812
4653.62597,2.14886199803462,19.305,14.071,15.173,15.029,18.915
4651.6974,2.14975290525132,19.394,14.116,15.254,15.089,19.029
4649.76884,2.15064454688031,19.501,14.202,15.308,15.182,19.159
4647.84027,2.15153693308828,19.607,14.31,15.356,15.297,19.308
4645.91171,2.15243005554232,19.712,14.425,15.436,15.406,19.457
4643.98315,2.15332391979071,19.83,14.532,15.525,15.494,19.598
4642.05458,2.15421853139866,19.941,14.619,15.615,15.563,19.712
4640.12602,2.15511388201478,20.047,14.698,15.728,15.653,19.795
4638.19745,2.15600998185189,20.177,14.776,15.833,15.763,19.88
4636.26889,2.15690682254627,20.32,14.848,15.92,15.866,19.993
4634.34032,2.15780441432924,20.446,14.908,16.037,15.95,20.122
4632.41176,2.15870274882473,20.548,14.984,16.175,16.044,20.257
4630.48319,2.15960183628266,20.642,15.097,16.293,16.186,20.406
4628.55463,2.16050166831454,20.742,15.218,16.402,16.327,20.549
4626.62607,2.1614022505173,20.842,15.319,16.517,16.408,20.685
4624.6975,2.16230358850498,20.93,15.407,16.614,16.46,20.829
4622.76894,2.16320567387043,21.022,15.508,16.699,16.528,20.957
4620.84037,2.16410851691031,21.127,15.644,16.793,16.619,21.081
4618.91181,2.165012109205,21.234,15.774,16.895,16.74,21.233
4616.98324,2.16591646106994,21.348,15.865,17.008,16.887,21.396
4615.05468,2.166821564073,21.476,15.927,17.119,17.017,21.532
4613.12611,2.16772742854845,21.608,15.99,17.23,17.12,21.659
4611.19755,2.16863404605166,21.73,16.096,17.356,17.217,21.813
4609.26899,2.16954142222886,21.851,16.231,17.479,17.308,21.976
4607.34042,2.17044956274362,21.975,16.323,17.587,17.384,22.11
4605.41186,2.17135845913247,22.086,16.37,17.684,17.462,22.212
4603.48329,2.17226812177698,22.195,16.419,17.784,17.558,22.299
4601.55473,2.17317854220111,22.304,16.502,17.878,17.664,22.379
4599.62616,2.17408973080543,22.411,16.632,17.946,17.767,22.473
4597.6976,2.1750016791013,22.527,16.776,18.022,17.854,22.618
4595.76903,2.17591439750835,22.64,16.877,18.149,17.933,22.79
4593.84047,2.17682787752532,22.741,16.93,18.287,18.039,22.943
4591.91191,2.17774212484838,22.842,16.981,18.395,18.182,23.058
4589.98334,2.17865714519129,22.96,17.066,18.499,18.317,23.144
4588.05478,2.17957293003376,23.091,17.169,18.61,18.388,23.251
4586.12621,2.18048948984333,23.214,17.27,18.712,18.433,23.407
4584.19765,2.181406816087,23.32,17.353,18.824,18.525,23.58
4582.26908,2.18232491925158,23.407,17.411,18.929,18.659,23.729
4580.34052,2.18324379079135,23.49,17.465,19.01,18.797,23.855
4578.41196,2.18416343644184,23.594,17.558,19.112,18.918,23.974
4576.48339,2.18508386195629,23.733,17.677,19.243,19.032,24.092
4574.55483,2.18600505876984,23.868,17.781,19.367,19.14,24.217
4572.62626,2.18692703741766,23.963,17.888,19.482,19.237,24.355
4570.6977,2.1878497893221,24.049,17.998,19.608,19.335,24.473
4568.76913,2.18877332503777,24.153,18.076,19.73,19.424,24.538
4566.84057,2.18969763597419,24.279,18.157,19.825,19.497,24.606
4564.912,2.19062273270547,24.414,18.282,19.916,19.576,24.717
4562.98344,2.1915486066283,24.536,18.403,20.027,19.676,24.795
4561.05488,2.19247526352939,24.642,18.492,20.122,19.764,24.818
4559.12631,2.19340270921338,24.747,18.588,20.177,19.818,24.844
4557.19775,2.19433093505762,24.861,18.697,20.263,19.884,24.89
4555.26918,2.19525995168523,24.948,18.787,20.399,19.987,24.96
4553.34062,2.19618975046062,25.002,18.855,20.521,20.11,25.034
4551.41205,2.1971203420266,25.056,18.911,20.624,20.231,25.088
4549.48349,2.19805171773467,25.136,18.98,20.741,20.334,25.143
4547.55492,2.19898388824736,25.265,19.094,20.862,20.442,25.213
4545.62636,2.1999168449032,25.395,19.224,20.94,20.565,25.257
4543.6978,2.20085059354079,25.478,19.314,20.996,20.671,25.262
4541.76923,2.2017851400169,25.546,19.372,21.105,20.734,25.273
4539.84067,2.20272047565053,25.64,19.433,21.244,20.806,25.291
4537.9121,2.20365661115384,25.777,19.504,21.352,20.931,25.302
4535.98354,2.20459353783281,25.938,19.595,21.454,21.057,25.329
4534.05497,2.20553126641956,26.085,19.71,21.598,21.146,25.383
4532.12641,2.20646978820699,26.193,19.824,21.752,21.226,25.445
4530.19784,2.20740911394722,26.277,19.911,21.868,21.317,25.487
4528.26928,2.20834923492006,26.381,20.005,21.939,21.404,25.493
4526.34072,2.20929015701673,26.512,20.137,21.998,21.476,25.469
4524.41215,2.2102318861468,26.636,20.281,22.079,21.568,25.443
4522.48359,2.2111744135704,26.71,20.386,22.181,21.679,25.444
4520.55502,2.2121177500899,26.77,20.44,22.309,21.766,25.467
4518.62646,2.21306188695226,26.879,20.486,22.45,21.82,25.496
4516.69789,2.21400683498006,26.992,20.561,22.567,21.903,25.5
4514.76933,2.21495258540706,27.085,20.67,22.658,22.044,25.466
4512.84076,2.21589914907611,27.19,20.776,22.733,22.168,25.427
4510.9122,2.21684651720776,27.312,20.869,22.816,22.248,25.41
4508.98364,2.21779469574656,27.428,20.969,22.903,22.338,25.399
4507.05507,2.21874369065564,27.533,21.064,22.981,22.454,25.376
4505.12651,2.21969349313567,27.654,21.153,23.098,22.561,25.359
4503.19794,2.2206441140804,27.787,21.251,23.234,22.647,25.342
4501.26938,2.22159554467722,27.914,21.361,23.333,22.743,25.327
4499.34081,2.22254779584034,28.022,21.471,23.427,22.836,25.328
4497.41225,2.22350085874383,28.117,21.585,23.56,22.907,25.305
4495.48368,2.22445474432242,28.206,21.719,23.686,22.976,25.241
4493.55512,2.22540944373683,28.293,21.843,23.75,23.059,25.176
4491.62656,2.2263649629857,28.402,21.955,23.809,23.164,25.15
4489.69799,2.22732130808647,28.532,22.07,23.923,23.28,25.165
4487.76943,2.22827847017978,28.672,22.185,24.062,23.403,25.169
4485.84086,2.22923646025196,28.782,22.289,24.173,23.517,25.133
4483.9123,2.23019526943023,28.839,22.377,24.257,23.603,25.092
4481.98373,2.23115490872163,28.897,22.471,24.346,23.668,25.058
4480.05517,2.23211536923997,28.986,22.569,24.427,23.714,25.01
4478.1266,2.23307666201308,29.107,22.653,24.522,23.767,24.943
4476.19804,2.23403877814128,29.229,22.721,24.646,23.843,24.894
4474.26948,2.23500172367803,29.32,22.784,24.739,23.937,24.885
4472.34091,2.23596550469584,29.413,22.88,24.81,24.063,24.878
4470.41235,2.23693011227477,29.536,23.008,24.908,24.206,24.839
4468.48378,2.2378955574949,29.676,23.144,25.028,24.315,24.786
4466.55522,2.23886183142274,29.795,23.264,25.136,24.382,24.748
4464.62665,2.23982894515939,29.879,23.369,25.224,24.444,24.735
4462.69809,2.24079688975778,29.966,23.486,25.304,24.521,24.734
4460.76952,2.24176567634008,30.09,23.603,25.387,24.625,24.695
4458.84096,2.24273529594561,30.222,23.719,25.49,24.761,24.625
4456.9124,2.24370575468344,30.318,23.847,25.591,24.888,24.572
4454.98383,2.24467705868194,30.411,23.974,25.677,24.985,24.533
4453.05527,2.24564919895998,30.522,24.075,25.781,25.081,24.516
4451.1267,2.24662218669264,30.613,24.149,25.879,25.201,24.514
4449.19814,2.24759601288514,30.712,24.231,25.954,25.326,24.495
4447.26957,2.24857068873385,30.839,24.313,26.032,25.422,24.467
4445.34101,2.24954620523027,30.965,24.419,26.128,25.493,24.446
4443.41245,2.25052256852726,31.078,24.583,26.228,25.564,24.427
4441.48388,2.25149978479715,31.186,24.722,26.296,25.636,24.388
4439.55532,2.25247784501084,31.288,24.795,26.352,25.712,24.337
4437.62675,2.25345676041817,31.363,24.875,26.442,25.794,24.299
4435.69819,2.25443652197626,31.425,25.001,26.575,25.879,24.279
4433.76962,2.25541714095646,31.506,25.142,26.726,25.99,24.278
4431.84106,2.25639860830208,31.621,25.276,26.854,26.139,24.284
4429.91249,2.25738093530602,31.766,25.382,26.945,26.286,24.28
4427.98393,2.25836411289776,31.903,25.439,27.031,26.385,24.253
4426.05537,2.25934814728719,32.005,25.5,27.123,26.456,24.209
4424.1268,2.26033304470387,32.094,25.606,27.206,26.541,24.17
4422.19824,2.26131879605651,32.192,25.73,27.291,26.643,24.135
4420.26967,2.26230541269216,32.309,25.852,27.385,26.74,24.116
4418.34111,2.26329288550562,32.442,25.965,27.467,26.816,24.127
4416.41254,2.26428122586573,32.57,26.087,27.544,26.896,24.148
4414.48398,2.26527042465335,32.675,26.235,27.642,27.01,24.164
4412.55541,2.26626049325917,32.773,26.378,27.753,27.136,24.163
4410.62685,2.26725142255006,32.893,26.48,27.854,27.243,24.13
4408.69829,2.26824321879373,33.014,26.566,27.961,27.34,24.091
4406.76972,2.26923588827782,33.099,26.665,28.082,27.443,24.082
4404.84116,2.27022942184821,33.156,26.767,28.184,27.536,24.087
4402.91259,2.2712238309505,33.244,26.861,28.259,27.617,24.096
4400.98403,2.27221910641653,33.384,26.976,28.332,27.694,24.117
4399.05546,2.27321525971396,33.521,27.113,28.418,27.777,24.134
4397.1269,2.27421228166055,33.64,27.232,28.518,27.89,24.147
4395.19833,2.27521018374613,33.74,27.329,28.64,28.025,24.148
4393.26977,2.27620895677435,33.805,27.418,28.787,28.17,24.128
4391.34121,2.27720860707155,33.874,27.508,28.928,28.297,24.134
4389.41264,2.27820914098429,33.975,27.618,29.049,28.376,24.177
4387.48408,2.27921054929503,34.086,27.736,29.154,28.459,24.21
4385.55551,2.28021284354921,34.209,27.842,29.23,28.578,24.217
4383.62695,2.2812160145151,34.344,27.962,29.297,28.698,24.227
4381.69838,2.28222007376053,34.451,28.097,29.397,28.796,24.262
4379.76982,2.28322501203956,34.521,28.216,29.529,28.873,24.327
4377.84125,2.28423084094244,34.603,28.336,29.666,28.963,24.395
4375.91269,2.285237551209,34.721,28.454,29.788,29.084,24.43
4373.98413,2.28624514922508,34.841,28.54,29.892,29.204,24.445
4372.05556,2.287253641397,34.941,28.64,29.988,29.295,24.474
4370.127,2.28826301844317,35.031,28.793,30.077,29.384,24.526
4368.19843,2.28927329201023,35.122,28.93,30.154,29.498,24.593
4366.26987,2.29028445280227,35.232,29.003,30.225,29.624,24.671
4364.3413,2.29129651248861,35.353,29.069,30.318,29.745,24.749
4362.41274,2.292309461759,35.458,29.165,30.441,29.853,24.81
4360.48417,2.29332331230548,35.566,29.28,30.566,29.955,24.868
4358.55561,2.29433805480344,35.681,29.422,30.675,30.057,24.949
4356.62705,2.29535369569906,35.762,29.571,30.772,30.168,25.041
4354.69848,2.29637024145929,35.827,29.691,30.879,30.304,25.111
4352.76992,2.29738768273789,35.949,29.781,31.005,30.431,25.166
4350.84135,2.29840603128404,36.131,29.859,31.142,30.528,25.24
4348.91279,2.29942527773706,36.282,29.953,31.28,30.618,25.327
4346.98422,2.30044543386909,36.367,30.07,31.4,30.711,25.394
4345.05566,2.30146649030498,36.438,30.201,31.498,30.815,25.453
4343.12709,2.30248845883992,36.516,30.311,31.588,30.93,25.532
4341.19853,2.30351133008423,36.607,30.367,31.692,31.041,25.633
4339.26997,2.30453511054533,36.711,30.399,31.804,31.127,25.735
4337.3414,2.30555980675167,36.812,30.476,31.913,31.197,25.823
4335.41284,2.30658540929173,36.923,30.604,32.026,31.269,25.902
4333.48427,2.30761193001861,37.018,30.721,32.124,31.346,25.99
4331.55571,2.30863935950624,37.088,30.814,32.204,31.46,26.08
4329.62714,2.309667709631,37.155,30.912,32.289,31.615,26.16
4327.69858,2.31069697095217,37.23,31.014,32.391,31.781,26.244
4325.77001,2.3117271553695,37.335,31.12,32.499,31.919,26.351
4323.84145,2.31275825342763,37.469,31.237,32.591,32.013,26.488
4321.91289,2.31379027169611,37.604,31.362,32.679,32.1,26.628
4319.98432,2.31482321676575,37.726,31.476,32.794,32.2,26.729
4318.05576,2.31585707915916,37.838,31.571,32.946,32.302,26.796
4316.12719,2.31689187083479,37.962,31.666,33.102,32.396,26.881
4314.19863,2.31792758230049,38.084,31.773,33.226,32.504,26.997
4312.27006,2.31896422553832,38.176,31.885,33.342,32.628,27.121
4310.3415,2.32000179104138,38.26,32,33.481,32.732,27.245
4308.41294,2.32104028542817,38.364,32.111,33.62,32.834,27.377
4306.48437,2.32207971533866,38.469,32.208,33.731,32.952,27.505
4304.55581,2.32312007124377,38.557,32.301,33.828,33.072,27.602
4302.62724,2.32416136518487,38.645,32.405,33.916,33.19,27.68
4300.69868,2.325203587618,38.744,32.51,33.99,33.312,27.763
4298.77011,2.3262467506084,38.849,32.622,34.086,33.423,27.879
4296.84155,2.32729084459724,38.944,32.74,34.217,33.512,28.016
4294.91298,2.32833588167367,39.039,32.84,34.35,33.611,28.123
4292.98442,2.32938185226398,39.148,32.933,34.451,33.719,28.218
4291.05586,2.33042876305041,39.26,33.041,34.522,33.819,28.335
4289.12729,2.33147662073699,39.371,33.156,34.607,33.943,28.467
4287.19873,2.33252541572758,39.459,33.262,34.713,34.084,28.595
4285.27016,2.33357516017147,39.528,33.364,34.819,34.203,28.713
4283.3416,2.33462584445751,39.616,33.456,34.934,34.296,28.819
4281.41303,2.3356774807592,39.742,33.524,35.062,34.379,28.907
4279.48447,2.33673005945036,39.899,33.597,35.176,34.474,29.004
4277.5559,2.33778359272874,40.036,33.704,35.276,34.579,29.134
4275.62734,2.33883807095312,40.132,33.832,35.396,34.693,29.274
4273.69878,2.33989350087046,40.202,33.954,35.521,34.804,29.396
4271.77021,2.34094988924978,40.282,34.051,35.626,34.914,29.509
4269.84165,2.34200722642724,40.399,34.141,35.719,35.035,29.639
4267.91308,2.34306552466153,40.523,34.243,35.809,35.165,29.767
4265.98452,2.34412477427368,40.613,34.356,35.9,35.284,29.872
4264.05595,2.34518498754689,40.669,34.469,35.994,35.389,29.978
4262.12739,2.34624615478704,40.736,34.575,36.103,35.509,30.103
4260.19882,2.34730828830191,40.839,34.674,36.228,35.639,30.235
4258.27026,2.34837137838217,40.974,34.786,36.345,35.767,30.35
4256.3417,2.34943543184045,41.099,34.942,36.455,35.894,30.459
4254.41313,2.35050045551171,41.18,35.109,36.565,36.01,30.581
4252.48457,2.35156643966377,41.28,35.239,36.682,36.131,30.738
4250.556,2.35263339666623,41.427,35.35,36.8,36.254,30.896
4248.62744,2.35370131677161,41.567,35.474,36.899,36.367,30.995
4246.69887,2.35477021237439,41.653,35.589,36.979,36.469,31.069
4244.77031,2.35584007371179,41.697,35.67,37.064,36.578,31.189
4242.84174,2.35691091320319,41.762,35.754,37.172,36.713,31.343
4240.91318,2.35798272107047,41.874,35.867,37.278,36.842,31.468
4238.98462,2.35905550419289,41.998,35.996,37.364,36.95,31.552
4237.05605,2.36012926947237,42.094,36.115,37.435,37.059,31.635
4235.12749,2.36120400710771,42.174,36.196,37.517,37.187,31.751
4233.19892,2.36227972958096,42.262,36.267,37.632,37.306,31.902
4231.27036,2.36335642707548,42.351,36.377,37.752,37.384,32.057
4229.34179,2.36443411209856,42.447,36.512,37.852,37.472,32.208
4227.41323,2.36551277481809,42.556,36.629,37.941,37.592,32.347
4225.48466,2.36659242776662,42.661,36.732,38.033,37.7,32.455
4223.5561,2.36767306109655,42.763,36.848,38.147,37.787,32.571
4221.62754,2.3687546817548,42.863,36.978,38.273,37.885,32.721
4219.69897,2.36983729671124,42.958,37.113,38.381,38.013,32.884
4217.77041,2.37092089609496,43.048,37.228,38.467,38.154,33.022
4215.84184,2.37200549250206,43.148,37.34,38.56,38.293,33.115
4213.91328,2.37309107604606,43.259,37.471,38.684,38.414,33.194
4211.98471,2.37417765934863,43.366,37.577,38.807,38.521,33.307
4210.05615,2.37526523250765,43.469,37.64,38.905,38.648,33.449
4208.12758,2.37635380817043,43.581,37.699,39.007,38.795,33.568
4206.19902,2.37744337641922,43.684,37.79,39.134,38.936,33.667
4204.27046,2.37853394426961,43.749,37.91,39.255,39.055,33.785
4202.34189,2.37962551876045,43.813,38.043,39.358,39.155,33.913
4200.41333,2.38071808995045,43.905,38.171,39.453,39.236,34.032
4198.48476,2.38181167055135,43.987,38.273,39.542,39.305,34.143
4196.5562,2.38290625060615,44.06,38.354,39.629,39.387,34.263
4194.62763,2.3840018428525,44.155,38.453,39.728,39.497,34.407
4192.69907,2.38509843731761,44.264,38.566,39.848,39.615,34.56
4190.7705,2.38619604676515,44.356,38.68,39.972,39.72,34.695
4188.84194,2.38729466120653,44.443,38.807,40.102,39.832,34.79
4186.91338,2.38839428772706,44.544,38.929,40.233,39.956,34.874
4184.98481,2.38949493343561,44.651,39.016,40.323,40.056,35
4183.05625,2.39059658831984,44.771,39.104,40.403,40.149,35.166
4181.12768,2.39169926520876,44.878,39.207,40.52,40.255,35.313
4179.19912,2.39280295407413,44.953,39.298,40.65,40.352,35.428
4177.27055,2.39390766777124,45.031,39.383,40.771,40.442,35.568
4175.34199,2.39501339625596,45.136,39.477,40.879,40.544,35.714
4173.41342,2.39612015240992,45.235,39.581,40.972,40.652,35.81
4171.48486,2.39722792617303,45.302,39.689,41.046,40.755,35.879
4169.5563,2.39833672470138,45.386,39.799,41.136,40.863,35.998
4167.62773,2.39944655517493,45.485,39.899,41.251,40.961,36.166
4165.69917,2.40055740750958,45.554,39.993,41.36,41.039,36.312
4163.7706,2.40166929465326,45.62,40.114,41.477,41.138,36.456
4161.84204,2.40278220650585,45.731,40.248,41.614,41.28,36.619
4159.91347,2.40389615604192,45.863,40.355,41.745,41.427,36.756
4157.98491,2.40501113314526,45.971,40.424,41.849,41.542,36.859
4156.05635,2.40612714502776,46.066,40.5,41.947,41.64,36.952
4154.12778,2.40724419892544,46.163,40.605,42.048,41.719,37.046
4152.19922,2.40836228469789,46.242,40.716,42.142,41.771,37.148
4150.27065,2.40948141538673,46.314,40.84,42.238,41.851,37.264
4148.34209,2.41060158083539,46.386,40.954,42.335,41.974,37.38
4146.41352,2.41172279411244,46.463,41.055,42.455,42.108,37.493
4144.48496,2.41284504504512,46.558,41.153,42.592,42.242,37.622
4142.55639,2.41396834672901,46.656,41.225,42.683,42.367,37.762
4140.62783,2.41509268897514,46.746,41.306,42.743,42.486,37.898
4138.69927,2.41621807906811,46.844,41.439,42.844,42.597,38.03
4136.7707,2.417344524317,46.958,41.591,43.005,42.686,38.166
4134.84214,2.41847201450839,47.041,41.701,43.163,42.751,38.29
4132.91357,2.41960056280587,47.095,41.779,43.28,42.83,38.399
4130.98501,2.42073015897969,47.183,41.881,43.387,42.958,38.524
4129.05644,2.42186081622076,47.302,41.997,43.493,43.095,38.651
4127.12788,2.42299252428301,47.407,42.096,43.583,43.187,38.773
4125.19931,2.42412529638477,47.496,42.175,43.66,43.249,38.902
4123.27075,2.42525912226356,47.581,42.252,43.743,43.333,39.024
4121.34219,2.42639400927784,47.647,42.343,43.839,43.448,39.134
4119.41362,2.42752996481087,47.698,42.443,43.952,43.56,39.239
4117.48506,2.42866697857551,47.775,42.541,44.077,43.655,39.357
4115.55649,2.42980506385906,47.883,42.637,44.183,43.742,39.487
4113.62793,2.43094421035789,48.005,42.767,44.271,43.852,39.632
4111.69936,2.43208443138703,48.124,42.925,44.37,43.998,39.799
4109.7708,2.43322571662634,48.226,43.07,44.486,44.143,39.953
4107.84223,2.43436807941867,48.313,43.19,44.601,44.252,40.074
4105.91367,2.43551150942733,48.399,43.29,44.693,44.339,40.17
4103.98511,2.43665601408578,48.482,43.383,44.786,44.43,40.262
4102.05654,2.43780160085263,48.538,43.467,44.893,44.532,40.355
4100.12798,2.43894825936628,48.588,43.56,45.006,44.637,40.459
4098.19941,2.44009600303954,48.681,43.675,45.134,44.731,40.574
4096.27085,2.44124482149417,48.816,43.786,45.28,44.816,40.686
4094.34228,2.44239472817109,48.945,43.887,45.421,44.921,40.809
4092.41372,2.4435457126754,49.021,43.978,45.529,45.029,40.948
4090.48515,2.44469778847626,49.059,44.07,45.612,45.108,41.079
4088.55659,2.44585094516204,49.117,44.174,45.709,45.192,41.2
4086.62803,2.44700519024238,49.225,44.295,45.829,45.322,41.322
4084.69946,2.4481605312524,49.354,44.435,45.948,45.466,41.46
4082.7709,2.44931695775533,49.462,44.559,46.04,45.575,41.608
4080.84233,2.4504744832913,49.547,44.657,46.11,45.658,41.753
4078.91377,2.45163309740672,49.613,44.751,46.203,45.759,41.884
4076.9852,2.45279281367026,49.667,44.833,46.328,45.891,41.991
4075.05664,2.4539536216115,49.737,44.902,46.444,46.032,42.086
4073.12807,2.45511553482776,49.826,44.999,46.538,46.146,42.185
4071.19951,2.45627854283172,49.921,45.127,46.629,46.223,42.291
4069.27095,2.4574426532104,50.017,45.236,46.72,46.287,42.395
4067.34238,2.45860787357665,50.099,45.314,46.817,46.369,42.499
4065.41382,2.45977419341778,50.182,45.408,46.937,46.482,42.611
4063.48525,2.4609416264031,50.289,45.53,47.056,46.594,42.734
4061.55669,2.46211016200293,50.392,45.641,47.147,46.685,42.876
4059.62812,2.46327981391557,50.471,45.728,47.233,46.781,43.025
4057.69956,2.46445057159432,50.55,45.803,47.331,46.887,43.157
4055.77099,2.46562244876652,50.628,45.886,47.447,46.996,43.272
4053.84243,2.46679543486844,50.709,45.999,47.573,47.094,43.383
4051.91387,2.46796953756571,50.815,46.117,47.68,47.182,43.489
4049.9853,2.46914476455013,50.924,46.194,47.761,47.263,43.583
4048.05674,2.47032110523233,51.005,46.255,47.84,47.347,43.692
4046.12817,2.47149857341272,51.074,46.341,47.936,47.449,43.82
4044.19961,2.47267715848477,51.136,46.454,48.042,47.542,43.934
4042.27104,2.47385687427828,51.193,46.578,48.159,47.627,44.038
4040.34248,2.47503771016956,51.269,46.698,48.298,47.727,44.178
4038.41391,2.47621968001789,51.36,46.808,48.418,47.836,44.34
4036.48535,2.47740277318237,51.453,46.913,48.488,47.946,44.48
4034.55679,2.47858699740846,51.556,47.014,48.553,48.057,44.597
4032.62822,2.47977236046818,51.662,47.115,48.667,48.179,44.708
4030.69966,2.48095885169475,51.746,47.221,48.807,48.311,44.824
4028.77109,2.48214648502157,51.826,47.332,48.925,48.424,44.947
4026.84253,2.48333524976454,51.924,47.429,49.013,48.501,45.061
4024.91396,2.4845251598869,52,47.503,49.089,48.557,45.146
4022.9854,2.4857162046872,52.042,47.577,49.171,48.626,45.217
4021.05684,2.48690839197389,52.091,47.689,49.262,48.712,45.316
4019.12827,2.48810172958227,52.184,47.837,49.373,48.822,45.448
4017.19971,2.4892962067848,52.3,47.962,49.493,48.936,45.578
4015.27114,2.49049183761971,52.395,48.029,49.595,49.029,45.686
4013.34258,2.49168861134202,52.464,48.094,49.706,49.124,45.803
4011.41401,2.49288654202013,52.53,48.198,49.828,49.226,45.934
4009.48545,2.49408561889157,52.607,48.308,49.924,49.325,46.047
4007.55688,2.49528585605502,52.69,48.408,50.004,49.424,46.153
4005.62832,2.4964872427305,52.783,48.507,50.108,49.519,46.28
4003.69976,2.49768978680859,52.888,48.613,50.24,49.616,46.411
4001.77119,2.49889349620711,52.974,48.724,50.368,49.711,46.518
3999.84263,2.50009836011973,53.036,48.822,50.473,49.787,46.607
3997.91406,2.50130439272124,53.11,48.91,50.553,49.847,46.701
3995.9855,2.50251158318768,53.214,48.999,50.628,49.938,46.818
3994.05693,2.50371994572446,53.314,49.096,50.71,50.059,46.958
3992.12837,2.50492946948998,53.377,49.201,50.783,50.159,47.091
3990.1998,2.50614016872037,53.415,49.31,50.856,50.239,47.181
3988.27124,2.50735203255634,53.464,49.415,50.942,50.34,47.253
3986.34268,2.50856506897194,53.552,49.517,51.044,50.443,47.364
3984.41411,2.50977928596885,53.641,49.605,51.154,50.501,47.516
3982.48555,2.51099467266115,53.713,49.682,51.258,50.558,47.647
3980.55698,2.51221124336223,53.803,49.776,51.365,50.669,47.739
3978.62842,2.5134289871684,53.914,49.889,51.482,50.806,47.834
3976.69985,2.51464791842412,54.012,49.982,51.587,50.91,47.931
3974.77129,2.51586802620787,54.077,50.059,51.665,50.97,48.022
3972.84272,2.5170893248953,54.138,50.157,51.754,51.049,48.147
3970.91416,2.51831180354702,54.218,50.28,51.862,51.164,48.298
3968.9856,2.51953547022191,54.299,50.406,51.967,51.27,48.431
3967.05703,2.52076033300686,54.375,50.501,52.072,51.353,48.555
3965.12847,2.5219863809356,54.45,50.556,52.162,51.42,48.668
3963.1999,2.52321362846219,54.526,50.623,52.23,51.491,48.754
3961.27134,2.52444206460242,54.611,50.727,52.302,51.574,48.827
3959.34277,2.5256717038419,54.719,50.839,52.406,51.664,48.92
3957.41421,2.52690253517839,54.825,50.938,52.523,51.753,49.04
3955.48564,2.52813457312918,54.898,51.029,52.609,51.85,49.162
3953.55708,2.52936780667398,54.956,51.113,52.667,51.961,49.269
3951.62852,2.53060224395789,55.014,51.178,52.736,52.054,49.371
3949.69995,2.53183789315439,55.079,51.257,52.83,52.13,49.478
3947.77139,2.53307474321607,55.157,51.376,52.923,52.209,49.6
3945.84282,2.53431280873981,55.232,51.496,52.999,52.28,49.723
3943.91426,2.53555207866005,55.297,51.596,53.072,52.345,49.828
3941.98569,2.53679256760569,55.365,51.698,53.161,52.46,49.915
3940.05713,2.53803426449301,55.449,51.809,53.283,52.628,50.003
3938.12856,2.53927718398304,55.533,51.909,53.411,52.771,50.092
3936.2,2.54052131497383,55.624,51.996,53.499,52.853,50.181
3934.27144,2.54176666569808,55.732,52.082,53.529,52.892,50.286
3932.34287,2.54301324441732,55.821,52.169,53.552,52.92,50.412
3930.41431,2.54426104000217,55.878,52.27,53.645,52.989,50.549
3928.48574,2.54551006719449,55.934,52.378,53.769,53.067,50.672
3926.55718,2.54676031484661,55.986,52.46,53.844,53.107,50.747
3924.62861,2.54801179773288,56.027,52.531,53.903,53.156,50.81
3922.70005,2.54926450468728,56.088,52.635,53.993,53.266,50.925
3920.77148,2.55051845051679,56.18,52.761,54.072,53.379,51.077
3918.84292,2.55177362403697,56.277,52.883,54.137,53.469,51.208
3916.91436,2.55303003356959,56.372,53.005,54.252,53.595,51.296
3914.98579,2.55428768746566,56.47,53.129,54.396,53.747,51.38
3913.05723,2.55554657451304,56.571,53.249,54.516,53.879,51.482
3911.12866,2.5568067096008,56.657,53.349,54.615,53.981,51.589
3909.2001,2.55806808149831,56.718,53.411,54.701,54.041,51.679
3907.27153,2.55933070512763,56.784,53.455,54.765,54.06,51.773
3905.34297,2.56059456923959,56.854,53.508,54.803,54.049,51.897
3903.4144,2.56185968878938,56.888,53.582,54.84,54.05,52.033
3901.48584,2.56312605250927,56.918,53.688,54.905,54.122,52.173
3899.55728,2.56439366881155,56.993,53.815,55.012,54.271,52.287
3897.62871,2.56566254613821,57.11,53.954,55.156,54.442,52.363
3895.70015,2.56693267319355,57.232,54.067,55.28,54.565,52.431
3893.77158,2.56820406501606,57.323,54.139,55.36,54.63,52.505
3891.84302,2.56947671029136,57.353,54.211,55.435,54.697,52.598
3889.91445,2.57075062409149,57.388,54.322,55.535,54.803,52.718
3887.98589,2.57202579508333,57.481,54.445,55.62,54.88,52.837
3886.05733,2.57330223175066,57.571,54.55,55.651,54.895,52.911
3884.12876,2.57457994260726,57.635,54.635,55.671,54.933,52.972
3882.2002,2.57585891629185,57.698,54.705,55.748,55.03,53.08
3880.27163,2.57713916796078,57.746,54.777,55.903,55.18,53.206
3878.34307,2.57842068623393,57.793,54.868,56.052,55.347,53.309
3876.4145,2.57970348630158,57.872,54.956,56.109,55.428,53.401
3874.48594,2.58098755676476,57.969,55.046,56.125,55.433,53.501
3872.55737,2.58227291284777,58.052,55.136,56.183,55.464,53.597
3870.62881,2.58355954313273,58.114,55.217,56.305,55.539,53.694
3868.70025,2.58484745619669,58.16,55.282,56.429,55.618,53.789
3866.77168,2.58613666064711,58.229,55.336,56.49,55.686,53.875
3864.84312,2.58742714503765,58.329,55.405,56.536,55.757,53.992
3862.91455,2.58871892467826,58.416,55.508,56.643,55.874,54.124
3860.98599,2.59001198810359,58.489,55.633,56.785,56.011,54.222
3859.05742,2.59130635065803,58.576,55.738,56.881,56.109,54.296
3857.12886,2.59260200085719,58.722,55.842,56.951,56.186,54.4
3855.20029,2.59389895408002,58.936,55.984,57.039,56.252,54.562
3853.27173,2.59519719882304,59.011,56.071,57.069,56.269,54.676
3851.34317,2.5964967437581,58.926,56.086,57.093,56.361,54.698
3849.4146,2.59779759758796,58.918,56.154,57.208,56.527,54.741
3847.48604,2.59909974878038,58.953,56.25,57.324,56.648,54.805
3845.55747,2.60040321280129,59.002,56.34,57.366,56.696,54.877
3843.62891,2.60170797809927,59.108,56.426,57.364,56.711,54.982
3841.70034,2.60301406017524,59.241,56.493,57.375,56.714,55.121
3839.77178,2.60432144745853,59.333,56.534,57.419,56.734,55.246
3837.84321,2.60563015548517,59.365,56.606,57.522,56.816,55.321
3835.91465,2.60694017266521,59.362,56.73,57.659,56.918,55.369
3833.98609,2.60825150776695,59.389,56.874,57.811,57.038,55.457
3832.05752,2.60956416959002,59.449,57.006,57.972,57.194,55.584
3830.12896,2.61087814651546,59.537,57.11,58.1,57.337,55.694
3828.20039,2.61219345416764,59.646,57.193,58.176,57.421,55.775
3826.27183,2.61351008090818,59.742,57.268,58.234,57.465,55.87
3824.34326,2.61482804239701,59.839,57.341,58.288,57.502,55.999
3822.4147,2.61614732697632,59.928,57.399,58.306,57.531,56.118
3820.48613,2.6174679503417,59.961,57.487,58.345,57.606,56.194
3818.55757,2.61878990081587,60.009,57.596,58.457,57.724,56.272
3816.62901,2.62011318726522,60.091,57.689,58.598,57.843,56.367
3814.70044,2.62143781858793,60.151,57.799,58.744,58.002,56.451
3812.77188,2.62276378307742,60.204,57.908,58.862,58.17,56.525
3810.84331,2.624091096519,60.287,58.012,58.956,58.277,56.611
3808.91475,2.62541974718652,60.393,58.123,59.031,58.299,56.721
3806.98618,2.62674975090138,60.476,58.198,59.091,58.284,56.838
3805.05762,2.62808109591781,60.531,58.22,59.123,58.276,56.941
3803.12905,2.62941379809344,60.603,58.251,59.12,58.275,57.058
3801.20049,2.63074784566283,60.655,58.343,59.16,58.374,57.186
3799.27193,2.63208324759213,60.665,58.458,59.264,58.562,57.257
3797.34336,2.63342001287974,60.687,58.554,59.384,58.703,57.289
3795.4148,2.63475812973064,60.744,58.64,59.528,58.812,57.327
3793.48623,2.63609761409362,60.825,58.747,59.667,58.933,57.408
3791.55767,2.63743845415386,60.91,58.888,59.776,59.068,57.527
3789.6291,2.63878066589683,60.994,59.01,59.864,59.189,57.644
3787.70054,2.6401242374879,61.082,59.058,59.918,59.246,57.731
3785.77197,2.64146918494935,61.166,59.077,59.941,59.273,57.797
3783.84341,2.64281549642669,61.241,59.14,59.99,59.349,57.87
3781.91485,2.64416318098754,61.308,59.229,60.065,59.412,57.962
3779.98628,2.64551224773229,61.369,59.301,60.137,59.435,58.06
3778.05772,2.64686268477656,61.433,59.384,60.238,59.544,58.145
3776.12915,2.64821450823524,61.501,59.491,60.358,59.706,58.21
3774.20059,2.64956770620398,61.563,59.583,60.434,59.788,58.276
3772.27202,2.65092229483493,61.62,59.641,60.457,59.78,58.378
3770.34346,2.65227826220373,61.683,59.699,60.487,59.777,58.504
3768.41489,2.65363562449993,61.757,59.792,60.577,59.86,58.616
3766.48633,2.65499436977911,61.839,59.88,60.681,59.988,58.697
3764.55777,2.65635450721215,61.906,59.955,60.782,60.105,58.765
3762.6292,2.65771604600315,61.976,60.03,60.871,60.192,58.838
3760.70064,2.65907897417754,62.068,60.094,60.921,60.234,58.92
3758.77207,2.66044330801894,62.14,60.166,60.96,60.263,59.012
3756.84351,2.6618090355326,62.181,60.242,61.032,60.315,59.107
3754.91494,2.66317617304002,62.243,60.307,61.104,60.35,59.205
3752.98638,2.66454470852623,62.322,60.352,61.103,60.337,59.302
3751.05781,2.66591465835073,62.341,60.339,61.019,60.298,59.374
3749.12925,2.6672860104783,62.344,60.343,61.038,60.338,59.438
3747.20069,2.66865877418484,62.465,60.46,61.193,60.454,59.556
3745.27212,2.67003295878004,62.629,60.632,61.339,60.574,59.698
3743.34356,2.67140855219819,62.638,60.685,61.339,60.591,59.729
3741.41499,2.6727855708944,62.61,60.653,61.288,60.552,59.709
3739.48643,2.6741640027826,62.691,60.647,61.262,60.528,59.74
3737.55786,2.67554386435639,62.839,60.655,61.207,60.474,59.82
3735.6293,2.67692514350929,62.965,60.68,61.15,60.417,59.939
3733.70074,2.67830784960018,63.005,60.746,61.24,60.499,60.03
3731.77217,2.67969199202212,62.988,60.843,61.409,60.649,60.084
3729.84361,2.68107755863791,62.977,60.931,61.504,60.718,60.147
3727.91504,2.68246456603796,62.994,60.975,61.528,60.713,60.217
3725.98648,2.68385300206457,63.053,61.009,61.573,60.752,60.302
3724.05791,2.68524288334711,63.162,61.117,61.716,60.922,60.422
3722.12935,2.68663419770729,63.291,61.294,61.934,61.168,60.555
3720.20078,2.6880269618136,63.384,61.463,62.147,61.416,60.655
3718.27222,2.68942116346716,63.443,61.603,62.323,61.641,60.744
3716.34366,2.69081681213518,63.511,61.718,62.446,61.801,60.843
3714.41509,2.69221391731962,63.592,61.777,62.459,61.813,60.922
3712.48653,2.69361246679055,63.638,61.756,62.34,61.65,60.938
3710.55796,2.69501247731487,63.616,61.735,62.272,61.536,60.924
3708.6294,2.69641393664193,63.605,61.81,62.39,61.653,60.976
3706.70083,2.69781686157822,63.633,61.911,62.539,61.814,61.063
3704.77227,2.69922123985235,63.658,61.978,62.606,61.879,61.139
3702.8437,2.70062708831053,63.668,62.011,62.605,61.885,61.2
3700.91514,2.70203439466056,63.692,62.04,62.621,61.942,61.25
3698.98658,2.70344316847995,63.732,62.087,62.682,62.068,61.305
3697.05801,2.70485341938143,63.765,62.142,62.759,62.186,61.359
3695.12945,2.70626513504148,63.803,62.19,62.814,62.228,61.407
3693.20088,2.70767833240633,63.862,62.212,62.825,62.184,61.472
3691.27232,2.70909299913153,63.9,62.235,62.836,62.113,61.538
3689.34375,2.71050915220356,63.893,62.327,62.925,62.141,61.554
3687.41519,2.71192677925699,63.912,62.458,63.061,62.303,61.556
3685.48662,2.71334589731871,63.95,62.559,63.163,62.468,61.605
3683.55806,2.71476649400227,63.981,62.623,63.226,62.577,61.68
3681.6295,2.71618857899743,64.016,62.647,63.245,62.611,61.74
3679.70093,2.7176121620297,64.075,62.643,63.236,62.599,61.788
3677.77237,2.71903723068103,64.166,62.644,63.23,62.56,61.861
3675.8438,2.72046380207995,64.207,62.64,63.221,62.492,61.908
3673.91524,2.72189186378726,64.166,62.645,63.234,62.507,61.896
3671.98667,2.72332143297241,64.163,62.683,63.256,62.582,61.911
3670.05811,2.72475249717504,64.182,62.777,63.297,62.67,61.957
3668.12954,2.72618507360566,64.17,62.914,63.432,62.83,62.018
3666.20098,2.72761914978267,64.167,63.002,63.584,63.011,62.067
3664.27242,2.72905473551009,64.199,63.051,63.682,63.135,62.094
3662.34385,2.73049184062824,64.237,63.095,63.73,63.18,62.122
3660.41529,2.73193045262359,64.256,63.128,63.738,63.171,62.161
3658.48672,2.73337058881001,64.277,63.157,63.72,63.142,62.198
3656.55816,2.73481223665262,64.32,63.194,63.722,63.129,62.237
3654.62959,2.7362554135069,64.379,63.209,63.733,63.136,62.298
3652.70103,2.73770010681657,64.444,63.183,63.674,63.064,62.376
3650.77246,2.73914633397886,64.486,63.119,63.523,62.862,62.437
3648.8439,2.74059408241608,64.45,63.089,63.452,62.793,62.441
3646.91534,2.74204336204854,64.424,63.203,63.632,63.033,62.454
3644.98677,2.74349418283348,64.473,63.352,63.851,63.267,62.512
3643.05821,2.74494653216096,64.552,63.444,63.982,63.387,62.565
3641.12964,2.74640042753325,64.614,63.49,64.034,63.434,62.609
3639.20108,2.74785585631888,64.645,63.525,64.049,63.443,62.668
3637.27251,2.74931283606243,64.659,63.55,64.036,63.418,62.72
3635.34395,2.7507713541108,64.656,63.549,63.97,63.362,62.737
3633.41538,2.75223142805104,64.695,63.552,63.908,63.317,62.777
3631.48682,2.75369304520841,64.833,63.602,63.926,63.288,62.886
3629.55826,2.75515621562168,64.95,63.642,63.966,63.246,62.987
3627.62969,2.75662094936708,64.89,63.625,63.987,63.275,62.991
3625.70113,2.75808723373733,64.823,63.645,64.045,63.389,63.001
3623.77256,2.75955508642629,64.845,63.716,64.121,63.495,63.081
3621.844,2.76102449470491,64.908,63.775,64.181,63.547,63.202
3619.91543,2.76249547631006,64.967,63.793,64.23,63.557,63.275
3617.98687,2.7639680184909,65.024,63.852,64.316,63.619,63.269
3616.0583,2.76544213902746,65.113,63.979,64.425,63.743,63.277
3614.12974,2.76691782514703,65.196,64.109,64.535,63.871,63.326
3612.20118,2.76839508700897,65.224,64.189,64.631,63.975,63.39
3610.27261,2.7698739348107,65.234,64.219,64.643,64.003,63.467
3608.34405,2.77135435574665,65.262,64.255,64.599,63.984,63.547
3606.41548,2.77283636770548,65.308,64.336,64.65,64.043,63.625
3604.48692,2.77431995785963,65.357,64.398,64.76,64.123,63.694
3602.55835,2.77580514414152,65.372,64.397,64.797,64.116,63.721
3600.62979,2.77729191370158,65.374,64.414,64.8,64.095,63.737
3598.70123,2.77878027679447,65.428,64.508,64.869,64.171,63.807
3596.77266,2.78027024371343,65.516,64.59,64.96,64.287,63.88
3594.8441,2.78176180157576,65.563,64.645,65.023,64.371,63.901
3592.91553,2.78325496842393,65.58,64.757,65.111,64.477,63.921
3590.98697,2.78474973135311,65.636,64.877,65.201,64.578,63.974
3589.0584,2.78624610845006,65.732,64.903,65.221,64.576,64.031
3587.12984,2.78774408678778,65.827,64.91,65.242,64.589,64.09
3585.20127,2.78924368449752,65.898,65.03,65.379,64.782,64.165
3583.27271,2.79074488863004,65.95,65.181,65.559,65,64.247
3581.34415,2.79224770956458,65.995,65.291,65.692,65.123,64.336
3579.41558,2.79375215771956,66.042,65.376,65.767,65.191,64.433
3577.48702,2.79525822011228,66.094,65.447,65.822,65.259,64.526
3575.55845,2.79676591498595,66.141,65.495,65.872,65.312,64.586
3573.62989,2.79827522933551,66.179,65.542,65.93,65.356,64.619
3571.70132,2.79978618144924,66.227,65.61,65.991,65.387,64.679
3569.77276,2.80129875829967,66.286,65.635,65.984,65.337,64.751
3567.84419,2.80281297822033,66.329,65.592,65.882,65.228,64.771
3565.91563,2.80432882816131,66.359,65.635,65.871,65.28,64.777
3563.98707,2.80584631862876,66.419,65.808,66.028,65.471,64.851
3562.0585,2.80736546016861,66.487,65.947,66.188,65.606,64.952
3560.12994,2.8088862396972,66.528,66.007,66.288,65.699,65.03
3558.20137,2.81040867566188,66.551,66.081,66.388,65.823,65.103
3556.27281,2.81193275495645,66.581,66.182,66.479,65.93,65.174
3554.34424,2.81345849607409,66.616,66.23,66.507,65.949,65.222
3552.41568,2.81498588588597,66.647,66.225,66.525,65.93,65.247
3550.48711,2.81651494293131,66.702,66.246,66.591,65.96,65.277
3548.55855,2.8180456540586,66.781,66.297,66.643,66.001,65.305
3546.62999,2.81957802990326,66.838,66.34,66.669,66.042,65.319
3544.70142,2.8211120811411,66.881,66.413,66.753,66.158,65.39
3542.77286,2.82264779458653,66.942,66.525,66.875,66.314,65.513
3540.84429,2.8241851888946,67.002,66.619,66.961,66.423,65.608
3538.91573,2.82572425085691,67.042,66.678,67.005,66.465,65.665
3536.98716,2.82726499917517,67.088,66.753,67.056,66.496,65.735
3535.0586,2.82880742061815,67.164,66.862,67.144,66.565,65.838
3533.13003,2.83035153393435,67.241,66.943,67.222,66.624,65.924
3531.20147,2.83189732586966,67.299,66.981,67.268,66.634,65.976
3529.27291,2.83344480719118,67.342,67.012,67.3,66.629,66.005
3527.34434,2.8349939887071,67.385,67.036,67.316,66.654,66.024
3525.41578,2.83654485712888,67.423,67.048,67.325,66.705,66.053
3523.48721,2.83809743132287,67.457,67.089,67.379,66.782,66.115
3521.55865,2.83965169797754,67.507,67.181,67.482,66.883,66.207
3519.63008,2.84120767600668,67.553,67.276,67.566,66.976,66.294
3517.70152,2.84276535207569,67.575,67.341,67.616,67.053,66.361
3515.77295,2.84432474514601,67.601,67.396,67.662,67.122,66.417
3513.84439,2.84588584185995,67.659,67.458,67.708,67.192,66.488
3511.91583,2.84744865311877,67.726,67.502,67.744,67.247,66.578
3509.98726,2.84901318986554,67.765,67.522,67.781,67.282,66.653
3508.0587,2.8505794387078,67.797,67.566,67.838,67.325,66.719
3506.13013,2.85214741872687,67.823,67.626,67.872,67.352,66.784
3504.20157,2.85371711650709,67.837,67.666,67.879,67.342,66.835
3502.273,2.85528855117805,67.883,67.712,67.951,67.371,66.898
3500.34444,2.85686170930081,67.958,67.781,68.081,67.465,66.99
3498.41587,2.85843661005345,68.017,67.85,68.178,67.551,67.104
3496.48731,2.86001323997369,68.075,67.913,68.229,67.618,67.229
3494.55875,2.86159161009956,68.146,67.975,68.258,67.687,67.331
3492.63018,2.86317173151152,68.19,68.029,68.285,67.733,67.397
3490.70162,2.86475359071223,68.206,68.083,68.336,67.756,67.467
3488.77305,2.86633720700176,68.241,68.146,68.398,67.791,67.551
3486.84449,2.8679225668593,68.302,68.207,68.445,67.846,67.638
3484.91592,2.86950968963406,68.362,68.258,68.483,67.897,67.744
3482.98736,2.87109856178175,68.4,68.297,68.506,67.923,67.848
3481.05879,2.87268920270088,68.429,68.344,68.536,67.96,67.934
3479.13023,2.87428159882362,68.476,68.419,68.611,68.048,68.028
3477.20167,2.87587576132736,68.533,68.494,68.703,68.143,68.136
3475.2731,2.87747170143262,68.586,68.545,68.771,68.209,68.228
3473.34454,2.87906940553614,68.637,68.593,68.821,68.272,68.31
3471.41597,2.88066889316062,68.672,68.639,68.853,68.333,68.39
3469.48741,2.88227015067912,68.688,68.671,68.864,68.359,68.458
3467.55884,2.88387319766433,68.718,68.716,68.894,68.368,68.547
3465.63028,2.88547802046559,68.774,68.786,68.971,68.417,68.684
3463.70171,2.8870846387058,68.847,68.852,69.077,68.502,68.828
3461.77315,2.88869303871052,68.911,68.911,69.178,68.568,68.95
3459.84459,2.89030323179921,68.932,68.968,69.252,68.607,69.044
3457.91602,2.89191522933515,68.937,69.004,69.304,68.651,69.12
3455.98746,2.89352901760818,68.977,69.031,69.362,68.706,69.214
3454.05889,2.89514461636756,69.038,69.074,69.433,68.755,69.329
3452.13033,2.8967620118792,69.083,69.116,69.482,68.779,69.427
3450.20176,2.89838122394326,69.105,69.144,69.482,68.775,69.51
3448.2732,2.90000223880173,69.124,69.165,69.454,68.764,69.603
3446.34464,2.90162506788642,69.155,69.186,69.46,68.791,69.687
3444.41607,2.9032497226736,69.205,69.225,69.524,68.875,69.768
3442.48751,2.90487618936924,69.256,69.297,69.602,68.987,69.872
3440.55894,2.90650448790161,69.304,69.38,69.67,69.083,69.993
3438.63038,2.9081346044526,69.354,69.463,69.741,69.147,70.123
3436.70181,2.9097665590021,69.413,69.565,69.82,69.195,70.261
3434.77325,2.91140033770788,69.473,69.664,69.887,69.24,70.381
3432.84468,2.91303596060163,69.506,69.711,69.913,69.263,70.462
3430.91612,2.91467341381695,69.529,69.722,69.937,69.281,70.544
3428.98756,2.91631270893266,69.584,69.752,70.005,69.343,70.659
3427.05899,2.91795385757279,69.649,69.794,70.081,69.421,70.766
3425.13043,2.91959684583457,69.693,69.825,70.12,69.439,70.85
3423.20186,2.92124169388013,69.72,69.853,70.128,69.416,70.952
3421.2733,2.92288838778241,69.745,69.895,70.148,69.432,71.091
3419.34473,2.92453694775607,69.776,69.962,70.212,69.501,71.243
3417.41617,2.92618735984971,69.825,70.034,70.301,69.577,71.377
3415.4876,2.92783964433072,69.883,70.083,70.363,69.635,71.493
3413.55904,2.92949378722332,69.92,70.113,70.397,69.681,71.611
3411.63048,2.93114980025621,69.937,70.146,70.443,69.729,71.734
3409.70191,2.93280769520407,69.981,70.194,70.504,69.782,71.848
3407.77335,2.93446745805439,70.048,70.254,70.54,69.843,71.96
3405.84478,2.93612910920738,70.103,70.315,70.561,69.921,72.086
3403.91622,2.93779263462601,70.165,70.375,70.608,69.995,72.226
3401.98765,2.93945805476396,70.249,70.435,70.668,70.034,72.37
3400.05909,2.94112535555963,70.314,70.483,70.717,70.048,72.501
3398.13052,2.94279455752041,70.332,70.513,70.759,70.069,72.608
3396.20196,2.94446564656008,70.326,70.529,70.783,70.103,72.695
3394.2734,2.9461386345602,70.33,70.557,70.787,70.136,72.799
3392.34483,2.94781353344908,70.36,70.611,70.816,70.173,72.938
3390.41627,2.94949032910345,70.412,70.68,70.899,70.235,73.077
3388.4877,2.95116904216592,70.469,70.734,70.99,70.303,73.193
3386.55914,2.95284965848847,70.506,70.744,71.039,70.352,73.288
3384.63057,2.95453219876815,70.527,70.75,71.062,70.385,73.392
3382.70201,2.95621664883216,70.557,70.792,71.095,70.42,73.508
3380.77344,2.95790302943222,70.58,70.837,71.136,70.457,73.595
3378.84488,2.95959132637069,70.593,70.873,71.168,70.485,73.673
3376.91632,2.961281551685,70.636,70.934,71.205,70.521,73.784
3374.98775,2.96297371746016,70.716,71.012,71.27,70.585,73.912
3373.05919,2.96466780946112,70.799,71.076,71.351,70.664,74.032
3371.13062,2.96636384857731,70.87,71.124,71.414,70.741,74.14
3369.20206,2.96806182054869,70.915,71.168,71.439,70.799,74.229
3367.27349,2.96976174632017,70.922,71.204,71.453,70.821,74.304
3365.34493,2.97146361160667,70.931,71.228,71.495,70.821,74.393
3363.41636,2.97316743740879,70.966,71.26,71.548,70.836,74.5
3361.4878,2.97487320941638,71.002,71.305,71.588,70.875,74.606
3359.55924,2.9765809398259,71.045,71.351,71.627,70.931,74.697
3357.63067,2.97829064088219,71.103,71.4,71.664,70.986,74.763
3355.70211,2.98000229823737,71.163,71.466,71.706,71.024,74.813
3353.77354,2.98171593303226,71.226,71.545,71.769,71.071,74.871
3351.84498,2.98343153089377,71.282,71.609,71.83,71.155,74.934
3349.91641,2.98514911301921,71.31,71.649,71.88,71.246,74.991
3347.98785,2.98686866501024,71.31,71.683,71.939,71.303,75.045
3346.05928,2.98859020812088,71.313,71.712,71.994,71.32,75.092
3344.13072,2.99031372792748,71.332,71.728,72.022,71.307,75.115
3342.20216,2.99203923678872,71.358,71.749,72.032,71.299,75.121
3340.27359,2.99376674711247,71.396,71.788,72.049,71.325,75.141
3338.34503,2.99549624443702,71.441,71.828,72.082,71.383,75.177
3336.41646,2.99722775015922,71.491,71.87,72.135,71.457,75.206
3334.4879,2.99896124979191,71.542,71.937,72.215,71.522,75.224
3332.55933,3.00069676478948,71.592,72.017,72.306,71.57,75.25
3330.63077,3.00243428063928,71.641,72.065,72.352,71.594,75.27
3328.7022,3.00417381885349,71.683,72.073,72.339,71.596,75.255
3326.77364,3.0059153648939,71.717,72.1,72.346,71.627,75.233
3324.84508,3.0076589312847,71.745,72.165,72.403,71.705,75.235
3322.91651,3.00940453060014,71.781,72.222,72.468,71.784,75.261
3320.98795,3.01115214826359,71.834,72.252,72.511,71.83,75.296
3319.05938,3.01290180593274,71.895,72.277,72.526,71.86,75.307
3317.13082,3.0146534890053,71.96,72.312,72.532,71.889,75.301
3315.20225,3.01640721919756,72.009,72.363,72.554,71.931,75.312
3313.27369,3.01816298188152,72.024,72.415,72.594,71.984,75.326
3311.34513,3.01992078971243,72.025,72.436,72.634,72.027,75.313
3309.41656,3.02168065539625,72.048,72.443,72.681,72.069,75.295
3307.488,3.0234425642663,72.08,72.47,72.734,72.103,75.296
3305.55943,3.02520653818649,72.1,72.505,72.77,72.113,75.298
3303.63087,3.02697256246428,72.136,72.543,72.807,72.137,75.288
3301.7023,3.02874065902308,72.189,72.596,72.855,72.176,75.26
3299.77374,3.03051081314442,72.235,72.652,72.899,72.203,75.231
3297.84517,3.03228304681144,72.276,72.687,72.934,72.234,75.21
3295.91661,3.03405734527974,72.313,72.712,72.962,72.272,75.177
3293.98805,3.03583372137613,72.335,72.74,72.979,72.294,75.142
3292.05948,3.03761218797906,72.354,72.765,73.011,72.31,75.134
3290.13092,3.03939273030509,72.414,72.814,73.095,72.369,75.164
3288.20235,3.04117537048777,72.507,72.89,73.193,72.468,75.211
3286.27379,3.04296009371757,72.584,72.951,73.241,72.547,75.238
3284.34522,3.04474692218865,72.614,72.974,73.244,72.575,75.236
3282.41666,3.04653584106535,72.616,72.986,73.246,72.587,75.235
3280.48809,3.04832687260267,72.626,73.013,73.263,72.613,75.238
3278.55953,3.05012000193878,72.638,73.038,73.284,72.629,75.24
3276.63097,3.05191524207561,72.65,73.055,73.315,72.646,75.269
3274.7024,3.05371260606765,72.669,73.076,73.35,72.683,75.313
3272.77384,3.05551207901369,72.703,73.121,73.394,72.734,75.338
3270.84527,3.05731368332199,72.75,73.189,73.453,72.789,75.35
3268.91671,3.05911740406503,72.797,73.239,73.517,72.842,75.355
3266.98814,3.06092326371286,72.85,73.272,73.587,72.878,75.345
3265.05958,3.06273124731157,72.9,73.315,73.64,72.912,75.325
3263.13101,3.06454137739324,72.936,73.364,73.669,72.969,75.295
3261.20245,3.06635363897755,72.968,73.387,73.684,73.011,75.24
3259.27389,3.0681680452452,73.013,73.404,73.692,73.022,75.178
3257.34532,3.06998460943036,73.064,73.448,73.699,73.026,75.134
3255.41676,3.071803316513,73.091,73.49,73.719,73.039,75.08
3253.48819,3.0736241891814,73.111,73.511,73.761,73.08,74.997
3251.55963,3.07544721238897,73.138,73.523,73.797,73.134,74.897
3249.63106,3.07727240888693,73.164,73.548,73.815,73.174,74.806
3247.7025,3.07909976360212,73.186,73.587,73.841,73.195,74.73
3245.77393,3.08092929934895,73.211,73.627,73.878,73.222,74.674
3243.84537,3.08276100102762,73.251,73.685,73.922,73.284,74.67
3241.91681,3.08459488200131,73.299,73.756,73.965,73.34,74.71
3239.98824,3.08643095568767,73.344,73.813,74,73.354,74.763
3238.05968,3.0882692069468,73.387,73.842,74.035,73.368,74.822
3236.13111,3.09010965875236,73.423,73.87,74.086,73.421,74.889
3234.20255,3.09195229593768,73.452,73.915,74.126,73.471,74.972
3232.27398,3.09379714154058,73.482,73.956,74.138,73.49,75.07
3230.34542,3.09564418036756,73.519,73.991,74.164,73.512,75.193
3228.41685,3.09749343552088,73.549,74.034,74.212,73.558,75.34
3226.48829,3.09934489178016,73.572,74.078,74.252,73.608,75.487
3224.55973,3.10119856269495,73.586,74.1,74.27,73.644,75.618
3222.63116,3.10305446187022,73.592,74.115,74.285,73.663,75.749
3220.7026,3.10491257404518,73.609,74.155,74.32,73.681,75.909
3218.77403,3.1067729224844,73.636,74.203,74.363,73.705,76.094
3216.84547,3.10863549190008,73.672,74.247,74.399,73.74,76.288
3214.9169,3.11050030562221,73.715,74.298,74.429,73.789,76.467
3212.98834,3.11236734833591,73.75,74.351,74.463,73.844,76.613
3211.05977,3.11423664343688,73.776,74.391,74.506,73.894,76.741
3209.13121,3.11610817558314,73.817,74.43,74.554,73.948,76.883
3207.20265,3.11798195851453,73.877,74.483,74.608,74.009,77.035
3205.27408,3.11985800602737,73.923,74.519,74.655,74.056,77.145
3203.34552,3.1217363027389,73.949,74.536,74.692,74.082,77.217
3201.41695,3.12361687221029,73.955,74.559,74.723,74.102,77.288
3199.48839,3.12549969903157,73.953,74.593,74.758,74.122,77.364
3197.55982,3.1273848068306,73.979,74.628,74.799,74.141,77.447
3195.63126,3.12927218017012,74.023,74.655,74.847,74.182,77.541
3193.70269,3.13116184274498,74.068,74.687,74.899,74.252,77.635
3191.77413,3.13305377909057,74.099,74.722,74.921,74.297,77.689
3189.84557,3.13494800314111,74.116,74.766,74.918,74.314,77.708
3187.917,3.1368445288883,74.14,74.841,74.949,74.362,77.751
3185.98844,3.13874334082644,74.185,74.923,75.019,74.429,77.827
3184.05987,3.1406444628191,74.243,74.965,75.082,74.469,77.906
3182.13131,3.14254787933311,74.29,74.977,75.115,74.487,77.974
3180.20274,3.14445361430008,74.319,75.008,75.14,74.503,78.031
3178.27418,3.14636165215929,74.345,75.066,75.182,74.546,78.081
3176.34562,3.14827200699904,74.381,75.126,75.244,74.628,78.137
3174.41705,3.15018469296591,74.419,75.174,75.296,74.699,78.196
3172.48849,3.15209969445784,74.447,75.203,75.312,74.732,78.237
3170.55992,3.15401703557774,74.473,75.233,75.318,74.764,78.265
3168.63136,3.15593670069591,74.496,75.271,75.321,74.799,78.29
3166.70279,3.15785871398433,74.515,75.299,75.325,74.814,78.318
3164.77423,3.1597830597856,74.533,75.324,75.37,74.832,78.372
3162.84566,3.16170976234104,74.55,75.354,75.44,74.87,78.452
3160.9171,3.16363880596552,74.568,75.377,75.486,74.908,78.523
3158.98854,3.16557020494921,74.595,75.392,75.505,74.936,78.569
3157.05997,3.16750397364165,74.625,75.414,75.516,74.962,78.621
3155.13141,3.16944009631599,74.651,75.448,75.536,75.003,78.698
3153.20284,3.1713785973883,74.689,75.502,75.588,75.051,78.797
3151.27428,3.17331946110384,74.744,75.554,75.646,75.086,78.906
3149.34571,3.17526271194914,74.803,75.588,75.692,75.114,79.026
3147.41715,3.17720833414154,74.85,75.625,75.73,75.154,79.163
3145.48858,3.17915635223829,74.881,75.676,75.751,75.204,79.302
3143.56002,3.18110675042877,74.913,75.729,75.767,75.25,79.427
3141.63146,3.18305954320944,74.963,75.772,75.805,75.288,79.543
3139.70289,3.18501474513724,75.018,75.811,75.862,75.327,79.673
3137.77433,3.18697234035948,75.058,75.846,75.914,75.368,79.829
3135.84576,3.18893235361168,75.077,75.876,75.95,75.402,79.995
3133.9172,3.19089476901304,75.07,75.906,75.972,75.419,80.142
3131.98863,3.19285961137094,75.046,75.922,75.986,75.423,80.266
3130.06007,3.19482686477643,75.054,75.944,76.011,75.432,80.401
3128.1315,3.19679655410906,75.114,76.003,76.053,75.468,80.573
3126.20294,3.19876866343168,75.178,76.081,76.108,75.525,80.756
3124.27438,3.20074320745158,75.208,76.134,76.163,75.584,80.903
3122.34581,3.20272020093764,75.231,76.165,76.206,75.652,81.026
3120.41725,3.20469962791034,75.251,76.203,76.239,75.71,81.162
3118.48868,3.20668151343105,75.272,76.252,76.264,75.728,81.313
3116.56012,3.20866584149193,75.313,76.305,76.285,75.734,81.473
3114.63155,3.21065263722767,75.351,76.351,76.32,75.774,81.623
3112.70299,3.21264188460204,75.368,76.38,76.371,75.837,81.749
3110.77442,3.21463360882336,75.397,76.413,76.42,75.896,81.872
3108.84586,3.216627793827,75.446,76.462,76.473,75.948,82.009
3106.9173,3.21862445453569,75.476,76.513,76.52,75.986,82.144
3104.98873,3.22062360593496,75.481,76.554,76.539,76.002,82.256
3103.06017,3.22262523191743,75.485,76.58,76.543,75.999,82.348
3101.1316,3.22462935787698,75.505,76.602,76.563,76.019,82.44
3099.20304,3.22663596767768,75.551,76.647,76.614,76.079,82.546
3097.27447,3.22864508678819,75.606,76.705,76.669,76.135,82.662
3095.34591,3.23065669904402,75.654,76.761,76.705,76.18,82.793
3093.41734,3.23267082998895,75.695,76.825,76.744,76.235,82.931
3091.48878,3.23468746342984,75.715,76.884,76.784,76.288,83.043
3089.56022,3.23670661450969,75.729,76.934,76.805,76.32,83.139
3087.63165,3.23872829843547,75.763,76.982,76.821,76.354,83.241
3085.70309,3.24075249897099,75.808,77.02,76.864,76.403,83.343
3083.77452,3.24277924184937,75.837,77.047,76.917,76.443,83.425
3081.84596,3.24480851080565,75.854,77.071,76.954,76.467,83.478
3079.91739,3.24684033164929,75.87,77.103,76.977,76.491,83.526
3077.98883,3.24887468808651,75.887,77.145,76.988,76.525,83.593
3076.06026,3.25091160600345,75.904,77.194,77.006,76.556,83.684
3074.1317,3.25295106907749,75.919,77.241,77.038,76.572,83.774
3072.20314,3.25499309267681,75.941,77.276,77.068,76.582,83.84
3070.27457,3.2570376922348,75.979,77.303,77.092,76.604,83.901
3068.34601,3.25908485138545,76.031,77.329,77.121,76.654,83.98
3066.41744,3.26113459620814,76.078,77.348,77.152,76.707,84.051
3064.48888,3.26318691030786,76.11,77.366,77.174,76.745,84.086
3062.56031,3.26524181984191,76.13,77.396,77.196,76.773,84.101
3060.63175,3.26729930838625,76.145,77.436,77.22,76.795,84.12
3058.70318,3.26935940217645,76.158,77.487,77.245,76.816,84.154
3056.77462,3.27142208475939,76.176,77.549,77.281,76.837,84.2
3054.84606,3.27348737173355,76.211,77.604,77.326,76.86,84.243
3052.91749,3.27555527876386,76.258,77.629,77.362,76.885,84.274
3050.98893,3.27762578935349,76.289,77.63,77.388,76.912,84.303
3049.06036,3.27969892993525,76.293,77.636,77.412,76.954,84.335
3047.1318,3.28177468398315,76.285,77.662,77.433,77.011,84.368
3045.20323,3.28385307800951,76.285,77.691,77.453,77.064,84.407
3043.27467,3.28593409545909,76.296,77.722,77.486,77.093,84.437
3041.3461,3.28801776292412,76.324,77.775,77.532,77.097,84.449
3039.41754,3.29010406382007,76.359,77.831,77.568,77.092,84.453
3037.48898,3.29219301398091,76.391,77.861,77.583,77.104,84.465
3035.56041,3.29428462930837,76.42,77.876,77.591,77.136,84.49
3033.63185,3.29637889317387,76.444,77.897,77.607,77.172,84.515
3031.70328,3.29847583237104,76.473,77.934,77.638,77.216,84.541
3029.77472,3.30057543024189,76.509,77.968,77.673,77.252,84.559
3027.84615,3.30267771366124,76.541,77.981,77.698,77.269,84.555
3025.91759,3.30478266594167,76.569,77.998,77.722,77.292,84.564
3023.98903,3.30689030310404,76.593,78.032,77.76,77.332,84.594
3022.06046,3.309000641238,76.61,78.061,77.79,77.372,84.603
3020.1319,3.31111366361185,76.634,78.088,77.804,77.405,84.584
3018.20333,3.31322939730505,76.675,78.144,77.828,77.448,84.572
3016.27477,3.31534782555636,76.71,78.216,77.866,77.497,84.574
3014.3462,3.31746897552776,76.727,78.268,77.909,77.535,84.583
3012.41764,3.31959283042839,76.748,78.29,77.954,77.551,84.591
3010.48907,3.32171941750315,76.775,78.303,77.993,77.565,84.584
3008.56051,3.32384871993151,76.798,78.323,78.017,77.601,84.559
3006.63195,3.32598075397955,76.825,78.347,78.031,77.646,84.526
3004.70338,3.32811553598346,76.854,78.378,78.039,77.675,84.493
3002.77482,3.33025304907812,76.854,78.393,78.038,77.677,84.456
3000.84625,3.33239332071745,76.835,78.401,78.038,77.668,84.409
2998.91769,3.33453633400655,76.834,78.431,78.045,77.675,84.351
2996.98912,3.33668211648363,76.862,78.477,78.069,77.719,84.302
2995.06056,3.33883065122396,76.915,78.521,78.121,77.792,84.29
2993.13199,3.34098196585043,76.973,78.552,78.187,77.852,84.291
2991.20343,3.34313604340846,77.014,78.573,78.242,77.876,84.263
2989.27487,3.34529290041501,77.011,78.577,78.268,77.865,84.187
2987.3463,3.34745255345857,76.989,78.576,78.27,77.849,84.09
2985.41774,3.34961498553968,76.999,78.596,78.275,77.865,84.026
2983.48917,3.35178022449467,77.037,78.637,78.295,77.919,84.013
2981.56061,3.3539482532941,77.062,78.68,78.326,77.991,84.011
2979.63204,3.3561190998604,77.075,78.722,78.368,78.039,83.989
2977.70348,3.35829274713411,77.1,78.766,78.411,78.058,83.966
2975.77491,3.36046922312414,77.125,78.784,78.435,78.069,83.95
2973.84635,3.36264851074098,77.143,78.781,78.456,78.09,83.922
2971.91779,3.36483062675835,77.16,78.797,78.494,78.123,83.885
2969.98922,3.36701558802291,77.164,78.83,78.529,78.157,83.863
2968.06066,3.36920337739998,77.178,78.861,78.561,78.202,83.866
2966.13209,3.37139402311648,77.219,78.879,78.595,78.247,83.858
2964.20353,3.37358750800759,77.272,78.897,78.619,78.269,83.824
2962.27496,3.37578386038817,77.305,78.914,78.627,78.268,83.778
2960.3464,3.37798306306316,77.316,78.919,78.645,78.27,83.733
2958.41783,3.3801851444358,77.326,78.925,78.683,78.295,83.716
2956.48927,3.38239008728078,77.332,78.922,78.714,78.328,83.721
2954.56071,3.38459790863461,77.329,78.916,78.729,78.356,83.721
2952.63214,3.3868086256082,77.329,78.938,78.742,78.375,83.712
2950.70358,3.38902222093078,77.348,78.982,78.767,78.395,83.702
2948.77501,3.39123872322833,77.379,79.014,78.801,78.424,83.684
2946.84645,3.39345811519973,77.393,79.013,78.821,78.446,83.656
2944.91788,3.3956804255608,77.388,78.988,78.829,78.448,83.631
2942.98932,3.39790563698002,77.394,78.976,78.843,78.45,83.62
2941.06075,3.40013377826351,77.436,79.009,78.879,78.481,83.633
2939.13219,3.40236483204929,77.494,79.062,78.922,78.524,83.667
2937.20363,3.40459881564289,77.529,79.091,78.942,78.551,83.681
2935.27506,3.40683574642576,77.537,79.098,78.945,78.561,83.651
2933.3465,3.40907560699017,77.541,79.111,78.968,78.577,83.608
2931.41793,3.41131842636986,77.564,79.144,79.009,78.621,83.596
2929.48937,3.41356418712658,77.599,79.182,79.04,78.667,83.613
2927.5608,3.41581291838585,77.621,79.214,79.06,78.687,83.63
2925.63224,3.41806460267884,77.621,79.233,79.08,78.692,83.633
2923.70367,3.42031926922334,77.619,79.228,79.092,78.694,83.62
2921.77511,3.4225769005199,77.631,79.213,79.098,78.705,83.606
2919.84655,3.4248375141495,77.645,79.207,79.12,78.732,83.606
2917.91798,3.42710112777056,77.657,79.222,79.152,78.753,83.602
2915.98942,3.42936772383763,77.674,79.26,79.164,78.747,83.585
2914.06085,3.43163733180109,77.696,79.303,79.155,78.737,83.584
2912.13229,3.43390993408476,77.709,79.324,79.16,78.75,83.596
2910.20372,3.43618556023288,77.715,79.324,79.197,78.78,83.596
2908.27516,3.4384641926385,77.715,79.319,79.224,78.801,83.578
2906.34659,3.44074586094014,77.712,79.309,79.228,78.809,83.554
2904.41803,3.44303054750008,77.729,79.312,79.238,78.821,83.554
2902.48947,3.44531827018136,77.762,79.328,79.255,78.835,83.566
2900.5609,3.44760904692606,77.786,79.354,79.273,78.846,83.571
2898.63234,3.4499028600502,77.787,79.382,79.288,78.859,83.575
2896.70377,3.45219973943004,77.779,79.403,79.3,78.877,83.58
2894.77521,3.45449966735068,77.788,79.426,79.321,78.894,83.584
2892.84664,3.45680267378433,77.813,79.446,79.333,78.9,83.584
2890.91808,3.45910874098515,77.846,79.451,79.326,78.909,83.578
2888.98952,3.46141788704031,77.884,79.448,79.335,78.933,83.572
2887.06095,3.46373013011727,77.906,79.467,79.371,78.962,83.571
2885.13239,3.46604545242376,77.902,79.51,79.401,78.992,83.564
2883.20382,3.46836388417382,77.905,79.559,79.419,79.028,83.565
2881.27526,3.47068540754416,77.929,79.601,79.443,79.059,83.583
2879.34669,3.4730100528464,77.943,79.624,79.467,79.072,83.594
2877.41813,3.47533780222619,77.95,79.639,79.491,79.077,83.598
2875.48956,3.47766868609323,77.972,79.651,79.517,79.087,83.607
2873.561,3.48000268656207,77.998,79.654,79.532,79.098,83.611
2871.63244,3.48233982201427,77.998,79.659,79.526,79.107,83.602
2869.70387,3.48468011091333,77.981,79.678,79.521,79.113,83.584
2867.77531,3.48702353532711,77.981,79.713,79.535,79.124,83.577
2865.84674,3.4893701259126,78.017,79.746,79.556,79.158,83.594
2863.91818,3.49171986470647,78.07,79.766,79.581,79.205,83.619
2861.98961,3.49407278246548,78.097,79.78,79.601,79.238,83.623
2860.06105,3.49642886119511,78.097,79.801,79.609,79.257,83.617
2858.13248,3.49878813175238,78.102,79.827,79.623,79.272,83.623
2856.20392,3.50115057611153,78.115,79.847,79.653,79.276,83.635
2854.27536,3.50351621295571,78.129,79.866,79.679,79.262,83.64
2852.34679,3.50588506105178,78.146,79.877,79.693,79.249,83.637
2850.41823,3.50825710232705,78.168,79.888,79.717,79.255,83.633
2848.48966,3.51063236789141,78.194,79.909,79.741,79.276,83.635
2846.5611,3.51301083964086,78.209,79.927,79.747,79.309,83.65
2844.63253,3.51539254878731,78.204,79.926,79.745,79.34,83.667
2842.70397,3.51777747719542,78.191,79.915,79.74,79.356,83.661
2840.7754,3.52016565617965,78.197,79.919,79.735,79.367,83.651
2838.84684,3.52255706757326,78.23,79.937,79.742,79.378,83.668
2836.91828,3.52495173036849,78.265,79.954,79.763,79.384,83.699
2834.98971,3.52734966364305,78.279,79.972,79.776,79.385,83.708
2833.06115,3.52975084918305,78.284,79.993,79.78,79.393,83.7
2831.13258,3.53215531856159,78.291,80.03,79.805,79.425,83.704
2829.20402,3.53456305353334,78.3,80.074,79.858,79.467,83.716
2827.27545,3.53697408577576,78.313,80.109,79.904,79.492,83.724
2825.34689,3.53938839701202,78.329,80.135,79.921,79.5,83.738
2823.41832,3.54180601902449,78.344,80.152,79.923,79.514,83.757
2821.48976,3.5442269335048,78.355,80.157,79.926,79.532,83.767
2819.5612,3.54665115976202,78.372,80.165,79.928,79.54,83.772
2817.63263,3.54907871719245,78.391,80.186,79.93,79.544,83.771
2815.70407,3.55150958744042,78.393,80.204,79.927,79.546,83.76
2813.7755,3.55394380255283,78.385,80.216,79.928,79.55,83.761
2811.84694,3.55638134414244,78.397,80.232,79.944,79.559,83.773
2809.91837,3.55882224436292,78.434,80.265,79.973,79.566,83.782
2807.98981,3.5612664847954,78.463,80.309,80.011,79.577,83.794
2806.06124,3.56371409770088,78.465,80.349,80.049,79.61,83.818
2804.13268,3.56616506462883,78.464,80.382,80.081,79.646,83.85
2802.20412,3.56861940521307,78.473,80.397,80.103,79.652,83.859
2800.27555,3.57107713917654,78.488,80.391,80.112,79.636,83.841
2798.34699,3.5735382480212,78.502,80.393,80.111,79.627,83.826
2796.41842,3.57600276427875,78.509,80.421,80.106,79.63,83.83
2794.48986,3.57847066941943,78.522,80.467,80.111,79.649,83.853
2792.56129,3.58094199608418,78.544,80.511,80.131,79.668,83.878
2790.63273,3.58341672571152,78.556,80.538,80.159,79.67,83.885
2788.70416,3.5858948910522,78.555,80.553,80.183,79.668,83.871
2786.7756,3.58837647351297,78.544,80.567,80.2,79.67,83.847
2784.84704,3.59086149306068,78.529,80.583,80.21,79.665,83.83
2782.91847,3.59334996975316,78.538,80.614,80.221,79.664,83.834
2780.98991,3.59584188494952,78.58,80.661,80.248,79.693,83.866
2779.06134,3.59833727167749,78.622,80.701,80.277,79.732,83.902
2777.13278,3.60083611126437,78.643,80.712,80.289,79.749,83.914
2775.20421,3.60333843684966,78.651,80.706,80.308,79.759,83.906
2773.27565,3.60584422972884,78.649,80.714,80.336,79.783,83.905
2771.34708,3.6083535231538,78.644,80.742,80.342,79.807,83.916
2769.41852,3.61086629838815,78.651,80.777,80.327,79.823,83.93
2767.48996,3.61338257574022,78.66,80.816,80.328,79.846,83.946
2765.56139,3.61590237561134,78.665,80.853,80.346,79.877,83.96
2763.63283,3.61842567921731,78.679,80.881,80.356,79.905,83.966
2761.70426,3.62095252009352,78.695,80.901,80.349,79.931,83.957
2759.7757,3.62348287942386,78.694,80.916,80.337,79.953,83.952
2757.84713,3.62601679085817,78.696,80.941,80.341,79.971,83.971
2755.91857,3.62855423554841,78.721,80.971,80.353,79.98,83.999
2753.99001,3.63109523407458,78.752,80.994,80.367,79.98,84.024
2752.06144,3.63363980711128,78.769,81.012,80.387,79.985,84.046
2750.13288,3.63618793576258,78.773,81.016,80.403,80.001,84.051
2748.20431,3.63873965396699,78.779,81.002,80.411,80.033,84.033
2746.27575,3.64129494279662,78.796,80.991,80.416,80.063,84.013
2744.34718,3.64385383630653,78.817,81.01,80.423,80.068,84.015
2742.41862,3.64641631553683,78.829,81.047,80.438,80.069,84.041
2740.49005,3.64898241465974,78.843,81.085,80.462,80.1,84.073
2738.56149,3.65155211468339,78.869,81.129,80.481,80.144,84.1
2736.63293,3.65412543654512,78.886,81.162,80.481,80.156,84.113
2734.70436,3.65670240127895,78.888,81.175,80.47,80.142,84.12
2732.7758,3.65928298984498,78.88,81.178,80.465,80.14,84.126
2730.84723,3.66186723671101,78.87,81.173,80.475,80.158,84.126
2728.91867,3.66445512280511,78.866,81.169,80.497,80.177,84.115
2726.9901,3.6670466827144,78.86,81.172,80.513,80.176,84.093
2725.06154,3.66964189733491,78.846,81.174,80.521,80.154,84.082
2723.13297,3.67224080137372,78.845,81.182,80.534,80.148,84.106
2721.20441,3.67484337569481,78.872,81.215,80.557,80.179,84.148
2719.27585,3.67744964160219,78.903,81.258,80.573,80.219,84.168
2717.34728,3.68005962049871,78.916,81.296,80.582,80.254,84.171
2715.41872,3.68267329320025,78.927,81.326,80.599,80.293,84.182
2713.49015,3.68529069471654,78.948,81.342,80.612,80.315,84.186
2711.56159,3.68791180583142,78.958,81.348,80.609,80.303,84.171
2709.63302,3.69053666167679,78.953,81.362,80.611,80.29,84.166
2707.70446,3.6931652430044,78.947,81.381,80.623,80.288,84.188
2705.77589,3.69579758506903,78.936,81.39,80.632,80.276,84.205
2703.84733,3.69843366859031,78.93,81.398,80.642,80.272,84.215
2701.91877,3.70107351524857,78.947,81.412,80.651,80.297,84.228
2699.9902,3.7037171468252,78.975,81.419,80.657,80.325,84.226
2698.06164,3.70636454399166,78.99,81.41,80.66,80.337,84.217
2696.13307,3.70901574231275,78.992,81.395,80.657,80.349,84.221
2694.20451,3.71167072242782,78.995,81.394,80.648,80.364,84.226
2692.27594,3.71432952002684,79,81.403,80.637,80.366,84.208
2690.34738,3.71699211571704,79.015,81.414,80.64,80.367,84.188
2688.41881,3.71965854531423,79.032,81.426,80.653,80.377,84.189
2686.49025,3.72232878939352,79.028,81.434,80.651,80.381,84.195
2684.56169,3.72500287002159,79.018,81.452,80.646,80.392,84.198
2682.63312,3.72768080936837,79.022,81.493,80.66,80.428,84.215
2680.70456,3.73036258796083,79.033,81.536,80.679,80.472,84.247
2678.77599,3.73304824193232,79.037,81.546,80.679,80.482,84.257
2676.84743,3.73573775177766,79.041,81.534,80.68,80.465,84.243
2674.91886,3.73843115375844,79.06,81.533,80.703,80.464,84.246
2672.9903,3.74112842833736,79.078,81.554,80.731,80.48,84.271
2671.06173,3.74382961190493,79.077,81.574,80.74,80.481,84.282
2669.13317,3.74653468489173,79.065,81.576,80.731,80.469,84.27
2667.20461,3.74924366976105,79.062,81.571,80.73,80.468,84.261
2665.27604,3.75195658908186,79.071,81.56,80.738,80.48,84.263
2663.34748,3.75467342323654,79.091,81.548,80.749,80.497,84.277
2661.41891,3.75739420894098,79.104,81.546,80.76,80.504,84.286
2659.49035,3.76011892654546,79.102,81.547,80.777,80.497,84.282
2657.56178,3.76284761289726,79.105,81.555,80.807,80.505,84.287
2655.63322,3.76558024831456,79.111,81.558,80.826,80.525,84.296
2653.70465,3.76831686977675,79.116,81.539,80.827,80.533,84.302
2651.77609,3.77105745756988,79.13,81.523,80.837,80.532,84.316
2649.84753,3.77380203456461,79.144,81.526,80.856,80.528,84.332
2647.91896,3.77655062373963,79.134,81.524,80.861,80.524,84.33
2645.9904,3.77930320533287,79.118,81.511,80.857,80.53,84.315
2644.06183,3.78205981665716,79.127,81.51,80.866,80.544,84.318
2642.13327,3.78482043791834,79.145,81.523,80.888,80.552,84.336
2640.2047,3.7875851065639,79.153,81.521,80.907,80.557,84.35
2638.27614,3.79035380276759,79.15,81.504,80.924,80.572,84.365
2636.34757,3.79312656411233,79.146,81.5,80.946,80.588,84.383
2634.41901,3.7959033707398,79.159,81.512,80.962,80.585,84.389
2632.49045,3.79868424593905,79.184,81.524,80.972,80.57,84.389
2630.56188,3.80146921310971,79.207,81.53,80.977,80.579,84.402
2628.63332,3.80425825234537,79.21,81.525,80.974,80.606,84.41
2626.70475,3.80705140157073,79.191,81.516,80.967,80.621,84.396
2624.77619,3.80984864084736,79.172,81.517,80.955,80.621,84.379
2622.84762,3.81265000823799,79.171,81.525,80.947,80.617,84.381
2620.91906,3.81545548377217,79.176,81.531,80.963,80.615,84.39
2618.99049,3.81826510565145,79.173,81.534,80.993,80.611,84.384
2617.06193,3.82107885387336,79.181,81.538,81.019,80.609,84.376
2615.13337,3.82389675215685,79.209,81.555,81.04,80.62,84.39
2613.2048,3.82671882433401,79.243,81.588,81.065,80.648,84.414
2611.27624,3.82954505035438,79.254,81.614,81.095,80.669,84.43
2609.34767,3.83237546876994,79.237,81.61,81.116,80.668,84.44
2607.41911,3.83521005949826,79.216,81.6,81.116,80.658,84.446
2605.49054,3.83804886123287,79.207,81.607,81.113,80.658,84.444
2603.56198,3.84089185385938,79.213,81.614,81.136,80.678,84.441
2601.63342,3.84373906143933,79.225,81.599,81.17,80.696,84.436
2599.70485,3.84659050814942,79.232,81.581,81.18,80.702,84.429
2597.77629,3.84944617382739,79.227,81.58,81.163,80.705,84.424
2595.84772,3.85230609752409,79.215,81.587,81.151,80.707,84.423
2593.91916,3.85517025904539,79.212,81.582,81.153,80.709,84.424
2591.99059,3.85803869758648,79.226,81.578,81.152,80.712,84.429
2590.06203,3.86091139292135,79.241,81.581,81.153,80.711,84.437
2588.13346,3.86378838439035,79.244,81.572,81.167,80.706,84.437
2586.2049,3.86666965173564,79.257,81.572,81.192,80.714,84.437
2584.27634,3.86955521947007,79.276,81.597,81.221,80.733,84.453
2582.34777,3.87244511222437,79.276,81.609,81.237,80.75,84.474
2580.41921,3.87533930969302,79.266,81.599,81.235,80.755,84.485
2578.49064,3.87823785158282,79.263,81.599,81.226,80.758,84.483
2576.56208,3.88114071755647,79.265,81.621,81.231,80.771,84.485
2574.63351,3.88404794746884,79.272,81.637,81.242,80.785,84.49
2572.70495,3.8869595209509,79.283,81.637,81.245,80.782,84.489
2570.77638,3.88987547800638,79.285,81.634,81.25,80.77,84.498
2568.84782,3.89279579823456,79.278,81.624,81.255,80.763,84.515
2566.91926,3.89572050661227,79.267,81.61,81.24,80.755,84.516
2564.99069,3.89864962823705,79.26,81.609,81.211,80.741,84.499
2563.06213,3.90158314266069,79.263,81.621,81.199,80.742,84.493
2561.13356,3.90452109026286,79.274,81.637,81.219,80.764,84.503
2559.205,3.90746345056375,79.292,81.653,81.257,80.783,84.52
2557.27643,3.91041026409492,79.309,81.659,81.281,80.79,84.536
2555.34787,3.91336151034497,79.317,81.642,81.282,80.795,84.546
2553.4193,3.91631722999822,79.318,81.614,81.272,80.804,84.547
2551.49074,3.91927740251176,79.31,81.597,81.266,80.809,84.543
2549.56218,3.92224205333953,79.294,81.588,81.271,80.818,84.541
2547.63361,3.92521120805908,79.286,81.583,81.278,80.836,84.542
2545.70505,3.92818484608026,79.289,81.587,81.279,80.842,84.539
2543.77648,3.93116300847314,79.287,81.592,81.275,80.829,84.532
2541.84792,3.93414567461613,79.283,81.585,81.271,80.808,84.526
2539.91935,3.93713288573513,79.285,81.566,81.27,80.782,84.514
2537.99079,3.94012462117721,79.28,81.541,81.265,80.759,84.49
2536.06222,3.94312092232501,79.273,81.533,81.268,80.761,84.479
2534.13366,3.94612176849425,79.284,81.561,81.286,80.79,84.5
2532.2051,3.94912718562963,79.301,81.598,81.303,80.813,84.524
2530.27653,3.95213719980243,79.303,81.603,81.307,80.811,84.526
2528.34797,3.95515179028146,79.3,81.593,81.314,80.8,84.522
2526.4194,3.95817099884524,79.311,81.584,81.328,80.804,84.528
2524.49084,3.9611948047314,79.325,81.577,81.341,80.827,84.539
2522.56227,3.96422324987839,79.328,81.576,81.345,80.854,84.548
2520.63371,3.96725631349269,79.33,81.578,81.342,80.868,84.543
2518.70514,3.97029403767366,79.326,81.571,81.345,80.874,84.536
2516.77658,3.97333640159668,79.309,81.549,81.349,80.876,84.553
2514.84802,3.97638343171131,79.294,81.526,81.349,80.874,84.585
2512.91945,3.97943515459678,79.299,81.525,81.358,80.864,84.597
2510.99089,3.98249154938193,79.316,81.539,81.376,80.844,84.575
2509.06232,3.98555265857247,79.33,81.552,81.384,80.829,84.545
2507.13376,3.9886184612663,79.33,81.567,81.381,80.837,84.533
2505.20519,3.99168900013336,79.324,81.588,81.386,80.858,84.54
2503.27663,3.99476425424065,79.322,81.594,81.392,80.872,84.554
2501.34806,3.99784426642328,79.323,81.583,81.392,80.877,84.559
2499.4195,4.00092901571745,79.32,81.575,81.384,80.87,84.554
2497.49094,4.00401852909224,79.304,81.58,81.381,80.859,84.546
2495.56237,4.0071128336496,79.287,81.598,81.395,80.86,84.548
2493.63381,4.0102119083796,79.296,81.614,81.412,80.867,84.563
2491.70524,4.01331579653459,79.322,81.611,81.419,80.87,84.582
2489.77668,4.01642447707399,79.331,81.605,81.418,80.876,84.589
2487.84811,4.01953799341874,79.32,81.622,81.411,80.884,84.585
2485.91955,4.02265632449771,79.318,81.647,81.398,80.882,84.585
2483.99098,4.02577951390146,79.329,81.659,81.389,80.87,84.589
2482.06242,4.02890754052833,79.33,81.667,81.401,80.861,84.59
2480.13386,4.03204043188217,79.319,81.68,81.429,80.859,84.593
2478.20529,4.03517821560295,79.309,81.699,81.456,80.862,84.601
2476.27673,4.03832087054342,79.303,81.712,81.457,80.867,84.607
2474.34816,4.04146844072259,79.301,81.709,81.428,80.868,84.6
2472.4196,4.0446209049629,79.307,81.69,81.407,80.869,84.586
2470.49103,4.04777830745656,79.316,81.674,81.413,80.868,84.578
2468.56247,4.05094062699576,79.311,81.678,81.427,80.861,84.583
2466.63391,4.05410789151115,79.3,81.7,81.436,80.857,84.593
2464.70534,4.05728012907214,79.299,81.725,81.439,80.864,84.604
2462.77678,4.06045731842575,79.316,81.743,81.439,80.875,84.619
2460.84821,4.06363950420168,79.333,81.75,81.437,80.877,84.621
2458.91965,4.06682666511694,79.324,81.75,81.429,80.866,84.605
2456.99108,4.07001884597807,79.304,81.754,81.423,80.849,84.585
2455.06252,4.07321602547213,79.296,81.755,81.426,80.833,84.57
2453.13395,4.07641824858361,79.302,81.755,81.426,80.828,84.565
2451.20539,4.07962549396972,79.316,81.772,81.426,80.844,84.583
2449.27683,4.08283779012436,79.319,81.792,81.421,80.853,84.594
2447.34826,4.08605516568369,79.307,81.797,81.412,80.838,84.591
2445.4197,4.08927759926036,79.304,81.806,81.415,80.826,84.604
2443.49113,4.09250513628834,79.311,81.816,81.425,80.83,84.618
2441.56257,4.09573775535067,79.313,81.813,81.426,80.836,84.602
2439.634,4.09897550206302,79.306,81.8,81.423,80.835,84.581
2437.70544,4.10221835497893,79.302,81.794,81.424,80.83,84.593
2435.77687,4.10546635989691,79.304,81.804,81.426,80.826,84.62
2433.84831,4.10871949534111,79.307,81.823,81.432,80.82,84.629
2431.91975,4.11197779038556,79.308,81.84,81.438,80.806,84.615
2429.99118,4.11524127425022,79.314,81.843,81.43,80.794,84.596
2428.06262,4.11850992541535,79.317,81.834,81.414,80.795,84.592
2426.13405,4.12178379014136,79.312,81.83,81.408,80.804,84.605
2424.20549,4.12506284687937,79.313,81.832,81.412,80.808,84.62
2422.27692,4.12834714207656,79.327,81.837,81.417,80.806,84.622
2420.34836,4.13163665415503,79.34,81.851,81.423,80.814,84.619
2418.41979,4.13493142974984,79.34,81.86,81.431,80.819,84.619
2416.49123,4.13823144725421,79.335,81.853,81.439,80.815,84.623
2414.56267,4.14153673633992,79.33,81.835,81.441,80.815,84.629
2412.6341,4.14484732682838,79.315,81.817,81.431,80.816,84.627
2410.70554,4.14816319706969,79.297,81.805,81.42,80.813,84.611
2408.77697,4.1514843941737,79.284,81.795,81.418,80.811,84.59
2406.84841,4.1548108964619,79.277,81.793,81.419,80.812,84.579
2404.91984,4.15814275123615,79.279,81.813,81.421,80.809,84.588
2402.99128,4.16147993678945,79.287,81.839,81.417,80.804,84.61
2401.06271,4.16482250061682,79.293,81.852,81.405,80.797,84.62
2399.13415,4.16817042098292,79.289,81.849,81.397,80.784,84.611
2397.20559,4.17152372817552,79.277,81.835,81.387,80.776,84.59
2395.27702,4.1748824526359,79.267,81.821,81.369,80.779,84.577
2393.34846,4.17824657258643,79.262,81.819,81.35,80.779,84.592
2391.41989,4.18161613601031,79.254,81.807,81.317,80.748,84.606
2389.49133,4.18499112110191,79.236,81.764,81.245,80.659,84.588
2387.56276,4.18837157604184,79.198,81.655,81.082,80.478,84.527
2385.6342,4.19175747899657,79.114,81.417,80.752,80.152,84.415
2383.70563,4.19514887834535,78.984,81.037,80.238,79.658,84.255
2381.77707,4.19854575222693,78.841,80.576,79.605,79.025,84.073
2379.84851,4.20194813156406,78.711,80.08,78.918,78.275,83.888
2377.91994,4.20535604743699,78.595,79.528,78.158,77.377,83.684
2375.99138,4.20876947794314,78.516,78.885,77.254,76.322,83.479
2374.06281,4.21218847196381,78.508,78.173,76.207,75.159,83.368
2372.13425,4.21561300756903,78.58,77.451,75.115,73.93,83.419
2370.20568,4.21904313384314,78.778,76.799,74.108,72.729,83.61
2368.27712,4.22247882882895,79.134,76.275,73.213,71.674,83.951
2366.34855,4.22592014181512,79.655,75.948,72.522,70.889,84.52
2364.41999,4.2293670508174,80.427,75.908,72.359,70.567,85.255
2362.49143,4.23281958741328,81.323,76.03,72.546,70.573,85.929
2360.56286,4.23627778334189,81.919,76.193,72.53,70.547,86.31
2358.6343,4.23974161657871,81.762,76.257,72.304,70.59,85.937
2356.70573,4.24321113692884,80.801,76.24,72.476,71.075,84.85
2354.77717,4.24668632234107,79.618,76.382,73.257,71.915,83.82
2352.8486,4.25016722282938,78.764,76.765,74.267,72.957,83.231
2350.92004,4.2536538163161,78.386,77.178,75.022,73.839,83.057
2348.99147,4.25714615302541,78.32,77.368,75.289,74.177,83.119
2347.06291,4.2606442108533,78.437,77.228,75.044,73.866,83.278
2345.13435,4.26414802205255,78.679,76.729,74.267,72.932,83.399
2343.20578,4.26765761904189,78.886,76.244,73.284,71.948,83.362
2341.27722,4.27117297967816,78.898,76.211,72.756,71.678,83.301
2339.34865,4.27469415471696,78.775,76.321,72.765,71.883,83.293
2337.42009,4.27822112198924,78.622,76.348,72.97,71.997,83.263
2335.49152,4.28175393246557,78.543,76.398,73.228,72.005,83.232
2333.56296,4.28529256395122,78.62,76.511,73.614,72.191,83.26
2331.6344,4.28883704923894,78.728,76.655,73.989,72.544,83.316
2329.70583,4.29238742129087,78.636,76.763,74.122,72.823,83.271
2327.77727,4.29594365787411,78.404,76.815,74.194,73.019,83.086
2325.8487,4.29950581050264,78.266,76.943,74.547,73.407,82.976
2323.92014,4.30307385691834,78.275,77.248,75.169,74.027,83.081
2321.99157,4.30664784885502,78.306,77.677,75.785,74.655,83.244
2320.06301,4.31022776402957,78.271,78.075,76.237,75.183,83.307
2318.13444,4.31381365439703,78.218,78.381,76.622,75.65,83.318
2316.20588,4.31740549764946,78.221,78.653,77.014,76.077,83.349
2314.27732,4.32100332729355,78.265,78.884,77.343,76.438,83.387
2312.34875,4.32460717700996,78.314,79.042,77.576,76.73,83.424
2310.42019,4.3282170244539,78.365,79.203,77.817,77.034,83.487
2308.49162,4.33183292213987,78.429,79.453,78.158,77.439,83.589
2306.56306,4.33545484769881,78.508,79.763,78.566,77.92,83.712
2304.63449,4.33908285387155,78.572,80.027,78.918,78.323,83.806
2302.70593,4.34271691826494,78.594,80.191,79.137,78.569,83.848
2300.77736,4.34635709384762,78.607,80.309,79.279,78.743,83.881
2298.8488,4.35000335820259,78.63,80.429,79.431,78.923,83.932
2296.92024,4.35365574557347,78.653,80.548,79.611,79.116,83.982
2294.99167,4.35731429038259,78.682,80.673,79.814,79.324,84.031
2293.06311,4.36097897017758,78.73,80.819,80.031,79.538,84.09
2291.13454,4.36464983850316,78.789,80.975,80.232,79.745,84.155
2289.20598,4.36832687288367,78.833,81.11,80.402,79.936,84.208
2287.27741,4.37201012709691,78.855,81.222,80.556,80.115,84.242
2285.34885,4.3756995786442,78.87,81.325,80.704,80.277,84.265
2283.42028,4.37939528153792,78.869,81.39,80.797,80.369,84.278
2281.49172,4.3830972132566,78.844,81.385,80.794,80.355,84.278
2279.56316,4.38680540880473,78.821,81.342,80.749,80.286,84.27
2277.63459,4.39051990337045,78.816,81.316,80.724,80.237,84.256
2275.70603,4.39424067439853,78.822,81.314,80.708,80.216,84.237
2273.77746,4.39796777649472,78.831,81.308,80.683,80.203,84.215
2271.8489,4.40170118708159,78.826,81.291,80.668,80.198,84.196
2269.92033,4.40544096100501,78.808,81.278,80.679,80.203,84.192
2267.99177,4.40918707566562,78.795,81.277,80.702,80.2,84.194
2266.0632,4.412939586151,78.79,81.289,80.725,80.196,84.185
2264.13464,4.41669846984012,78.785,81.305,80.753,80.21,84.182
2262.20608,4.42046376252335,78.773,81.31,80.772,80.235,84.195
2260.27751,4.4242355001798,78.752,81.305,80.779,80.253,84.2
2258.34895,4.42801366015646,78.733,81.304,80.796,80.27,84.188
2256.42038,4.43179829815223,78.735,81.321,80.831,80.302,84.183
2254.49182,4.43558939149311,78.758,81.354,80.864,80.353,84.2
2252.56325,4.43938699612541,78.772,81.386,80.888,80.399,84.219
2250.63469,4.44319108935444,78.763,81.402,80.912,80.424,84.221
2248.70612,4.44700172737556,78.752,81.41,80.931,80.433,84.208
2246.77756,4.45081888747367,78.753,81.411,80.943,80.436,84.19
2244.849,4.45464260625102,78.757,81.413,80.955,80.436,84.187
2242.92043,4.45847292050392,78.751,81.423,80.96,80.428,84.204
2240.99187,4.46230980748717,78.727,81.42,80.948,80.407,84.208
2239.0633,4.46615332402617,78.706,81.398,80.932,80.387,84.189
2237.13474,4.47000344735606,78.705,81.381,80.925,80.382,84.175
2235.20617,4.47386023455725,78.708,81.379,80.922,80.393,84.185
2233.27761,4.47772366284548,78.7,81.379,80.913,80.404,84.2
2231.34904,4.48159378955791,78.69,81.377,80.9,80.409,84.2
2229.42048,4.48547059189122,78.681,81.375,80.892,80.405,84.185
2227.49192,4.48935410728673,78.667,81.366,80.887,80.399,84.175
2225.56335,4.49324437338528,78.657,81.355,80.882,80.402,84.179
2223.63479,4.49714136735556,78.649,81.345,80.867,80.413,84.17
2221.70622,4.50104514718422,78.635,81.338,80.836,80.429,84.139
2219.77766,4.50495569002168,78.619,81.334,80.819,80.449,84.118
2217.84909,4.50887305411749,78.612,81.327,80.828,80.464,84.12
2215.92053,4.51279721660415,78.613,81.309,80.837,80.463,84.123
2213.99196,4.51672823599594,78.613,81.293,80.828,80.455,84.113
2212.0634,4.52066608940775,78.605,81.289,80.803,80.452,84.1
2210.13484,4.52461081514827,78.591,81.287,80.772,80.443,84.094
2208.20627,4.52856245173147,78.579,81.292,80.757,80.426,84.09
2206.27771,4.53252097624646,78.572,81.307,80.762,80.42,84.083
2204.34914,4.53648644787731,78.564,81.308,80.769,80.419,84.073
2202.42058,4.54045884369642,78.549,81.291,80.759,80.41,84.069
2200.49201,4.54443822315901,78.524,81.27,80.711,80.394,84.072
2198.56345,4.54842456332111,78.506,81.251,80.638,80.371,84.078
2196.63488,4.55241792391096,78.501,81.228,80.577,80.351,84.078
2194.70632,4.55641828196859,78.5,81.204,80.534,80.337,84.066
2192.77776,4.56042567669968,78.491,81.187,80.501,80.32,84.049
2190.84919,4.56444014752106,78.469,81.175,80.464,80.297,84.029
2188.92063,4.56846167144946,78.445,81.159,80.407,80.27,84.003
2186.99206,4.572490308904,78.439,81.145,80.357,80.26,83.993
2185.0635,4.57652603688634,78.445,81.127,80.337,80.264,84.007
2183.13493,4.58056891609535,78.436,81.085,80.322,80.252,84.008
2181.20637,4.584618923518,78.402,81.016,80.307,80.22,83.988
2179.27781,4.5886760990789,78.368,80.948,80.307,80.196,83.967
2177.34924,4.59274048291858,78.361,80.905,80.327,80.197,83.955
2175.42068,4.59681205200274,78.377,80.883,80.351,80.21,83.95
2173.49211,4.60089086773819,78.386,80.859,80.35,80.209,83.943
2171.56355,4.60497690707693,78.378,80.839,80.323,80.203,83.938
2169.63498,4.60907023171243,78.367,80.845,80.294,80.217,83.948
2167.70642,4.61317081858345,78.352,80.869,80.278,80.232,83.96
2165.77785,4.61727872967211,78.332,80.887,80.271,80.221,83.952
2163.84929,4.62139394190434,78.32,80.893,80.257,80.201,83.926
2161.92073,4.62551649615756,78.304,80.89,80.228,80.192,83.89
2159.99216,4.6296464335315,78.272,80.878,80.204,80.183,83.855
2158.0636,4.6337837309336,78.243,80.869,80.187,80.158,83.837
2156.13503,4.63792845107665,78.228,80.869,80.163,80.128,83.83
2154.20647,4.64208057085633,78.225,80.87,80.143,80.107,83.816
2152.2779,4.64624015328132,78.22,80.865,80.141,80.1,83.803
2150.34934,4.650407175236,78.204,80.856,80.151,80.102,83.808
2148.42077,4.65458170002704,78.197,80.85,80.16,80.105,83.832
2146.49221,4.65876370452796,78.214,80.849,80.164,80.106,83.851
2144.56365,4.66295323060241,78.226,80.843,80.16,80.11,83.845
2142.63508,4.66715032034293,78.218,80.826,80.144,80.116,83.823
2140.70652,4.67135495060762,78.197,80.807,80.118,80.113,83.798
2138.77795,4.67556718545747,78.17,80.798,80.102,80.103,83.781
2136.84939,4.67978700174092,78.141,80.799,80.112,80.1,83.775
2134.92082,4.68401446382447,78.112,80.787,80.123,80.1,83.763
2132.99226,4.68824954854735,78.093,80.761,80.114,80.094,83.747
2131.06369,4.69249232058381,78.095,80.747,80.092,80.083,83.741
2129.13513,4.69674275676434,78.098,80.742,80.068,80.07,83.735
2127.20657,4.70100089997372,78.086,80.724,80.051,80.057,83.713
2125.278,4.70526679333245,78.067,80.7,80.048,80.051,83.686
2123.34944,4.7095404136589,78.05,80.686,80.047,80.047,83.67
2121.42087,4.71382182640638,78.034,80.685,80.038,80.036,83.662
2119.49231,4.71811100838578,78.016,80.679,80.029,80.008,83.658
2117.56374,4.72240802536598,78,80.657,80.022,79.973,83.643
2115.63518,4.72671285415097,77.989,80.644,80.018,79.959,83.619
2113.70661,4.73102556082748,77.995,80.662,80.021,79.967,83.616
2111.77805,4.7353461221931,78.007,80.68,80.025,79.967,83.635
2109.84949,4.73967458219022,77.995,80.664,80.024,79.949,83.646
2107.92092,4.74401098500412,77.957,80.628,80.018,79.921,83.632
2105.99236,4.74835530742381,77.922,80.605,80.01,79.899,83.606
2104.06379,4.75270761634085,77.906,80.593,80.008,79.892,83.591
2102.13523,4.75706788853922,77.9,80.58,80.007,79.89,83.584
2100.20666,4.76143619123653,77.891,80.559,79.996,79.887,83.57
2098.2781,4.7658125012123,77.88,80.537,79.98,79.885,83.561
2096.34953,4.77019688601261,77.878,80.515,79.971,79.87,83.559
2094.42097,4.77458932241306,77.866,80.489,79.962,79.84,83.551
2092.49241,4.77898985545185,77.833,80.447,79.948,79.807,83.536
2090.56384,4.78339853041752,77.8,80.399,79.935,79.781,83.517
2088.63528,4.7878153240809,77.783,80.363,79.924,79.762,83.498
2086.70671,4.79224030481984,77.778,80.343,79.914,79.747,83.485
2084.77815,4.79667344940276,77.78,80.342,79.909,79.744,83.477
2082.84958,4.80111482654451,77.779,80.353,79.908,79.749,83.472
2080.92102,4.8055644130117,77.772,80.356,79.908,79.747,83.47
2078.99245,4.81002227785868,77.762,80.348,79.914,79.746,83.472
2077.06389,4.81448839785087,77.743,80.329,79.924,79.753,83.469
2075.13533,4.81896281916226,77.708,80.297,79.932,79.752,83.45
2073.20676,4.82344558822488,77.676,80.269,79.934,79.731,83.42
2071.2782,4.82793668180354,77.671,80.264,79.94,79.712,83.396
2069.34963,4.83243616981245,77.669,80.272,79.953,79.705,83.387
2067.42107,4.83694402901679,77.648,80.27,79.959,79.696,83.376
2065.4925,4.84146032967924,77.619,80.256,79.961,79.681,83.353
2063.56394,4.84598504856603,77.598,80.24,79.971,79.679,83.332
2061.63537,4.85051825629088,77.588,80.228,79.983,79.685,83.325
2059.70681,4.85505992962173,77.577,80.221,79.992,79.679,83.323
2057.77825,4.85961011591021,77.548,80.213,80.004,79.663,83.311
2055.84968,4.86416886277405,77.515,80.209,80.013,79.66,83.299
2053.92112,4.86873614698504,77.507,80.213,80.014,79.662,83.296
2051.99255,4.87331204004615,77.517,80.224,80.008,79.652,83.292
2050.06399,4.87789651873257,77.525,80.238,79.997,79.635,83.281
2048.13542,4.88248965490768,77.519,80.251,79.974,79.626,83.265
2046.20686,4.88709142535081,77.484,80.244,79.941,79.616,83.236
2044.2783,4.89170187835971,77.441,80.22,79.913,79.593,83.203
2042.34973,4.89632106250481,77.422,80.207,79.899,79.571,83.2
2040.42117,4.90094895457294,77.42,80.218,79.902,79.572,83.22
2038.4926,4.90558562734052,77.412,80.233,79.906,79.589,83.216
2036.56404,4.91023105760033,77.396,80.227,79.905,79.595,83.185
2034.63547,4.91488531849885,77.377,80.205,79.905,79.577,83.152
2032.70691,4.91954838683556,77.353,80.189,79.902,79.544,83.124
2030.77834,4.92422033612984,77.331,80.189,79.875,79.51,83.105
2028.84978,4.92890114318863,77.319,80.189,79.831,79.479,83.103
2026.92122,4.93359085756673,77.314,80.18,79.795,79.463,83.11
2024.99265,4.93828952910027,77.309,80.172,79.77,79.458,83.106
2023.06409,4.94299713460882,77.296,80.166,79.747,79.447,83.091
2021.13552,4.94771374855655,77.269,80.142,79.717,79.422,83.073
2019.20696,4.95243934777246,77.235,80.102,79.672,79.386,83.048
2017.27839,4.9571740071037,77.207,80.078,79.636,79.368,83.016
2015.34983,4.96191770338949,77.197,80.088,79.631,79.384,82.995
2013.42126,4.96667051186298,77.186,80.1,79.625,79.391,82.984
2011.4927,4.97143240937439,77.161,80.093,79.604,79.369,82.969
2009.56414,4.97620344678324,77.13,80.083,79.583,79.341,82.952
2007.63557,4.98098367523943,77.1,80.08,79.558,79.316,82.937
2005.70701,4.98577307161129,77.085,80.087,79.531,79.301,82.925
2003.77844,4.99057171211005,77.086,80.092,79.521,79.299,82.923
2001.84988,4.99537957361718,77.084,80.077,79.524,79.298,82.921
1999.92131,5.00019673274045,77.065,80.054,79.521,79.286,82.905
1997.99275,5.00502316637535,77.045,80.042,79.517,79.267,82.877
1996.06418,5.0098589515293,77.028,80.028,79.506,79.238,82.854
1994.13562,5.01470406511268,76.996,79.988,79.468,79.177,82.819
1992.20706,5.01955855933971,76.951,79.945,79.43,79.111,82.772
1990.27849,5.02442248672446,76.92,79.934,79.437,79.1,82.745
1988.34993,5.02929582420133,76.905,79.942,79.459,79.117,82.733
1986.42136,5.0341786497906,76.897,79.96,79.46,79.126,82.728
1984.4928,5.03907094044383,76.888,79.98,79.443,79.131,82.74
1982.56423,5.04397277459203,76.88,79.987,79.425,79.136,82.757
1980.63567,5.04888412920484,76.872,79.979,79.418,79.133,82.76
1978.7071,5.05380508312726,76.855,79.954,79.408,79.117,82.738
1976.77854,5.05873561334797,76.821,79.915,79.383,79.095,82.7
1974.84998,5.06367577348837,76.785,79.89,79.36,79.072,82.67
1972.92141,5.06862561747961,76.764,79.888,79.348,79.042,82.661
1970.99285,5.07358512234075,76.746,79.882,79.338,79.001,82.646
1969.06428,5.07855436796609,76.712,79.84,79.31,78.943,82.6
1967.13572,5.08353333139617,76.678,79.801,79.278,78.899,82.552
1965.20715,5.08852209295086,76.67,79.806,79.278,78.904,82.546
1963.27859,5.09352062969321,76.672,79.819,79.284,78.918,82.551
1961.35002,5.09852902237205,76.657,79.809,79.251,78.897,82.531
1959.42146,5.10354724807393,76.634,79.79,79.199,78.858,82.501
1957.4929,5.10857536188254,76.613,79.763,79.155,78.826,82.48
1955.56433,5.11361341920161,76.6,79.723,79.119,78.812,82.46
1953.63577,5.11866139715491,76.592,79.692,79.097,78.811,82.449
1951.7072,5.12371937757877,76.572,79.674,79.078,78.789,82.447
1949.77864,5.12878733762311,76.533,79.65,79.043,78.746,82.431
1947.85007,5.13386535956538,76.491,79.611,78.993,78.7,82.396
1945.92151,5.13895342058273,76.451,79.553,78.929,78.632,82.364
1943.99294,5.14405160339728,76.415,79.481,78.862,78.542,82.341
1942.06438,5.14915988521452,76.39,79.44,78.832,78.507,82.325
1940.13582,5.15427832263826,76.374,79.451,78.843,78.547,82.316
1938.20725,5.15940697260316,76.357,79.467,78.848,78.575,82.304
1936.27869,5.16454581235927,76.338,79.458,78.836,78.563,82.283
1934.35012,5.16969492575625,76.317,79.423,78.814,78.532,82.256
1932.42156,5.1748542900753,76.291,79.376,78.782,78.503,82.229
1930.49299,5.1800239896235,76.27,79.343,78.76,78.494,82.217
1928.56443,5.18520400171438,76.255,79.329,78.745,78.492,82.218
1926.63586,5.19039441111617,76.23,79.3,78.705,78.456,82.201
1924.7073,5.19559519517591,76.194,79.235,78.632,78.378,82.16
1922.77874,5.20080641207839,76.169,79.179,78.576,78.319,82.131
1920.85017,5.20602812035048,76.157,79.164,78.571,78.301,82.123
1918.92161,5.21126029739172,76.144,79.151,78.571,78.274,82.111
1916.99304,5.21650302913985,76.137,79.138,78.572,78.263,82.102
1915.06448,5.22175629303093,76.138,79.142,78.592,78.29,82.096
1913.13591,5.22702017547724,76.117,79.121,78.582,78.285,82.069
1911.20735,5.23229465395265,76.065,79.06,78.52,78.23,82.027
1909.27878,5.23757981534787,76.004,79.001,78.453,78.18,81.993
1907.35022,5.24287563717585,75.964,78.983,78.429,78.17,81.977
1905.42166,5.2481821792663,75.949,78.977,78.431,78.172,81.967
1903.49309,5.25349950180276,75.942,78.963,78.437,78.166,81.952
1901.56453,5.25882758235925,75.932,78.946,78.443,78.152,81.929
1899.63596,5.26416650903997,75.919,78.918,78.434,78.132,81.902
1897.7074,5.26951625946129,75.888,78.862,78.38,78.096,81.865
1895.77883,5.27487692221988,75.839,78.8,78.3,78.048,81.838
1893.85027,5.2802484749758,75.804,78.77,78.263,78.011,81.838
1891.92171,5.28563097888443,75.789,78.735,78.244,77.965,81.833
1889.99314,5.29102449546457,75.767,78.676,78.196,77.901,81.804
1888.06458,5.2964290024444,75.745,78.648,78.166,77.893,81.787
1886.13601,5.30184458966986,75.734,78.649,78.165,77.926,81.781
1884.20745,5.3072712349163,75.718,78.639,78.151,77.935,81.759
1882.27888,5.31270902853673,75.698,78.617,78.129,77.926,81.73
1880.35032,5.31815794835507,75.68,78.581,78.111,77.913,81.708
1878.42175,5.32361808523565,75.654,78.528,78.091,77.892,81.692
1876.49319,5.32908941705246,75.635,78.482,78.063,77.87,81.68
1874.56463,5.33457200672777,75.637,78.45,78.031,77.855,81.676
1872.63606,5.34006591756008,75.631,78.396,77.962,77.797,81.653
1870.7075,5.34557112750123,75.583,78.289,77.812,77.631,81.583
1868.77893,5.35108772871278,75.505,78.186,77.658,77.465,81.501
1866.85037,5.35661569920036,75.461,78.18,77.651,77.494,81.481
1864.9218,5.36215513165217,75.458,78.229,77.725,77.615,81.502
1862.99324,5.36770600412914,75.455,78.252,77.751,77.668,81.513
1861.06467,5.37326840985058,75.433,78.236,77.721,77.65,81.508
1859.13611,5.37884232693431,75.405,78.208,77.688,77.624,81.496
1857.20755,5.3844278201432,75.384,78.195,77.676,77.626,81.486
1855.27898,5.39002495462974,75.362,78.19,77.669,77.634,81.475
1853.35042,5.39563370860002,75.337,78.165,77.647,77.614,81.454
1851.42185,5.40125417662107,75.315,78.103,77.596,77.547,81.419
1849.49329,5.40688633695989,75.285,78.012,77.505,77.438,81.36
1847.56472,5.4125302847307,75.25,77.916,77.401,77.316,81.291
1845.63616,5.41818599826306,75.217,77.825,77.319,77.207,81.235
1843.70759,5.42385357322307,75.189,77.782,77.307,77.189,81.218
1841.77903,5.42953298800454,75.186,77.817,77.378,77.277,81.252
1839.85047,5.43522430928857,75.192,77.844,77.446,77.343,81.287
1837.9219,5.44092760415989,75.189,77.821,77.469,77.347,81.288
1835.99334,5.44664285111187,75.183,77.793,77.473,77.343,81.268
1834.06477,5.45237014721132,75.161,77.76,77.446,77.314,81.233
1832.13621,5.45810947102017,75.099,77.664,77.337,77.185,81.163
1830.20764,5.46386092017406,75.012,77.539,77.2,77.024,81.084
1828.27908,5.46962447330525,74.964,77.497,77.169,76.997,81.059
1826.35051,5.47540022862315,74.959,77.499,77.202,77.045,81.069
1824.42195,5.48118816483216,74.962,77.499,77.255,77.091,81.078
1822.49339,5.48698835061344,74.963,77.513,77.338,77.149,81.09
1820.56482,5.49280085506651,74.957,77.511,77.397,77.182,81.094
1818.63626,5.49862565700741,74.944,77.489,77.419,77.174,81.081
1816.70769,5.50446285610207,74.922,77.474,77.432,77.154,81.062
1814.77913,5.51031243124336,74.899,77.452,77.421,77.113,81.037
1812.85056,5.51617448268874,74.871,77.382,77.368,77.022,80.996
1810.922,5.52204898940982,74.835,77.301,77.328,76.936,80.956
1808.99343,5.52793605226084,74.8,77.284,77.359,76.943,80.945
1807.06487,5.53383565029406,74.77,77.295,77.405,76.989,80.953
1805.13631,5.539747854277,74.736,77.254,77.385,76.964,80.943
1803.20774,5.54567273541095,74.69,77.149,77.279,76.849,80.891
1801.27918,5.55161027287286,74.64,77.041,77.156,76.721,80.816
1799.35061,5.55756056903218,74.606,77.007,77.109,76.669,80.767
1797.42205,5.56352360315153,74.599,77.022,77.116,76.661,80.752
1795.49348,5.56949947821587,74.605,77.005,77.09,76.612,80.739
1793.56492,5.57548817357556,74.599,76.932,77.009,76.502,80.708
1791.63635,5.58148979283659,74.572,76.902,76.982,76.474,80.689
1789.70779,5.58750431543912,74.551,76.98,77.076,76.608,80.715
1787.77923,5.5935318143281,74.538,77.05,77.149,76.717,80.742
1785.85066,5.59957236289848,74.52,77.053,77.136,76.713,80.736
1783.9221,5.60562594072914,74.496,77.017,77.089,76.653,80.701
1781.99353,5.61169265300307,74.466,76.975,77.048,76.583,80.655
1780.06497,5.61777247939439,74.437,76.957,77.049,76.548,80.624
1778.1364,5.62386552572682,74.421,76.951,77.092,76.556,80.611
1776.20784,5.62997177177193,74.399,76.89,77.085,76.506,80.576
1774.27927,5.63609132399997,74.342,76.765,76.996,76.337,80.511
1772.35071,5.64222416228219,74.265,76.655,76.937,76.165,80.445
1770.42215,5.64837036183715,74.236,76.657,77.011,76.193,80.431
1768.49358,5.65452999835035,74.251,76.729,77.127,76.333,80.459
1766.56502,5.66070305184691,74.266,76.79,77.21,76.44,80.494
1764.63645,5.66688963043918,74.272,76.79,77.225,76.451,80.501
1762.70789,5.67308971425776,74.256,76.734,77.185,76.377,80.464
1760.77932,5.67930341208233,74.228,76.694,77.175,76.325,80.424
1758.85076,5.68553070415139,74.209,76.683,77.187,76.31,80.414
1756.9222,5.69177166752176,74.185,76.672,77.178,76.293,80.407
1754.99363,5.69802637973108,74.16,76.656,77.165,76.277,80.388
1753.06507,5.70429482118425,74.123,76.576,77.079,76.163,80.333
1751.1365,5.7105771023561,74.039,76.416,76.87,75.904,80.227
1749.20794,5.71687320376559,73.951,76.31,76.706,75.72,80.14
1747.27937,5.72318323657653,73.931,76.333,76.72,75.762,80.139
1745.35081,5.72950718142446,73.949,76.394,76.783,75.866,80.173
1743.42224,5.73584515016856,73.963,76.429,76.803,75.915,80.188
1741.49368,5.74219712356349,73.964,76.444,76.799,75.917,80.182
1739.56512,5.74856318112426,73.955,76.472,76.805,75.925,80.19
1737.63655,5.75494340286523,73.957,76.505,76.798,75.931,80.221
1735.70799,5.76133776972473,73.945,76.459,76.69,75.824,80.209
1733.77942,5.76774639532865,73.868,76.356,76.534,75.66,80.118
1731.85086,5.77416926074108,73.803,76.371,76.559,75.698,80.078
1729.92229,5.78060648030612,73.801,76.464,76.676,75.846,80.107
1727.99373,5.78705803521637,73.82,76.546,76.766,75.972,80.137
1726.06516,5.79352404054086,73.828,76.571,76.785,76.013,80.135
1724.1366,5.80000447760346,73.818,76.535,76.736,75.968,80.108
1722.20804,5.80649942848949,73.801,76.47,76.661,75.887,80.083
1720.27947,5.81300897580322,73.765,76.348,76.52,75.718,80.036
1718.35091,5.81953310107072,73.677,76.135,76.26,75.403,79.927
1716.42234,5.82607192120326,73.58,76.042,76.098,75.233,79.831
1714.49378,5.83262541786533,73.556,76.183,76.201,75.409,79.846
1712.56521,5.83919370871723,73.572,76.338,76.349,75.617,79.906
1710.63665,5.84577677556482,73.585,76.399,76.403,75.69,79.935
1708.70808,5.85237473682456,73.57,76.351,76.328,75.605,79.893
1706.77952,5.85898757444664,73.513,76.227,76.169,75.418,79.809
1704.85096,5.86561537320541,73.464,76.134,76.068,75.292,79.775
1702.92239,5.87225821841476,73.492,76.119,76.045,75.266,79.809
1700.99383,5.87891609224708,73.546,76.087,75.955,75.175,79.816
1699.06526,5.88558911504082,73.516,75.994,75.821,75.034,79.744
1697.1367,5.8922772691204,73.432,75.967,75.812,75.044,79.684
1695.20813,5.89898067560589,73.366,76.067,75.934,75.221,79.697
1693.27957,5.90569931697694,73.337,76.179,76.045,75.387,79.734
1691.351,5.91243331514275,73.323,76.19,76.019,75.396,79.725
1689.42244,5.91918265274137,73.306,76.125,75.893,75.297,79.671
1687.49388,5.92594741736189,73.297,76.043,75.748,75.165,79.617
1685.56531,5.93272769715461,73.267,75.916,75.541,74.919,79.55
1683.63675,5.93952347500136,73.199,75.838,75.384,74.735,79.492
1681.70818,5.94633487481758,73.177,75.943,75.481,74.891,79.523
1679.77962,5.95316187965181,73.2,76.069,75.611,75.077,79.566
1677.85105,5.96000461423557,73.224,76.138,75.66,75.144,79.573
1675.92249,5.96686306178754,73.209,76.14,75.624,75.097,79.535
1673.99392,5.97373734786325,73.166,76.117,75.562,75.017,79.49
1672.06536,5.98062745585496,73.134,76.09,75.494,74.927,79.455
1670.1368,5.98753347629967,73.101,76.081,75.431,74.842,79.421
1668.20823,5.99445550031845,73.09,76.167,75.505,74.939,79.451
1666.27967,6.0013935115706,73.109,76.259,75.612,75.089,79.511
1664.3511,6.00834763770697,73.097,76.251,75.599,75.086,79.513
1662.42254,6.01531786256941,73.039,76.191,75.545,75.009,79.473
1660.49397,6.02230431466126,73.004,76.174,75.578,75.037,79.459
1658.56541,6.0293069780106,73,76.152,75.602,75.061,79.45
1656.63684,6.03632598198167,72.996,76.07,75.511,74.936,79.414
1654.70828,6.0433613107925,72.98,75.93,75.294,74.626,79.353
1652.77972,6.05041305806923,72.915,75.866,75.159,74.405,79.279
1650.85115,6.05748131804615,72.859,75.917,75.232,74.477,79.242
1648.92259,6.06456607523341,72.833,75.885,75.202,74.431,79.201
1646.99402,6.07166746118483,72.802,75.852,75.147,74.354,79.165
1645.06546,6.07878546061018,72.796,75.978,75.292,74.542,79.202
1643.13689,6.08592020595436,72.812,76.099,75.444,74.748,79.249
1641.20833,6.09307168213069,72.818,76.105,75.462,74.781,79.255
1639.27976,6.10024002248402,72.804,76.01,75.357,74.652,79.225
1637.3512,6.10742521213531,72.762,75.845,75.165,74.408,79.171
1635.42264,6.11462734794964,72.714,75.754,75.095,74.308,79.151
1633.49407,6.12184652742572,72.727,75.837,75.251,74.491,79.205
1631.56551,6.12908273600366,72.759,75.912,75.358,74.618,79.245
1629.63694,6.1363361093177,72.764,75.898,75.345,74.587,79.232
1627.70838,6.143606633026,72.743,75.828,75.28,74.484,79.199
1625.77981,6.15089444369469,72.709,75.757,75.212,74.382,79.174
1623.85125,6.15819952720423,72.662,75.695,75.141,74.296,79.135
1621.92269,6.1655219830484,72.64,75.689,75.141,74.304,79.11
1619.99412,6.17286191137533,72.659,75.695,75.172,74.325,79.115
1618.06556,6.18021929840717,72.661,75.632,75.118,74.237,79.105
1616.13699,6.18759428308117,72.63,75.595,75.074,74.205,79.106
1614.20843,6.19498685185283,72.621,75.654,75.15,74.333,79.145
1612.27986,6.20239714462476,72.617,75.672,75.198,74.401,79.15
1610.3513,6.20982514809036,72.589,75.62,75.162,74.362,79.108
1608.42273,6.21727100312739,72.557,75.57,75.114,74.317,79.073
1606.49417,6.22473469667182,72.54,75.559,75.105,74.311,79.068
1604.56561,6.23221633174601,72.527,75.566,75.119,74.304,79.069
1602.63704,6.23971601205473,72.515,75.587,75.141,74.292,79.067
1600.70848,6.24723372490661,72.514,75.617,75.178,74.297,79.06
1598.77991,6.25476961366121,72.519,75.625,75.207,74.294,79.045
1596.85135,6.26232366588161,72.517,75.607,75.199,74.264,79.03
1594.92278,6.26989602593801,72.505,75.589,75.174,74.24,79.024
1592.99422,6.27748668165287,72.497,75.586,75.174,74.241,79.023
1591.06565,6.28509577841744,72.499,75.598,75.187,74.24,79.03
1589.13709,6.29272330431857,72.5,75.619,75.203,74.242,79.045
1587.20853,6.30036936608449,72.5,75.64,75.237,74.262,79.054
1585.27996,6.30803407115548,72.496,75.642,75.265,74.269,79.042
1583.3514,6.31571740802452,72.486,75.625,75.258,74.246,79.024
1581.42283,6.32341952468209,72.478,75.606,75.22,74.197,79.019
1579.49427,6.33114040989842,72.474,75.56,75.137,74.086,79.015
1577.5657,6.33888021272268,72.46,75.468,75.01,73.899,78.99
1575.63714,6.34663892220769,72.439,75.443,74.985,73.84,78.972
1573.70857,6.35441668847238,72.439,75.519,75.084,73.957,78.99
1571.78001,6.36221350085754,72.438,75.538,75.098,73.962,78.991
1569.85145,6.37002946998584,72.418,75.496,75.03,73.855,78.967
1567.92288,6.37786470722336,72.412,75.493,75.038,73.854,78.973
1565.99432,6.38571920235318,72.424,75.509,75.089,73.908,78.996
1564.06575,6.39359310821812,72.444,75.502,75.099,73.899,79.008
1562.13719,6.40148641490316,72.476,75.474,75.035,73.787,79.01
1560.20862,6.40939927636088,72.482,75.355,74.798,73.451,78.948
1558.28006,6.41733168298387,72.384,75.208,74.583,73.198,78.812
1556.35149,6.42528378984621,72.342,75.279,74.748,73.446,78.826
1554.42293,6.433255587654,72.371,75.412,74.941,73.692,78.909
1552.49437,6.44124719112508,72.392,75.503,75.042,73.817,78.966
1550.5658,6.44925871575395,72.405,75.541,75.074,73.873,78.987
1548.63724,6.45729015272809,72.436,75.583,75.104,73.927,79
1546.70867,6.4653416599779,72.456,75.586,75.075,73.884,78.994
1544.78011,6.47341322901937,72.44,75.464,74.903,73.642,78.939
1542.85154,6.48150501894693,72.433,75.271,74.664,73.316,78.865
1540.92298,6.4896170216113,72.462,75.176,74.546,73.186,78.837
1538.99441,6.49774939728339,72.463,75.36,74.758,73.522,78.892
1537.06585,6.50590213815498,72.452,75.559,74.989,73.845,78.965
1535.13729,6.51407536325302,72.438,75.613,75.038,73.914,78.993
1533.20872,6.52226919241628,72.422,75.623,75.024,73.932,78.999
1531.28016,6.53048361836021,72.428,75.691,75.084,74.058,79.033
1529.35159,6.5387188043529,72.431,75.727,75.113,74.112,79.052
1527.42303,6.54697474346711,72.41,75.678,75.048,74.021,79.032
1525.49446,6.55525160019264,72.386,75.6,74.955,73.907,79.012
1523.5659,6.5635493679663,72.362,75.516,74.844,73.796,78.986
1521.63733,6.5718682125129,72.327,75.457,74.754,73.724,78.936
1519.70877,6.58020812764014,72.313,75.481,74.773,73.789,78.916
1517.78021,6.58856923691211,72.312,75.521,74.827,73.885,78.916
1515.85164,6.59695166474207,72.329,75.62,74.936,74.039,78.945
1513.92308,6.60535540550713,72.364,75.754,75.064,74.214,79.001
1511.99451,6.61378062807913,72.368,75.774,75.051,74.224,79.013
1510.06595,6.62222732722369,72.324,75.639,74.841,74.003,78.951
1508.13738,6.63069567309578,72.263,75.449,74.55,73.664,78.866
1506.20882,6.63918566085677,72.247,75.521,74.651,73.766,78.904
1504.28025,6.64769746195897,72.262,75.757,74.991,74.186,79.002
1502.35169,6.65623107196691,72.247,75.862,75.118,74.358,79.031
1500.42313,6.66478661922521,72.199,75.854,75.067,74.312,79.001
1498.49456,6.67336423296725,72.132,75.791,74.927,74.186,78.935
1496.566,6.68196390937653,72.075,75.776,74.865,74.173,78.891
1494.63743,6.69058582321199,72.053,75.822,74.916,74.26,78.89
1492.70887,6.69922997107936,72.025,75.798,74.876,74.22,78.858
1490.7803,6.70789652908615,71.936,75.642,74.665,73.978,78.746
1488.85174,6.71658549426822,71.821,75.51,74.521,73.806,78.649
1486.92317,6.72529704409677,71.773,75.562,74.633,73.935,78.676
1484.99461,6.73403117604582,71.749,75.647,74.764,74.094,78.72
1483.06605,6.74278802350037,71.692,75.652,74.771,74.111,78.706
1481.13748,6.75156772077633,71.612,75.598,74.7,74.039,78.649
1479.20892,6.7603702660203,71.533,75.521,74.597,73.949,78.579
1477.28035,6.76919584018024,71.443,75.391,74.427,73.782,78.478
1475.35179,6.77804444186156,71.327,75.186,74.184,73.493,78.338
1473.42322,6.78691625343057,71.184,74.98,73.96,73.215,78.195
1471.49466,6.79581127396004,71.065,74.945,73.929,73.208,78.126
1469.5661,6.8047296409464,70.998,74.999,74.004,73.333,78.108
1467.63753,6.81367149285151,70.903,74.939,73.959,73.298,78.039
1465.70897,6.82263682946554,70.731,74.76,73.78,73.1,77.901
1463.7804,6.83162583677169,70.56,74.618,73.632,72.945,77.78
1461.85184,6.84063851504952,70.458,74.524,73.528,72.837,77.706
1459.92327,6.84967505175803,70.342,74.331,73.293,72.564,77.593
1457.99471,6.85873544767525,70.105,74,72.878,72.09,77.364
1456.06614,6.867819891753,69.85,73.839,72.668,71.895,77.165
1454.13758,6.876928385277,69.738,73.873,72.727,72.002,77.114
1452.20902,6.88606107129124,69.644,73.842,72.735,72.021,77.069
1450.28045,6.89521809385213,69.492,73.709,72.626,71.893,76.972
1448.35189,6.90439945502471,69.303,73.543,72.465,71.706,76.845
1446.42332,6.91360534756865,69.136,73.429,72.343,71.582,76.73
1444.49476,6.92283577408062,69,73.339,72.244,71.492,76.614
1442.56619,6.93209092887447,68.851,73.202,72.109,71.352,76.465
1440.63763,6.94137081508832,68.694,73.024,71.927,71.164,76.308
1438.70906,6.95067562860833,68.524,72.8,71.679,70.893,76.138
1436.7805,6.96000537312415,68.283,72.513,71.367,70.536,75.919
1434.85194,6.96936019754066,68.041,72.306,71.167,70.313,75.739
1432.92337,6.97874025182519,67.851,72.175,71.051,70.205,75.618
1430.99481,6.98814554051388,67.643,72.006,70.88,70.047,75.465
1429.06624,6.99757626350476,67.428,71.833,70.697,69.877,75.285
1427.13768,7.00703242591142,67.248,71.685,70.535,69.735,75.125
1425.20911,7.01651422926984,67.067,71.493,70.327,69.549,74.952
1423.28055,7.02602167928172,66.876,71.272,70.101,69.332,74.773
1421.35198,7.03555497914036,66.689,71.048,69.882,69.097,74.613
1419.42342,7.04511413514651,66.434,70.77,69.612,68.794,74.397
1417.49486,7.0546993024017,66.166,70.561,69.434,68.6,74.17
1415.56629,7.06431063712318,66.001,70.482,69.387,68.575,74.039
1413.63773,7.07394814653115,65.856,70.38,69.288,68.514,73.931
1411.70916,7.08361203804897,65.675,70.221,69.116,68.372,73.79
1409.7806,7.09330231952405,65.478,70.046,68.933,68.201,73.631
1407.85203,7.10301920010727,65.275,69.846,68.735,68.001,73.463
1405.92347,7.11276268828488,65.057,69.612,68.509,67.77,73.27
1403.9949,7.12253299495604,64.842,69.405,68.316,67.581,73.08
1402.06634,7.13233012925765,64.647,69.231,68.141,67.421,72.915
1400.13778,7.14215425284789,64.437,69.001,67.886,67.183,72.721
1398.20921,7.15200552855749,64.211,68.736,67.587,66.907,72.492
1396.28065,7.16188396652206,63.991,68.523,67.349,66.687,72.279
1394.35208,7.17178978210439,63.779,68.373,67.207,66.558,72.097
1392.42352,7.18172298612135,63.605,68.264,67.135,66.501,71.959
1390.49495,7.1916837957592,63.456,68.132,67.022,66.4,71.831
1388.56639,7.20167222252874,63.281,67.93,66.821,66.198,71.66
1386.63782,7.21168848546191,63.096,67.736,66.629,66.009,71.482
1384.70926,7.22173259677631,62.952,67.63,66.525,65.926,71.351
1382.7807,7.23180472507318,62.821,67.536,66.433,65.847,71.228
1380.85213,7.24190504018704,62.675,67.394,66.3,65.714,71.087
1378.92357,7.25203355542034,62.524,67.218,66.133,65.548,70.95
1376.995,7.26219049451886,62.366,67.031,65.939,65.356,70.818
1375.06644,7.27237587152516,62.203,66.852,65.74,65.165,70.681
1373.13787,7.2825899121113,62.083,66.74,65.623,65.068,70.57
1371.20931,7.29283263107366,61.999,66.674,65.575,65.036,70.483
1369.28074,7.30310425603445,61.89,66.577,65.502,64.957,70.372
1367.35218,7.31340480255789,61.771,66.469,65.404,64.849,70.258
1365.42362,7.32373444660347,61.655,66.342,65.27,64.717,70.149
1363.49505,7.33409336542879,61.519,66.174,65.087,64.553,70.024
1361.56649,7.34448157577674,61.407,66.069,64.977,64.464,69.933
1359.63792,7.35489931025166,61.351,66.06,64.973,64.472,69.897
1357.70936,7.3653465864005,61.3,66.032,64.949,64.454,69.846
1355.78079,7.37582363886422,61.225,65.949,64.874,64.381,69.768
1353.85223,7.3863304860088,61.142,65.862,64.802,64.31,69.696
1351.92366,7.39686736453743,61.06,65.791,64.735,64.256,69.628
1349.9951,7.4074342936504,60.988,65.73,64.663,64.209,69.559
1348.06654,7.4180314571119,60.927,65.67,64.603,64.164,69.497
1346.13797,7.42865904005367,60.851,65.59,64.547,64.098,69.427
1344.20941,7.43931706295673,60.752,65.483,64.46,64,69.338
1342.28084,7.45000576779447,60.638,65.343,64.308,63.857,69.235
1340.35228,7.46072517592166,60.523,65.196,64.131,63.701,69.134
1338.42371,7.47147553146679,60.444,65.117,64.044,63.638,69.065
1336.49515,7.48225685667472,60.407,65.108,64.058,63.678,69.031
1334.56659,7.49306934171041,60.363,65.095,64.068,63.716,68.994
1332.63802,7.50391317816372,60.297,65.051,64.031,63.706,68.946
1330.70946,7.51478838964593,60.226,64.992,63.963,63.656,68.897
1328.78089,7.52569522579453,60.146,64.915,63.871,63.585,68.833
1326.85233,7.53663371115307,60.049,64.821,63.771,63.514,68.744
1324.92376,7.54760409761238,59.95,64.715,63.677,63.436,68.644
1322.9952,7.55860641066574,59.853,64.608,63.588,63.338,68.544
1321.06663,7.5696409044864,59.757,64.514,63.495,63.226,68.446
1319.13807,7.58070760553518,59.658,64.428,63.397,63.128,68.35
1317.20951,7.59180671266183,59.563,64.344,63.313,63.068,68.269
1315.28094,7.60293842621942,59.48,64.263,63.239,63.018,68.2
1313.35238,7.61410277415419,59.408,64.187,63.167,62.965,68.135
1311.42381,7.62530001647599,59.341,64.121,63.105,62.92,68.082
1309.49525,7.63653018214461,59.264,64.059,63.044,62.874,68.026
1307.56668,7.64779353355808,59.176,63.989,62.974,62.818,67.951
1305.63812,7.65909010070876,59.097,63.908,62.899,62.766,67.874
1303.70955,7.67042014841419,59.025,63.831,62.827,62.719,67.802
1301.78099,7.68178370771876,58.945,63.762,62.767,62.661,67.736
1299.85243,7.69318098670632,58.876,63.698,62.718,62.598,67.686
1297.92386,7.70461219504818,58.826,63.641,62.666,62.542,67.638
1295.9953,7.71607736540403,58.771,63.587,62.611,62.489,67.577
1294.06673,7.7275767687807,58.709,63.533,62.556,62.435,67.513
1292.13817,7.73911043894014,58.649,63.478,62.504,62.388,67.45
1290.2096,7.75067864942255,58.59,63.411,62.445,62.352,67.381
1288.28104,7.76228143511295,58.53,63.337,62.383,62.316,67.318
1286.35247,7.7739190721187,58.48,63.286,62.335,62.279,67.271
1284.42391,7.78559159646911,58.437,63.255,62.3,62.245,67.228
1282.49535,7.79729922607517,58.394,63.211,62.263,62.214,67.184
1280.56678,7.80904218052572,58.353,63.151,62.222,62.187,67.145
1278.63822,7.82082049760721,58.317,63.096,62.175,62.162,67.111
1276.70965,7.83263445999645,58.283,63.055,62.126,62.133,67.064
1274.78109,7.84448410667906,58.24,63.01,62.075,62.088,66.996
1272.85252,7.8563697230218,58.175,62.946,62.008,62.019,66.913
1270.92396,7.86829134923226,58.101,62.872,61.928,61.94,66.826
1268.99539,7.88024927340359,58.034,62.801,61.856,61.868,66.745
1267.06683,7.8922435369885,57.955,62.726,61.784,61.79,66.654
1265.13827,7.90427436836608,57.851,62.626,61.696,61.685,66.539
1263.2097,7.91634199769049,57.745,62.502,61.586,61.561,66.412
1261.28114,7.92844646832664,57.637,62.354,61.441,61.418,66.264
1259.35257,7.94058807534732,57.502,62.18,61.273,61.247,66.077
1257.42401,7.95276686342263,57.34,61.996,61.108,61.065,65.871
1255.49544,7.96498313048433,57.163,61.812,60.935,60.885,65.665
1253.56688,7.97723692253261,56.97,61.627,60.74,60.692,65.467
1251.63831,7.98952854039759,56.779,61.441,60.548,60.496,65.289
1249.70975,8.0018580314349,56.627,61.265,60.379,60.328,65.133
1247.78119,8.01422563518529,56.519,61.118,60.239,60.185,64.997
1245.85262,8.02663159306917,56.428,61.009,60.131,60.058,64.884
1243.92406,8.03907595452411,56.344,60.928,60.042,59.962,64.789
1241.99549,8.05155902780291,56.27,60.867,59.975,59.904,64.725
1240.06693,8.06408086376435,56.214,60.846,59.948,59.878,64.716
1238.13836,8.0766417737029,56.182,60.869,59.95,59.88,64.761
1236.2098,8.08924180992579,56.158,60.895,59.951,59.884,64.819
1234.28123,8.10188128681176,56.119,60.885,59.947,59.867,64.855
1232.35267,8.11456025814429,56.062,60.849,59.933,59.836,64.872
1230.42411,8.12727897537704,55.997,60.811,59.89,59.785,64.881
1228.49554,8.14003769195613,55.915,60.769,59.813,59.71,64.872
1226.56698,8.15283646393286,55.795,60.701,59.707,59.613,64.833
1224.63841,8.16567561358785,55.624,60.592,59.57,59.489,64.764
1222.70985,8.17855519852073,55.418,60.445,59.409,59.322,64.669
1220.78128,8.19147554425147,55.188,60.267,59.228,59.115,64.545
1218.85272,8.20443670995787,54.921,60.048,59.014,58.889,64.389
1216.92415,8.21743902444536,54.614,59.784,58.755,58.631,64.194
1214.99559,8.23048254850045,54.268,59.48,58.443,58.317,63.956
1213.06703,8.24356754630451,53.878,59.143,58.088,57.961,63.69
1211.13846,8.25669428415311,53.447,58.777,57.708,57.594,63.403
1209.2099,8.26986282530436,52.981,58.388,57.301,57.215,63.086
1207.28133,8.28307350698449,52.49,57.972,56.854,56.794,62.729
1205.35277,8.29632639413937,51.984,57.524,56.381,56.323,62.332
1203.4242,8.30962182744871,51.457,57.054,55.895,55.82,61.913
1201.49564,8.3229598735789,50.9,56.565,55.377,55.296,61.485
1199.56708,8.33634080721855,50.317,56.044,54.825,54.747,61.039
1197.63851,8.34976490527179,49.721,55.484,54.264,54.176,60.56
1195.70995,8.36323223704879,49.105,54.903,53.7,53.592,60.043
1193.78138,8.37674315208368,48.46,54.319,53.111,52.999,59.5
1191.85282,8.39029772149216,47.795,53.728,52.486,52.393,58.959
1189.92425,8.40389629844085,47.118,53.113,51.837,51.768,58.423
1187.99569,8.41753895588628,46.434,52.476,51.183,51.126,57.877
1186.06712,8.43122605068084,45.759,51.828,50.534,50.474,57.316
1184.13856,8.4449576576579,45.085,51.168,49.89,49.809,56.733
1182.21,8.4587340658597,44.394,50.501,49.235,49.127,56.12
1180.28143,8.47255556668379,43.685,49.834,48.545,48.435,55.479
1178.35287,8.48642223784799,42.962,49.153,47.83,47.73,54.822
1176.4243,8.50033444565877,42.232,48.462,47.128,47.02,54.171
1174.49574,8.51429226980423,41.508,47.782,46.446,46.32,53.539
1172.56717,8.52829608047102,40.794,47.095,45.752,45.617,52.908
1170.63861,8.54234595935632,40.082,46.389,45.027,44.898,52.259
1168.71004,8.55644228058484,39.366,45.687,44.294,44.182,51.6
1166.78148,8.57058512790244,38.636,44.99,43.571,43.478,50.941
1164.85292,8.58477480573256,37.889,44.279,42.86,42.764,50.266
1162.92435,8.59901162100527,37.138,43.555,42.152,42.034,49.569
1160.99579,8.61329566061562,36.402,42.824,41.431,41.312,48.868
1159.06722,8.62762730879405,35.686,42.09,40.696,40.594,48.181
1157.13866,8.6420066545871,34.959,41.362,39.968,39.862,47.49
1155.21009,8.65643408637471,34.21,40.65,39.241,39.125,46.785
1153.28153,8.67090969539762,33.47,39.934,38.494,38.397,46.075
1151.35296,8.68543387424826,32.748,39.193,37.739,37.667,45.355
1149.4244,8.70000671640519,32.025,38.434,36.988,36.923,44.635
1147.49584,8.7146285427928,31.296,37.677,36.226,36.158,43.936
1145.56727,8.72929967700631,30.563,36.932,35.463,35.377,43.235
1143.63871,8.74402021596489,29.815,36.19,34.714,34.599,42.493
1141.71014,8.75879056307585,29.039,35.426,33.964,33.834,41.707
1139.78158,8.77361081760946,28.248,34.636,33.189,33.07,40.898
1137.85301,8.78848138741576,27.483,33.843,32.391,32.298,40.094
1135.92445,8.80340237416318,26.741,33.047,31.592,31.512,39.302
1133.99588,8.81837419021311,25.968,32.223,30.792,30.697,38.489
1132.06732,8.83339693968023,25.161,31.376,29.971,29.873,37.637
1130.13876,8.84847096121188,24.351,30.525,29.124,29.057,36.768
1128.21019,8.86359659630445,23.54,29.658,28.268,28.214,35.897
1126.28163,8.87877395283452,22.726,28.771,27.412,27.328,35.01
1124.35306,8.89400345475113,21.916,27.89,26.543,26.444,34.093
1122.4245,8.90928521250204,21.092,26.995,25.641,25.562,33.144
1120.49593,8.92461965479875,20.249,26.054,24.713,24.643,32.166
1118.56737,8.94000689471212,19.412,25.086,23.777,23.693,31.153
1116.6388,8.95544736579098,18.574,24.107,22.843,22.737,30.1
1114.71024,8.97094118378243,17.721,23.131,21.912,21.79,29.033
1112.78168,8.98648870639208,16.89,22.168,20.985,20.867,27.972
1110.85311,9.00209029436845,16.127,21.224,20.073,19.989,26.905
1108.92455,9.01774606757511,15.463,20.334,19.216,19.175,25.85
1106.99598,9.03345647199189,14.925,19.552,18.467,18.45,24.873
1105.06742,9.04922163029655,14.532,18.907,17.864,17.856,24.03
1103.13885,9.06504199358041,14.304,18.414,17.425,17.427,23.33
1101.21029,9.08091768739284,14.266,18.103,17.181,17.192,22.792
1099.28172,9.09684916801855,14.437,17.997,17.165,17.172,22.44
1097.35316,9.11283656393718,14.824,18.117,17.365,17.369,22.301
1095.4246,9.1288802533739,15.387,18.467,17.76,17.768,22.401
1093.49603,9.14498061780801,16.091,19.005,18.335,18.343,22.707
1091.56747,9.16113779022748,16.943,19.674,19.063,19.06,23.162
1089.6389,9.17735224026969,17.911,20.461,19.901,19.883,23.747
1087.71034,9.19362410400548,18.941,21.352,20.832,20.795,24.456
1085.78177,9.20995385656549,20.005,22.305,21.827,21.789,25.265
1083.85321,9.2263416371669,21.082,23.295,22.839,22.818,26.139
1081.92464,9.24278792652324,22.159,24.297,23.851,23.846,27.06
1079.99608,9.259292867063,23.227,25.29,24.861,24.87,27.999
1078.06752,9.27585685913253,24.261,26.281,25.857,25.873,28.917
1076.13895,9.29248030656264,25.243,27.264,26.827,26.851,29.816
1074.21039,9.30916335672382,26.183,28.222,27.778,27.799,30.717
1072.28182,9.32590650469109,27.088,29.142,28.716,28.692,31.601
1070.35326,9.34270990121523,27.96,30.021,29.617,29.543,32.436
1068.42469,9.35957404728264,28.796,30.854,30.462,30.376,33.229
1066.49613,9.37649909709471,29.586,31.635,31.261,31.166,34.007
1064.56756,9.39348555764747,30.329,32.379,32.023,31.91,34.765
1062.639,9.4105335866649,31.02,33.101,32.739,32.635,35.481
1060.71044,9.42764360837252,31.668,33.796,33.414,33.34,36.164
1058.78187,9.44481605073196,32.3,34.457,34.053,34.004,36.836
1056.85331,9.46205107688976,32.914,35.083,34.653,34.623,37.486
1054.92474,9.47934920930947,33.486,35.668,35.225,35.207,38.09
1052.99618,9.49671061484763,34.026,36.216,35.785,35.757,38.638
1051.06761,9.51413582233782,34.552,36.746,36.332,36.288,39.153
1049.13905,9.53162500242461,35.041,37.267,36.855,36.814,39.668
1047.21049,9.54917859923271,35.479,37.776,37.347,37.322,40.183
1045.28192,9.56679706083504,35.886,38.254,37.811,37.784,40.665
1043.35336,9.58448056370854,36.294,38.691,38.245,38.199,41.108
1041.42479,9.60222965308902,36.706,39.106,38.661,38.595,41.538
1039.49623,9.62004450944474,37.095,39.517,39.064,38.986,41.97
1037.56766,9.63792568476932,37.444,39.916,39.444,39.374,42.391
1035.6391,9.65587336360707,37.754,40.288,39.792,39.746,42.77
1033.71053,9.67388810482563,38.042,40.625,40.109,40.078,43.109
1031.78197,9.69197009713205,38.321,40.916,40.395,40.349,43.417
1029.85341,9.71011981210025,38.546,41.157,40.649,40.561,43.705
1027.92484,9.72833772554811,38.715,41.37,40.864,40.756,43.972
1025.99628,9.74662403259396,38.876,41.568,41.046,40.958,44.199
1024.06771,9.76497930981536,39.027,41.737,41.211,41.131,44.371
1022.13915,9.78340375671943,39.116,41.866,41.345,41.245,44.493
1020.21058,9.80189795718449,39.14,41.956,41.422,41.315,44.575
1018.28202,9.82046211520066,39.139,41.998,41.445,41.35,44.638
1016.35345,9.83909682207504,39.12,41.977,41.43,41.331,44.687
1014.42489,9.85780228637726,39.051,41.909,41.378,41.262,44.684
1012.49633,9.87657900942713,38.925,41.829,41.289,41.162,44.628
1010.56776,9.89542749711311,38.75,41.731,41.159,41.023,44.55
1008.6392,9.91434796506025,38.538,41.579,40.982,40.838,44.42
1006.71063,9.93334102372595,38.299,41.367,40.759,40.621,44.224
1004.78207,9.95240689356648,38.037,41.116,40.5,40.379,44.007
1002.8535,9.97154619293845,37.746,40.825,40.206,40.097,43.779
1000.92494,9.99075914723436,37.408,40.503,39.868,39.773,43.509
998.99637,10.0100463828512,37.027,40.165,39.496,39.436,43.203
997.06781,10.0294081302254,36.635,39.817,39.122,39.089,42.874
995.13925,10.0488449229593,36.244,39.459,38.757,38.716,42.53
993.21068,10.0683572995812,35.861,39.079,38.395,38.322,42.177
991.28212,10.0879454983007,35.479,38.684,38.029,37.932,41.827
989.35355,10.1076101662545,35.08,38.297,37.657,37.547,41.479
987.42499,10.1273515469767,34.668,37.921,37.277,37.158,41.116
985.49642,10.147170296164,34.274,37.55,36.894,36.78,40.744
983.56786,10.1670666627923,33.928,37.203,36.527,36.431,40.389
981.63929,10.1870413112743,33.63,36.879,36.19,36.107,40.062
979.71073,10.2070944961479,33.354,36.571,35.89,35.805,39.758
977.78217,10.2272267861051,33.089,36.297,35.627,35.533,39.476
975.8536,10.2474387551575,32.847,36.059,35.378,35.291,39.217
973.92504,10.2677306664176,32.632,35.84,35.141,35.066,38.989
971.99647,10.2881032067946,32.432,35.638,34.949,34.865,38.789
970.06791,10.3085566452765,32.254,35.461,34.8,34.702,38.607
968.13934,10.3290916780636,32.121,35.303,34.66,34.568,38.448
966.21078,10.3497085801506,32.032,35.174,34.526,34.458,38.319
964.28221,10.3704080572014,31.967,35.086,34.418,34.366,38.207
962.35365,10.3911903903518,31.913,35.021,34.338,34.285,38.116
960.42509,10.4120561864955,31.87,34.966,34.285,34.228,38.058
958.49652,10.4330060582797,31.848,34.934,34.256,34.207,38.017
956.56796,10.454040296311,31.859,34.928,34.243,34.198,37.981
954.63939,10.4751596306957,31.886,34.935,34.251,34.194,37.964
952.71083,10.4963643585326,31.913,34.954,34.291,34.212,37.961
950.78226,10.517655220029,31.942,34.985,34.347,34.24,37.964
948.8537,10.5390325189226,31.986,35.009,34.392,34.276,37.996
946.92513,10.5604970057136,32.055,35.034,34.426,34.342,38.063
944.99657,10.5820489909291,32.139,35.09,34.478,34.42,38.128
943.06801,10.6036891231206,32.213,35.163,34.547,34.481,38.163
941.13944,10.6254180570735,32.272,35.239,34.607,34.535,38.191
939.21088,10.6472361137895,32.344,35.327,34.675,34.598,38.242
937.28231,10.6691440703709,32.448,35.422,34.776,34.679,38.318
935.35375,10.6911422550025,32.575,35.508,34.892,34.78,38.416
933.42518,10.7132314557874,32.707,35.594,34.992,34.899,38.529
931.49662,10.7354120082583,32.823,35.691,35.083,35.006,38.623
929.56805,10.7576847117325,32.919,35.792,35.179,35.092,38.686
927.63949,10.7800499092595,33.016,35.893,35.273,35.186,38.753
925.71093,10.802508294895,33.119,35.993,35.381,35.281,38.85
923.78236,10.8250605694614,33.213,36.095,35.512,35.375,38.958
921.8538,10.8477070876098,33.304,36.198,35.627,35.491,39.064
919.92523,10.8704486776605,33.4,36.294,35.705,35.622,39.168
917.99667,10.8932857022237,33.493,36.383,35.787,35.734,39.265
916.0681,10.9162190016223,33.562,36.466,35.895,35.806,39.357
914.13954,10.9392489466105,33.62,36.549,36.003,35.857,39.443
912.21098,10.9623762695775,33.701,36.642,36.077,35.918,39.519
910.28241,10.985601710133,33.789,36.737,36.131,35.997,39.582
908.35385,11.0089256516059,33.859,36.817,36.197,36.081,39.648
906.42528,11.0323489653775,33.936,36.889,36.267,36.155,39.726
904.49672,11.0558720434055,34.034,36.959,36.327,36.219,39.805
902.56815,11.0794957699316,34.132,37.013,36.385,36.282,39.873
900.63959,11.1032205457457,34.193,37.054,36.444,36.332,39.918
898.71102,11.1270472682086,34.233,37.101,36.496,36.365,39.953
896.78246,11.1509763471511,34.291,37.156,36.535,36.414,40.006
894.8539,11.1750085684378,34.348,37.197,36.574,36.475,40.075
892.92533,11.199144725797,34.369,37.226,36.631,36.521,40.131
890.99677,11.2233852430239,34.377,37.267,36.691,36.556,40.157
889.0682,11.2477310514536,34.406,37.311,36.718,36.596,40.177
887.13964,11.2721825844689,34.439,37.336,36.709,36.646,40.21
885.21107,11.2967407874825,34.458,37.349,36.701,36.679,40.233
883.28251,11.3214061036938,34.465,37.371,36.718,36.675,40.232
881.35394,11.3461794928834,34.447,37.382,36.733,36.648,40.224
879.42538,11.3710614083028,34.414,37.36,36.724,36.624,40.224
877.49682,11.3960526945271,34.383,37.319,36.707,36.611,40.216
875.56825,11.4211542047122,34.343,37.273,36.692,36.596,40.195
873.63969,11.4463664076434,34.305,37.234,36.658,36.577,40.177
871.71112,11.4716903003371,34.277,37.206,36.615,36.548,40.17
869.78256,11.4971263622485,34.252,37.179,36.587,36.502,40.152
867.85399,11.5226756058355,34.227,37.143,36.554,36.453,40.114
865.92543,11.5483385214822,34.178,37.101,36.498,36.401,40.07
863.99686,11.5741161374128,34.096,37.072,36.443,36.342,40.02
862.0683,11.6000089552069,34.026,37.046,36.392,36.294,39.972
860.13974,11.6260178840243,33.985,37,36.335,36.263,39.936
858.21117,11.6521438424065,33.945,36.944,36.287,36.226,39.892
856.28261,11.6783873492421,33.89,36.884,36.248,36.168,39.826
854.35404,11.7047494736491,33.818,36.802,36.185,36.082,39.754
852.42548,11.7312307464108,33.735,36.691,36.09,35.973,39.682
850.49691,11.7578322536175,33.635,36.58,35.98,35.86,39.605
848.56835,11.7845545382408,33.517,36.483,35.872,35.753,39.515
846.63978,11.8113987037084,33.407,36.384,35.755,35.657,39.397
844.71122,11.8383653054827,33.3,36.283,35.638,35.562,39.264
842.78266,11.8654553239147,33.164,36.185,35.544,35.449,39.148
840.85409,11.8926697496352,33.01,36.069,35.447,35.304,39.04
838.92553,11.9200091574278,32.864,35.917,35.308,35.15,38.914
836.99696,11.9474746957265,32.733,35.742,35.141,35.025,38.764
835.0684,11.9750669525993,32.604,35.556,34.973,34.903,38.604
833.13983,12.0027870951747,32.458,35.369,34.802,34.71,38.45
831.21127,12.0306357251388,32.298,35.197,34.63,34.466,38.289
829.2827,12.0586140287263,32.139,35.055,34.479,34.275,38.12
827.35414,12.086722621585,31.983,34.93,34.348,34.154,37.949
825.42558,12.1149625627061,31.82,34.795,34.214,34.051,37.77
823.49701,12.1433349223697,31.649,34.638,34.053,33.939,37.593
821.56845,12.1718403378319,31.487,34.476,33.884,33.806,37.435
819.63988,12.200480044968,31.338,34.319,33.74,33.658,37.296
817.71132,12.2292546958993,31.19,34.167,33.614,33.511,37.161
815.78275,12.2581655471386,31.037,34.016,33.476,33.362,37.019
813.85419,12.287213266052,30.9,33.856,33.327,33.208,36.886
811.92562,12.3163991302553,30.771,33.701,33.176,33.046,36.761
809.99706,12.3457238227507,30.622,33.579,33.031,32.892,36.622
808.0685,12.3751884895897,30.475,33.484,32.897,32.758,36.481
806.13993,12.4047942892495,30.36,33.384,32.774,32.641,36.352
804.21137,12.4345419289459,30.265,33.269,32.651,32.547,36.229
802.2828,12.4644327411731,30.17,33.146,32.53,32.453,36.101
800.35424,12.4944674498132,30.064,33.025,32.41,32.328,35.965
798.42567,12.5246474101966,29.961,32.912,32.281,32.189,35.825
796.49711,12.5549733633057,29.881,32.795,32.159,32.062,35.704
794.56854,12.5854466878339,29.806,32.666,32.06,31.944,35.605
792.63998,12.616068142311,29.715,32.56,31.97,31.838,35.515
790.71142,12.6468389693929,29.611,32.48,31.874,31.755,35.43
788.78285,12.6777604254454,29.505,32.39,31.779,31.667,35.335
786.85429,12.7088332961875,29.404,32.278,31.68,31.547,35.215
784.92572,12.7400590211262,29.305,32.158,31.569,31.422,35.098
782.99716,12.7714384047064,29.193,32.046,31.446,31.319,35.004
781.06859,12.8029729117644,29.059,31.943,31.304,31.209,34.878
779.14003,12.8346633659677,28.91,31.81,31.129,31.062,34.704
777.21147,12.8665110925344,28.769,31.641,30.942,30.883,34.537
775.2829,12.8985174315079,28.624,31.47,30.784,30.712,34.404
773.35434,12.9306832363545,28.444,31.301,30.657,30.565,34.276
771.42577,12.9630100378939,28.257,31.119,30.521,30.422,34.105
769.49721,12.9954987101253,28.089,30.934,30.357,30.268,33.892
767.56864,13.0281508113724,27.924,30.755,30.183,30.091,33.687
765.64008,13.0609672367204,27.755,30.578,30.01,29.899,33.524
763.71151,13.09394957266,27.575,30.401,29.837,29.734,33.378
761.78295,13.1270987359326,27.385,30.226,29.666,29.603,33.206
759.85439,13.160416168682,27.206,30.051,29.5,29.479,33.02
757.92582,13.1939033294841,27.063,29.895,29.344,29.327,32.861
755.99726,13.2275611686741,26.944,29.781,29.188,29.128,32.707
754.06869,13.2613913461916,26.824,29.675,29.025,28.91,32.519
752.14013,13.2953948355342,26.698,29.526,28.862,28.728,32.326
750.21156,13.3295733272892,26.564,29.342,28.722,28.605,32.168
748.283,13.3639278187531,26.435,29.16,28.606,28.509,32.033
746.35443,13.3984600319181,26.313,29.006,28.469,28.385,31.884
744.42587,13.4331709885364,26.175,28.865,28.293,28.22,31.701
742.49731,13.4680622613973,26.023,28.726,28.125,28.054,31.524
740.56874,13.5031354415527,25.888,28.601,27.997,27.917,31.39
738.64018,13.5383915887164,25.758,28.477,27.881,27.791,31.271
736.71161,13.5738325068611,25.615,28.341,27.74,27.656,31.15
734.78305,13.6094592818928,25.465,28.204,27.592,27.525,31.026
732.85448,13.6452737520278,25.306,28.049,27.454,27.398,30.873
730.92592,13.681277030099,25.157,27.868,27.304,27.25,30.692
728.99735,13.717470989435,25.025,27.695,27.138,27.07,30.512
727.06879,13.753856770554,24.884,27.54,26.982,26.882,30.344
725.14023,13.7904360926162,24.74,27.38,26.84,26.711,30.183
723.21166,13.8272106951373,24.602,27.195,26.662,26.538,30.014
721.2831,13.8641817616412,24.448,26.979,26.427,26.349,29.827
719.35453,13.9013512572167,24.281,26.794,26.225,26.196,29.642
717.42597,13.9387203950813,24.125,26.672,26.098,26.08,29.474
715.4974,13.9762911786961,23.986,26.541,25.965,25.92,29.3
713.56884,14.0140648518228,23.859,26.375,25.8,25.716,29.112
711.64027,14.0520434572934,23.718,26.198,25.644,25.526,28.932
709.71171,14.090228270293,23.542,26.013,25.487,25.349,28.754
707.78315,14.1286211744374,23.348,25.825,25.286,25.158,28.559
705.85458,14.1672240760979,23.165,25.649,25.079,24.97,28.36
703.92602,14.2060382993088,23.005,25.486,24.93,24.814,28.187
701.99745,14.2450659899121,22.855,25.316,24.793,24.665,28.036
700.06889,14.2843085056958,22.709,25.123,24.61,24.487,27.856
698.14032,14.3237680356293,22.57,24.918,24.395,24.286,27.632
696.21176,14.3634459722427,22.428,24.714,24.176,24.081,27.417
694.28319,14.4033445487856,22.283,24.526,23.97,23.894,27.232
692.35463,14.4434651935526,22.146,24.365,23.79,23.731,27.064
690.42607,14.4838099754837,22.019,24.228,23.64,23.562,26.923
688.4975,14.5243809890377,21.92,24.102,23.505,23.386,26.798
686.56894,14.5651797181504,21.859,23.972,23.365,23.24,26.667
684.64037,14.6062085120689,21.799,23.839,23.227,23.136,26.53
682.71181,14.6474688932069,21.718,23.736,23.145,23.031,26.408
680.78324,14.6889632594363,21.644,23.682,23.12,22.931,26.312
678.85468,14.730693172801,21.589,23.649,23.061,22.88,26.237
676.92611,14.7726610811334,21.553,23.629,22.97,22.871,26.195
674.99755,14.8148685873008,21.549,23.623,22.941,22.88,26.199
673.06899,14.8573179697374,21.556,23.584,22.928,22.864,26.191
671.14042,14.9000115355889,21.527,23.448,22.789,22.744,26.062
669.21186,14.9429509512877,21.495,23.262,22.597,22.605,25.851
667.28329,14.986138795713,21.575,23.347,22.776,22.821,25.94
665.35473,15.0295767792919,21.617,23.553,23.024,23.046,26.121
663.42616,15.0732675359078,21.573,23.636,23.056,23.052,26.114
661.4976,15.1172128213315,21.542,23.637,22.994,22.979,26.037
659.56903,15.1614153260046,21.555,23.575,22.958,22.938,26.02
657.64047,15.2058768524388,21.541,23.469,22.941,22.929,26.043
655.71191,15.2505999166616,21.49,23.414,22.918,22.911,26.044
653.78334,15.2955870671162,21.438,23.432,22.891,22.873,26.003
651.85478,15.3408401791577,21.388,23.425,22.817,22.816,25.93
649.92621,15.3863620917827,21.335,23.36,22.719,22.743,25.839
647.99765,15.4321547308081,21.277,23.296,22.704,22.664,25.74
646.06908,15.4782209976679,21.252,23.281,22.769,22.609,25.679
644.14052,15.5245628702259,21.267,23.285,22.792,22.598,25.688
642.21195,15.5711833141691,21.245,23.237,22.714,22.603,25.709
640.28339,15.6180843610514,21.159,23.141,22.591,22.568,25.621
638.35483,15.6652687972926,21.066,23.046,22.48,22.489,25.443
636.42626,15.7127394460436,21.005,22.96,22.381,22.404,25.322
634.4977,15.7604984226105,20.928,22.857,22.282,22.317,25.275
632.56913,15.8085488616873,20.796,22.733,22.188,22.236,25.198
630.64057,15.8568929366533,20.665,22.63,22.096,22.16,25.059
628.712,15.9055338533383,20.567,22.514,22.008,22.055,24.903
626.78344,15.9544738450652,20.445,22.357,21.917,21.953,24.757
624.85488,16.0037159348103,20.292,22.268,21.806,21.89,24.596
622.92631,16.0532631861383,20.152,22.222,21.683,21.794,24.407
620.99775,16.1031179259506,20.023,22.08,21.543,21.623,24.252
619.06918,16.1532835474058,19.861,21.86,21.382,21.391,24.147
617.14062,16.2037624423426,19.655,21.651,21.235,21.137,23.993
615.21205,16.2545580828594,19.446,21.483,21.108,20.943,23.785
613.28349,16.3056729278657,19.261,21.328,20.966,20.838,23.623
611.35492,16.357110530819,19.126,21.186,20.779,20.823,23.484
609.42636,16.4088734199157,19.032,21.035,20.565,20.81,23.304
607.4978,16.4609649615192,18.901,20.838,20.381,20.616,23.111
605.56923,16.5133885683062,18.72,20.66,20.253,20.275,22.925
603.64067,16.5661468767504,18.52,20.509,20.163,19.983,22.706
601.7121,16.6192436548974,18.328,20.313,20.079,19.752,22.494
599.78354,16.6726816144371,18.155,20.116,19.957,19.548,22.365
