7496.32994,1.33398610787401,65.946,50.716,50.257,51.209,71.547,71.039
7494.40137,1.33432938887286,66.084,50.667,50.152,51.727,71.372,70.546
7492.47281,1.3346728448121,65.887,50.069,49.851,51.343,71.208,69.77
7490.54424,1.33501647939002,65.553,49.556,49.347,50.596,71.223,69.484
7488.61568,1.33536028917964,65.485,49.674,49.246,50.511,71.404,70.156
7486.68711,1.3357042778832,65.493,50.179,49.769,50.844,71.68,70.983
7484.75855,1.33604844207032,65.116,50.24,49.929,50.761,71.681,70.958
7482.82999,1.33639278366125,64.501,49.705,49.513,50.487,71.343,70.323
7480.90142,1.33673730458007,64.329,49.42,49.513,50.64,71.234,70.118
7478.97286,1.3370820013913,64.598,49.715,49.877,50.863,71.653,70.623
7477.04429,1.33742687780709,64.67,50.029,49.814,50.537,72.165,71.18
7475.11573,1.33777193038856,64.381,49.9,49.238,49.824,72.117,71.283
7473.18716,1.33811716285184,63.949,49.417,48.356,49.113,71.409,70.968
7471.2586,1.33846257175464,63.889,49.157,47.91,48.868,70.818,70.562
7469.33003,1.33880816081707,64.694,49.428,48.589,49.418,70.97,70.521
7467.40147,1.33915392659342,65.584,49.707,49.451,50.143,71.252,70.855
7465.47291,1.33949987101353,65.736,49.571,49.514,50.388,71.285,70.951
7463.54434,1.33984599601106,65.738,49.424,49.362,50.389,71.723,70.672
7461.61578,1.34019229813519,65.804,49.567,49.477,50.483,72.319,70.589
7459.68721,1.340538781116,65.678,49.76,49.591,50.486,72.313,70.906
7457.75865,1.34088544149924,65.706,49.819,49.533,50.077,71.88,71.213
7455.83008,1.34123228301898,65.843,49.659,49.207,49.464,71.352,71.189
7453.90152,1.34157930221756,65.837,49.311,48.678,49.043,70.891,70.978
7451.97295,1.34192650283305,65.835,49.189,48.245,48.813,70.709,70.841
7450.04439,1.34227388140435,65.587,49.588,48.072,48.723,70.706,70.712
7448.11583,1.34262143987092,64.826,49.868,48.062,48.857,70.719,70.379
7446.18726,1.34296918017611,64.226,49.437,48.116,49.241,70.802,70.057
7444.2587,1.34331709885364,64.34,48.962,48.239,49.739,70.797,70.112
7442.33013,1.34366519965166,64.661,48.998,48.513,50.062,70.504,70.277
7440.40157,1.34401347910043,64.776,48.938,48.921,50.025,70.138,70.109
7438.473,1.34436194095213,64.821,48.716,49.168,49.655,70.082,69.605
7436.54444,1.34471058173358,64.737,48.95,48.976,49.201,70.292,69.09
7434.61587,1.34505940520098,64.45,49.294,48.461,49.026,70.439,68.951
7432.68731,1.34540840787772,64.43,49.306,48.311,49.176,70.701,69.299
7430.75875,1.34575759171296,64.892,49.24,48.759,49.338,71.024,69.712
7428.83018,1.34610695865981,65.067,48.832,48.735,49.122,70.854,69.745
7426.90162,1.34645650523643,64.666,47.991,47.93,48.398,70.418,69.707
7424.97305,1.34680623520916,64.515,47.634,47.444,47.685,70.293,70.006
7423.04449,1.3471561450927,64.868,48.052,47.589,47.514,70.457,70.3
7421.11592,1.34750623865743,65.119,48.38,47.704,47.622,70.485,70.13
7419.18736,1.34785651241459,65.068,48.259,47.63,47.966,70.357,69.7
7417.2588,1.34820696832097,64.86,48.123,47.696,48.614,70.52,69.38
7415.33023,1.34855760833729,64.544,48.071,47.888,48.91,70.683,69.126
7413.40167,1.34890842896956,64.501,48.08,47.863,48.692,70.437,69.193
7411.4731,1.34925943399835,64.811,48.308,47.56,48.494,70.227,69.916
7409.54454,1.34961061992617,64.901,48.551,47.375,48.644,70.421,70.723
7407.61597,1.34996199053769,64.521,48.498,47.279,48.857,70.747,70.903
7405.68741,1.35031354233192,63.986,48.068,46.778,48.378,70.585,70.507
7403.75884,1.35066527909761,63.809,47.567,46.255,47.499,69.919,70.042
7401.83028,1.35101719733028,64.075,47.669,46.348,47.294,69.753,69.914
7399.90172,1.35136929899658,64.236,48.256,46.72,47.551,70.325,69.907
7397.97315,1.35172158606712,63.929,48.484,46.776,47.581,70.713,69.539
7396.04459,1.35207405503216,63.42,48.178,46.496,47.468,70.678,69.118
7394.11602,1.35242670969071,63.257,47.641,46.289,47.43,70.449,69.288
7392.18746,1.35277954652952,63.672,47.067,46.321,47.354,69.97,69.725
7390.25889,1.35313256935171,64.246,46.865,46.235,47.155,69.627,69.752
7388.33033,1.35348577464051,64.326,47.181,46.121,47.032,69.784,69.516
7386.40176,1.35383916620317,63.925,47.536,46.452,47.007,70.151,69.467
7384.4732,1.35419274051939,63.641,47.582,46.612,47.029,70.299,69.668
7382.54464,1.35454649956577,63.659,47.451,46.017,47.178,70.167,70.018
7380.61607,1.35490044532285,63.626,47.087,45.437,46.837,69.974,70.186
7378.68751,1.35525457426507,63.366,46.401,45.394,45.956,69.75,69.97
7376.75894,1.35560889020999,62.984,45.961,45.724,45.683,69.505,69.759
7374.83038,1.35596338962849,62.686,46.165,46.052,46.157,69.42,69.7
7372.90181,1.35631807634232,62.634,46.496,45.98,46.607,69.475,69.52
7370.97325,1.35667294681879,62.599,46.659,45.8,46.865,69.516,69.248
7369.04468,1.3570280048838,62.446,46.923,45.915,47.035,69.576,69.071
7367.11612,1.35738324700113,62.534,47.09,46.043,47.111,69.617,68.851
7365.18756,1.35773867515738,62.87,46.822,45.81,46.949,69.482,68.489
7363.25899,1.35809429134313,63.018,46.417,45.38,46.591,69.333,68.273
7361.33043,1.35845009201686,62.92,46.025,45.083,46.266,69.2,68.268
7359.40186,1.35880608101485,62.906,45.627,45.069,46.129,68.966,68.216
7357.4733,1.35916225479201,63.049,45.44,45.09,46.134,68.842,67.989
7355.54473,1.3595186171888,62.991,45.373,44.813,45.851,68.787,67.614
7353.61617,1.35987516465657,62.602,45.087,44.422,45.008,68.417,67.275
7351.6876,1.36023190103997,62.195,44.694,44.2,44.228,67.905,67.202
7349.75904,1.36058882278677,62.034,44.663,44.303,44.254,67.826,67.323
7347.83048,1.36094593189363,62.202,45.04,44.754,44.79,68.148,67.487
7345.90191,1.36130323036127,62.574,45.368,45.124,45.032,68.501,67.848
7343.97335,1.36166071463209,62.783,45.335,45.087,45.028,68.886,68.138
7342.04478,1.36201838856123,62.671,44.911,44.784,45.192,69.212,67.887
7340.11622,1.36237624858752,62.636,44.474,44.5,45.341,69.295,67.617
7338.18765,1.3627342985703,62.779,44.455,44.331,45.158,69.183,67.652
7336.25909,1.36309253494481,62.664,44.76,44.285,44.956,69.02,67.451
7334.33052,1.36345096157461,62.159,45.092,44.394,44.947,68.917,67.168
7332.40196,1.36380957489134,61.617,45.295,44.584,44.925,68.812,67.461
7330.4734,1.36416837690182,61.669,45.34,44.766,45.023,68.712,68.301
7328.54483,1.36452736961698,62.408,45.225,44.849,45.521,68.706,69.055
7326.61627,1.36488654946303,62.844,45.113,44.729,46.035,68.67,69.132
7324.6877,1.36524592031412,62.429,45.182,44.413,46.071,68.528,68.523
7322.75914,1.36560547859287,61.863,45.208,44.03,45.842,68.316,67.809
7320.83057,1.36596522817765,61.75,45.026,43.929,45.634,68.041,67.46
7318.90201,1.36632516548749,61.845,44.821,44.207,45.382,67.914,67.397
7316.97344,1.366685294405,61.751,44.468,44.273,44.986,68.117,67.296
7315.04488,1.36704561134559,61.588,43.835,43.807,44.567,68.338,67.157
7313.11632,1.36740611832631,61.651,43.55,43.566,44.501,68.319,67.432
7311.18775,1.36776681736835,61.879,44.008,43.997,44.943,68.528,68.195
7309.25919,1.36812770488168,62.164,44.673,44.434,45.484,69.23,68.8
7307.33062,1.36848878475954,62.359,44.93,44.321,45.572,69.645,68.711
7305.40206,1.36885005340829,62.113,44.493,43.639,44.867,69.118,68.141
7303.47349,1.36921151472544,61.521,43.831,42.662,43.789,68.074,67.641
7301.54493,1.3695731651137,61.071,43.562,41.849,42.997,67.308,67.49
7299.61636,1.36993500847488,61.035,43.591,41.663,42.672,67.338,67.939
7297.6878,1.37029704120804,61.23,43.718,41.915,42.77,67.775,68.513
7295.75924,1.37065926534056,61.337,43.982,42.034,43.099,67.798,68.182
7293.83067,1.37102168290397,61.363,44.207,42.185,43.374,67.418,67.112
7291.90211,1.37138429029185,61.415,44.175,42.661,43.559,67.235,66.492
7289.97354,1.37174709141674,61.343,43.81,42.966,43.605,67.156,66.423
7288.04498,1.37211008266856,61.108,43.222,42.825,43.391,66.933,66.47
7286.11641,1.37247326796416,60.932,42.917,42.593,43.163,66.994,66.686
7284.18785,1.3728366436898,60.686,43.144,42.356,43.167,67.21,66.842
7282.25928,1.37320021376663,60.246,43.485,42.07,43.133,67.079,66.687
7280.33072,1.37356397457724,60.132,43.576,42.093,42.867,67.119,66.61
7278.40216,1.37392792815944,60.421,43.502,42.369,42.665,67.601,66.801
7276.47359,1.37429207655518,60.403,43.287,42.331,42.549,67.752,66.934
7274.54503,1.37465641614153,59.934,42.997,41.957,42.225,67.333,66.786
7272.61646,1.37502095085047,59.629,42.907,41.718,41.907,67.07,66.432
7270.6879,1.3753856770554,59.718,42.89,41.718,41.907,67.223,66.1
7268.75933,1.37575059869261,59.811,42.686,41.577,42.021,67.344,66.099
7266.83077,1.37611571213182,59.731,42.481,41.171,42.056,67.258,66.268
7264.90221,1.37648101941898,59.745,42.515,41.008,42.127,67.089,66.185
7262.97364,1.3768465226042,59.847,42.495,41.219,42.188,66.853,66.113
7261.04508,1.37721221805168,59.777,42.002,41.167,41.904,66.55,66.373
7259.11651,1.37757810970856,59.712,41.378,40.754,41.289,66.325,66.56
7257.18795,1.37794419393534,59.81,41.211,40.444,40.882,66.228,66.253
7255.25938,1.37831047468354,59.774,41.433,40.35,40.863,66.188,65.797
7253.33082,1.37867694830994,59.633,41.719,40.391,40.991,66.405,65.766
7251.40225,1.37904361877042,59.635,42.015,40.485,41.352,66.966,66.04
7249.47369,1.37941048241807,59.709,42.334,40.578,41.734,67.355,66.159
7247.54513,1.37977754130936,59.918,42.583,40.637,41.751,67.314,66.157
7245.61656,1.38014479750499,60.309,42.542,40.583,41.675,67.238,66.349
7243.688,1.38051224735245,60.402,41.882,40.403,41.603,67.137,66.445
7241.75943,1.3808798948186,60.001,40.971,40.122,41.384,66.832,66.148
7239.83087,1.38124773624719,59.664,40.605,39.814,41.236,66.816,66.089
7237.9023,1.38161577560946,59.424,40.789,39.659,41.177,67.095,66.413
7235.97374,1.38198400924545,59.245,41.35,39.849,41.282,67.14,66.807
7234.04517,1.3823524411308,59.363,41.873,40.102,41.566,66.703,66.98
7232.11661,1.38272106760181,59.368,41.712,39.82,41.619,66.06,66.347
7230.18805,1.38308989072559,58.835,41.137,39.33,41.408,65.803,65.317
7228.25948,1.38345891257352,58.145,40.714,39.173,41.16,65.97,64.958
7226.33092,1.38382812947625,57.864,40.539,39.118,40.793,66.119,65.086
7224.40235,1.38419754542049,58.262,40.647,39.111,40.516,65.95,65.086
7222.47379,1.38456715673315,58.81,40.8,39.174,40.645,65.654,65.164
7220.54522,1.38493696740535,58.879,40.625,38.992,40.881,65.465,65.448
7218.61666,1.38530697376026,58.451,40.222,38.722,40.629,65.283,65.553
7216.68809,1.38567717979343,57.909,39.914,38.74,39.897,65.171,65.42
7214.75953,1.38604758182426,57.629,39.766,38.81,39.312,65.413,65.126
7212.83097,1.38641818193058,57.734,39.861,38.886,39.354,65.871,64.803
7210.9024,1.38678898219452,57.939,40.04,39.127,39.777,66.099,64.733
7208.97384,1.38715997892982,58.067,39.886,39.33,40.065,66.104,64.865
7207.04527,1.38753117614315,58.241,39.449,39.379,40.019,66.246,64.979
7205.11671,1.38790257014449,58.144,39.188,39.228,39.551,66.314,64.963
7203.18814,1.38827416494497,57.61,39.364,38.786,38.934,65.811,64.937
7201.25958,1.38864595685079,57.242,39.627,38.268,38.781,65.158,64.948
7199.33101,1.38901794987754,57.279,39.508,37.931,39.008,64.831,64.697
7197.40245,1.38939014032764,57.506,39.214,37.891,39.219,64.668,64.335
7195.47389,1.38976253028972,57.69,39.135,38.03,39.402,64.602,64.173
7193.54532,1.39013512185671,57.77,39.083,37.938,39.48,64.64,63.992
7191.61676,1.39050791132535,57.903,39.034,37.583,39.386,64.639,63.921
7189.68819,1.39088090272243,57.968,39.222,37.454,39.201,64.591,64.168
7187.75963,1.39125409234087,57.843,39.379,37.645,39.006,64.678,64.309
7185.83106,1.39162748421197,57.841,39.354,37.785,38.965,64.977,64.319
7183.9025,1.39200107462483,57.992,39.397,37.808,38.893,65.171,64.509
7181.97393,1.39237486761526,57.761,39.35,37.795,38.47,64.903,64.529
7180.04537,1.39274885946856,57.086,39.06,37.519,37.831,64.326,64.01
7178.11681,1.39312305228424,56.538,38.85,36.936,37.242,63.902,63.316
7176.18824,1.39349744816616,56.263,38.708,36.469,36.826,63.896,62.976
7174.25968,1.39387204339389,56.163,38.573,36.459,36.744,64.182,63.206
7172.33111,1.39424684201452,56.342,38.829,36.72,37.028,64.422,63.65
7170.40255,1.39462184030379,56.689,39.371,36.817,37.348,64.558,63.728
7168.47398,1.39499704231332,56.927,39.537,36.619,37.424,64.689,63.42
7166.54542,1.39537244431502,57.131,39.374,36.421,37.489,64.696,63.294
7164.61685,1.39574805036504,57.288,39.277,36.474,37.804,64.567,63.555
7162.68829,1.39612385673145,56.985,38.999,36.721,38.041,64.392,63.732
7160.75973,1.39649986552474,56.23,38.398,36.923,37.923,64.189,63.599
7158.83116,1.39687607885978,55.807,37.896,36.932,37.894,64.044,63.483
7156.9026,1.39725249299886,55.932,37.625,36.853,38.075,63.878,63.536
7154.97403,1.39762911200951,56.083,37.395,36.818,38.037,63.651,63.636
7153.04547,1.39800593215018,56.03,37.199,36.817,37.647,63.543,63.532
7151.1169,1.39838295749298,55.875,37.123,36.645,37.177,63.604,63.169
7149.18834,1.39876018429247,55.806,37.124,36.261,36.895,63.806,63
7147.25977,1.39913761662534,55.852,37.239,35.903,36.896,63.937,63.179
7145.33121,1.39951525074231,55.742,37.493,35.767,37.055,63.792,63.264
7143.40265,1.39989308876492,55.442,37.493,36.005,36.98,63.593,63.142
7141.47408,1.40027113281912,55.145,37.09,36.301,36.64,63.5,63.001
7139.54552,1.40064937914984,54.957,36.688,35.992,36.448,63.472,62.883
7137.61695,1.40102783184519,54.922,36.457,35.398,36.424,63.511,62.807
7135.68839,1.40140648714622,54.913,36.317,35.262,36.245,63.404,62.526
7133.75982,1.40178534914566,54.99,36.236,35.408,35.861,63.117,62.13
7131.83126,1.40216441408066,55.369,36.271,35.486,35.641,63.141,62.301
7129.9027,1.40254368408141,55.719,36.468,35.419,35.662,63.585,62.909
7127.97413,1.40292316128257,55.49,36.483,35.187,35.613,63.851,63.168
7126.04557,1.40330284191545,54.921,36.282,35.013,35.505,63.629,62.867
7124.117,1.4036827300843,54.692,36.419,34.903,35.446,63.228,62.358
7122.18844,1.40406282201654,54.973,36.929,34.653,35.472,62.923,62.176
7120.25987,1.40444312182106,55.348,37.358,34.689,35.699,62.707,62.456
7118.33131,1.40482362572135,55.244,37.326,35.254,36.008,62.543,62.515
7116.40274,1.40520433783094,54.69,36.821,35.478,36.108,62.442,62.142
7114.47418,1.40558525436942,54.358,36.459,35.137,36.087,62.481,62.182
7112.54562,1.40596637747822,54.255,36.35,34.904,36,62.758,62.641
7110.61705,1.40634770930323,53.947,36.089,34.835,35.639,62.998,62.677
7108.68849,1.40672924605816,53.82,35.844,34.696,35.218,62.826,62.286
7106.75992,1.40711099186815,54.222,35.825,34.455,34.966,62.404,61.956
7104.83136,1.40749294294298,54.35,35.8,34.023,34.746,62.184,61.667
7102.90279,1.40787510341247,53.943,35.845,33.567,34.681,62.321,61.588
7100.97423,1.40825746948247,53.62,36.112,33.534,34.884,62.569,61.835
7099.04566,1.40864004528744,53.566,36.263,33.868,34.98,62.665,61.965
7097.1171,1.4090228270293,53.761,36.014,34.076,34.629,62.605,61.843
7095.18854,1.40940581686079,53.962,35.548,33.929,34.17,62.451,61.625
7093.25997,1.40978901693913,53.794,35.227,33.541,34.098,62.226,61.241
7091.33141,1.41017242346032,53.489,35.249,33.306,34.245,62.06,60.891
7089.40284,1.41055604057055,53.331,35.39,33.419,34.244,61.992,60.809
7087.47428,1.41093986446184,53.232,35.231,33.621,34.167,61.757,60.824
7085.54571,1.4113238992851,53.083,34.895,33.829,34.242,61.318,60.881
7083.61715,1.41170814122838,52.905,34.814,34.042,34.303,61.188,61.098
7081.68858,1.4120925944473,52.868,34.92,34.104,34.25,61.612,61.245
7079.76002,1.41247725512594,53.022,34.932,34.082,34.208,62.075,61.094
7077.83146,1.41286212542846,53.156,34.766,34.05,34.037,62.071,60.84
7075.90289,1.41324720752351,53.036,34.392,33.755,33.705,61.719,60.526
7073.97433,1.41363249758923,52.713,34.008,33.162,33.388,61.386,60.082
7072.04576,1.41401799979303,52.593,33.991,32.62,33.184,61.185,59.91
7070.1172,1.41440371030907,52.874,34.187,32.384,33.198,61.078,60.276
7068.18863,1.41478963330949,53.18,34.164,32.524,33.375,61.114,60.836
7066.26007,1.41517576496445,53.193,34.069,32.824,33.424,61.227,61.257
7064.3315,1.41556210945084,53.047,34.071,32.909,33.189,61.15,61.27
7062.40294,1.41594866293483,52.911,33.952,32.658,32.909,60.879,60.843
7060.47438,1.41633542759205,52.76,33.741,32.31,32.799,60.631,60.432
7058.54581,1.41672240560269,52.491,33.679,32.242,32.699,60.344,60.276
7056.61725,1.41710959312693,52.091,33.739,32.41,32.391,60.076,60.187
7054.68868,1.41749699435355,51.816,33.797,32.519,32.044,60.162,60.091
7052.76012,1.4178846054387,51.877,33.847,32.475,32.063,60.557,60.042
7050.83155,1.41827243057594,52.072,33.882,32.28,32.453,60.91,60.144
7048.90299,1.41866046591741,52.116,33.772,32.099,32.705,61.014,60.364
7046.97442,1.41904871566144,51.935,33.493,32.072,32.458,60.779,60.446
7045.04586,1.41943717595616,51.567,33.258,32.016,32.071,60.471,60.318
7043.1173,1.41982584898877,51.167,33.139,31.858,31.938,60.486,60.092
7041.18873,1.4202147369511,50.967,33.012,31.799,31.876,60.64,59.922
7039.26017,1.42060383598522,51.011,32.958,31.71,31.775,60.531,59.886
7037.3316,1.42099315030146,51.153,32.987,31.4,31.758,60.32,59.807
7035.40304,1.42138267603785,51.274,32.915,31.282,31.837,60.431,59.8
7033.47447,1.42177241740951,51.223,32.811,31.492,32.001,60.642,60.059
7031.54591,1.42216237055046,50.994,32.864,31.526,32.236,60.405,60.147
7029.61734,1.42255253968063,50.804,33.052,31.293,32.398,60.001,59.826
7027.68878,1.42294292092997,50.713,33.055,31.198,32.259,59.979,59.49
7025.76022,1.42333351649738,50.691,32.704,31.351,31.851,60.047,59.368
7023.83165,1.42372432858638,50.807,32.45,31.316,31.495,59.754,59.507
7021.90309,1.42411535332083,50.888,32.556,30.781,31.296,59.302,59.768
7019.97452,1.42450659493277,50.67,32.659,30.245,31.217,59.149,59.721
7018.04596,1.42489804954198,50.333,32.58,30.365,31.322,59.421,59.504
7016.11739,1.42528972138535,50.165,32.471,30.783,31.492,59.65,59.528
7014.18883,1.42568160657859,50.091,32.545,30.736,31.387,59.504,59.47
7012.26026,1.42607370936343,49.984,32.711,30.344,30.982,59.303,59.036
7010.3317,1.42646602585153,49.938,32.538,30.083,30.729,59.215,58.595
7008.40314,1.42685855825354,49.962,32.023,30.056,30.758,59.098,58.531
7006.47457,1.42725130878481,49.977,31.693,30.146,30.703,58.928,58.66
7004.54601,1.42764427355086,49.844,31.771,30.23,30.55,58.788,58.57
7002.61744,1.42803745680558,49.421,31.882,30.187,30.506,58.739,58.395
7000.68888,1.42843085465041,49.072,31.749,29.918,30.452,58.829,58.293
6998.76031,1.42882447134413,49.173,31.592,29.651,30.42,59.072,58.083
6996.83175,1.42921830298406,49.395,31.535,29.698,30.552,59.264,57.967
6994.90319,1.4296123517901,49.393,31.487,29.833,30.447,59.154,58.07
6992.97462,1.43000661998685,49.15,31.408,29.657,29.894,58.716,58.032
6991.04606,1.43040110366545,48.742,31.256,29.322,29.458,58.194,57.903
6989.11749,1.43079580709696,48.375,31.097,29.225,29.427,58.033,57.926
6987.18893,1.43119072636841,48.278,31.026,29.293,29.519,58.351,57.826
6985.26036,1.43158586575576,48.524,31.033,29.309,29.578,58.782,57.612
6983.3318,1.43198122134194,48.792,30.926,29.457,29.662,59.002,57.659
6981.40323,1.43237679740782,48.778,30.672,29.687,29.828,58.973,57.783
6979.47467,1.4327725900322,48.709,30.625,29.568,29.914,58.733,57.705
6977.54611,1.43316860144691,48.701,30.821,29.131,29.719,58.38,57.582
6975.61754,1.43356483388853,48.565,30.907,28.798,29.366,58.12,57.471
6973.68898,1.43396128342965,48.382,30.721,28.692,29.077,58.003,57.277
6971.76041,1.4343579543635,48.26,30.46,28.705,28.92,57.982,57.051
6969.83185,1.43475484275851,48.06,30.381,28.834,28.901,57.897,56.947
6967.90328,1.43515195291287,47.819,30.432,28.974,28.985,57.536,57.115
6965.97472,1.43554928089087,47.691,30.401,28.915,29.07,57.204,57.364
6964.04615,1.43594683099566,47.629,30.297,28.627,29.02,57.242,57.225
6962.11759,1.43634459928736,47.66,30.324,28.345,28.787,57.413,56.823
6960.18903,1.43674258800985,47.768,30.422,28.343,28.583,57.418,56.649
6958.26046,1.43714079941181,47.649,30.394,28.533,28.448,57.275,56.768
6956.3319,1.43753922954711,47.314,30.276,28.589,28.088,57.123,56.944
6954.40333,1.43793788273134,47.057,30.244,28.302,27.699,56.879,56.773
6952.47477,1.43833675501422,46.972,30.44,27.874,27.651,56.585,56.281
6950.5462,1.43873585071631,47.097,30.648,27.765,27.694,56.492,56.139
6948.61764,1.43913516588315,47.246,30.557,27.89,27.581,56.553,56.46
6946.68907,1.43953470484033,47.231,30.262,27.902,27.558,56.705,56.644
6944.76051,1.43993446362919,47.188,29.897,27.87,27.71,56.886,56.404
6942.83195,1.44033444450575,47.103,29.65,27.798,27.778,56.897,56.018
6940.90338,1.44073464973085,46.946,29.716,27.582,27.794,56.707,55.908
6938.97482,1.44113507533956,46.863,29.849,27.414,27.904,56.329,56.031
6937.04625,1.44153572566999,46.803,29.723,27.384,27.898,55.998,55.95
6935.11769,1.44193659675298,46.66,29.326,27.296,27.664,56.066,55.693
6933.18912,1.44233769293171,46.45,28.994,27.225,27.468,56.353,55.685
6931.26056,1.44273901023279,46.246,29.042,27.432,27.453,56.406,55.885
6929.33199,1.44314055300445,46.191,29.156,27.785,27.423,56.2,55.844
6927.40343,1.44354231726908,46.279,29.042,27.846,27.305,56.113,55.665
6925.47487,1.44394430529498,46.22,28.98,27.477,27.209,56.266,55.739
6923.5463,1.44434651935526,45.891,29.018,27.041,27.185,56.404,55.814
6921.61774,1.44474895546601,45.489,28.937,26.827,27.191,56.326,55.583
6919.68917,1.44515161798807,45.199,28.823,26.793,27.133,56.164,55.324
6917.76061,1.44555450293328,45.085,28.805,26.818,27.003,56.185,55.257
6915.83204,1.44595761466758,45.243,28.817,26.808,26.819,56.349,55.195
6913.90348,1.44636094919856,45.663,28.799,26.784,26.534,56.342,55.027
6911.97491,1.44676451089722,45.892,28.674,26.734,26.264,55.99,54.944
6910.04635,1.44716829576693,45.578,28.396,26.547,26.209,55.399,54.97
6908.11779,1.44757230608831,45.086,28.115,26.278,26.264,54.863,54.791
6906.18922,1.44797654414687,44.811,28.018,26.153,26.334,54.757,54.496
6904.26066,1.4483810059396,44.724,28.135,26.255,26.547,55.143,54.589
6902.33209,1.44878569585023,44.56,28.284,26.361,26.728,55.593,55.046
6900.40353,1.44919060987148,44.171,28.301,26.25,26.621,55.833,55.317
6898.47496,1.44959575239221,43.873,28.166,25.91,26.321,55.833,55.09
6896.5464,1.45000111940086,43.913,27.937,25.502,26.038,55.561,54.589
6894.61783,1.45040671529143,44.01,27.888,25.383,25.991,55.102,54.167
6892.68927,1.45081253604807,43.855,28.07,25.744,26.15,54.632,53.896
6890.76071,1.45121858396386,43.536,28.106,26.28,26.177,54.445,53.669
6888.83214,1.4516248613368,43.299,27.866,26.542,25.956,54.497,53.432
6886.90358,1.45203136414464,43.166,27.585,26.387,25.698,54.399,53.267
6884.97501,1.4524380967942,43.121,27.596,26.03,25.526,54.211,53.247
6883.04645,1.45284505525893,43.297,27.952,25.711,25.359,54.081,53.38
6881.11788,1.4532522439508,43.517,28.126,25.453,25.216,53.887,53.576
6879.18932,1.45365965883899,43.413,27.828,25.306,25.163,53.781,53.627
6877.26075,1.45406730434061,43.111,27.507,25.335,25.13,53.925,53.501
6875.33219,1.45447517642053,42.895,27.489,25.38,25.075,54.086,53.295
6873.40363,1.45488327738437,42.827,27.582,25.39,25.105,54.144,53.092
6871.47506,1.45529160954271,42.96,27.582,25.498,25.324,54.122,53.062
6869.5465,1.45570016885394,43.144,27.585,25.622,25.6,53.907,53.244
6867.61793,1.45610895974814,43.106,27.64,25.584,25.564,53.616,53.379
6865.68937,1.45651797817937,42.97,27.549,25.421,25.16,53.584,53.391
6863.7608,1.45692722858291,42.899,27.408,25.285,24.817,53.894,53.458
6861.83224,1.45733670690847,42.702,27.419,25.175,24.776,54.189,53.45
6859.90367,1.45774641759656,42.372,27.438,24.971,24.952,54.124,53.241
6857.97511,1.45815635659255,42.094,27.368,24.699,25.144,53.837,52.994
6856.04655,1.45856652621473,41.852,27.318,24.599,25.095,53.5,52.742
6854.11798,1.45897692878639,41.712,27.374,24.688,24.758,53.128,52.534
6852.18942,1.4593875602464,41.759,27.296,24.675,24.386,52.807,52.482
6850.26085,1.4597984250483,41.795,26.919,24.563,24.255,52.51,52.467
6848.33229,1.46020951912659,41.659,26.607,24.561,24.282,52.23,52.324
6846.40372,1.46062084694006,41.405,26.59,24.53,24.255,52.183,52.109
6844.47516,1.46103240441887,41.13,26.714,24.313,24.258,52.483,51.908
6842.5466,1.4614441938912,40.995,26.791,24.084,24.429,52.944,51.84
6840.61803,1.46185621769032,41.104,26.788,23.977,24.619,53.212,52.035
6838.68947,1.46226847173981,41.213,26.892,23.94,24.509,53.001,52.229
6836.7609,1.46268096051158,41.114,27.02,23.869,24.199,52.522,52.261
6834.83234,1.46309367992485,40.965,26.859,23.768,24.047,52.253,52.313
6832.90377,1.46350663445682,40.831,26.64,23.921,24.097,52.218,52.33
6830.97521,1.4639198200223,40.656,26.737,24.309,24.239,52.135,52.164
6829.04664,1.46433324110377,40.438,26.923,24.413,24.239,51.91,51.881
6827.11808,1.46474689361166,40.265,26.888,24.152,23.925,51.766,51.659
6825.18952,1.46516077988703,40.33,26.71,23.904,23.47,51.839,51.507
6823.26095,1.46557490227602,40.501,26.557,23.78,23.168,51.824,51.302
6821.33239,1.46598925668245,40.518,26.406,23.687,23.195,51.512,51.16
6819.40382,1.46640384760203,40.367,26.307,23.584,23.309,51.213,51.213
6817.47526,1.4668186709342,40.066,26.404,23.51,23.165,51.294,51.343
6815.54669,1.46723373117997,39.726,26.467,23.537,22.931,51.546,51.388
6813.61813,1.46764902423435,39.457,26.286,23.647,22.867,51.571,51.393
6811.68956,1.46806455460369,39.269,26.082,23.789,22.855,51.519,51.447
6809.761,1.46848031817857,39.214,26.059,23.866,22.851,51.523,51.35
6807.83244,1.468896317313,39.253,26.101,23.828,22.974,51.39,51.011
6805.90387,1.46931255436613,39.272,25.987,23.802,23.074,51.26,50.838
6803.97531,1.46972902522187,39.235,25.855,23.787,23.052,51.378,51.06
6802.04674,1.47014573439994,39.155,25.946,23.691,23.024,51.503,51.278
6800.11818,1.47056267777981,39.038,26.012,23.582,22.963,51.41,51.1
6798.18961,1.47097985988655,38.923,25.851,23.573,22.876,51.235,50.684
6796.26105,1.4713972765952,38.748,25.747,23.546,22.833,51.024,50.35
6794.33248,1.47181493243616,38.437,25.876,23.281,22.734,50.832,50.125
6792.40392,1.47223282328004,38.144,26.031,22.952,22.536,50.833,49.964
6790.47536,1.47265095149392,37.968,26.079,22.92,22.418,50.936,49.964
6788.54679,1.47306931945003,37.914,26.055,23.157,22.474,50.86,50.093
6786.61823,1.47348792301228,37.989,25.937,23.417,22.539,50.569,50.099
6784.68966,1.47390676672454,37.972,25.787,23.54,22.533,50.332,49.897
6782.7611,1.47432584644622,37.748,25.757,23.5,22.597,50.273,49.707
6780.83253,1.4747451667266,37.574,25.831,23.401,22.655,50.274,49.741
6778.90397,1.47516472342062,37.493,25.885,23.241,22.472,50.283,49.919
6776.9754,1.47558452108296,37.288,25.874,22.95,22.148,50.25,49.919
6775.04684,1.47600455556408,37.089,25.72,22.693,22.025,50.127,49.572
6773.11828,1.47642482924423,37.085,25.405,22.648,22.196,49.998,49.158
6771.18971,1.47684534450889,37.151,25.238,22.772,22.373,49.961,49.083
6769.26115,1.47726609720176,37.137,25.37,22.938,22.285,49.989,49.263
6767.33258,1.47768709189109,37.041,25.545,23.004,22.035,50.024,49.254
6765.40402,1.47810832441608,36.928,25.564,22.984,21.866,49.997,48.942
6763.47545,1.47852979935042,36.845,25.385,22.966,21.858,49.758,48.585
6761.54689,1.47895151252881,36.827,25.171,22.982,21.904,49.396,48.493
6759.61832,1.4793734685304,36.726,25.19,23.073,21.959,49.247,48.698
6757.68976,1.47979566318534,36.459,25.362,23.142,22.052,49.335,48.847
6755.7612,1.48021809888721,36.266,25.401,23.093,22.058,49.31,48.74
6753.83263,1.4806407780348,36.146,25.243,22.872,21.926,49.119,48.551
6751.90407,1.48106369645148,35.928,25.123,22.527,21.851,49.023,48.447
6749.9755,1.48148685873008,35.761,25.177,22.305,21.936,48.946,48.388
6748.04694,1.48191026068944,35.782,25.166,22.221,22.034,48.742,48.227
6746.11837,1.48233390692787,35.866,25.016,22.14,21.952,48.59,48
6744.18981,1.48275779325968,35.905,24.991,22.133,21.789,48.57,47.92
6742.26124,1.48318192428865,35.822,25.029,22.191,21.676,48.5,47.962
6740.33268,1.48360629582456,35.521,24.898,22.261,21.516,48.305,47.929
6738.40412,1.48403091027435,35.195,24.754,22.447,21.451,48.142,47.855
6736.47555,1.48445577005026,35.136,24.757,22.649,21.602,48.112,47.835
6734.54699,1.48488087095521,35.256,24.67,22.577,21.63,48.201,47.777
6732.61842,1.48530621760679,35.221,24.429,22.3,21.376,48.275,47.607
6730.68986,1.48573180580334,34.934,24.408,22.036,21.173,48.181,47.437
6728.76129,1.48615764016797,34.669,24.631,21.957,21.202,48.018,47.415
6726.83273,1.48658371649446,34.671,24.703,22.113,21.324,47.957,47.445
6724.90416,1.48701003941148,34.742,24.575,22.163,21.341,47.981,47.279
6722.9756,1.48743660470819,34.62,24.507,21.986,21.161,47.977,46.945
6721.04704,1.48786341480508,34.5,24.591,21.938,20.988,47.916,46.832
6719.11847,1.48829047212796,34.529,24.726,22.136,20.995,47.87,47.128
6717.18991,1.48871777245911,34.5,24.754,22.298,21.051,47.753,47.439
6715.26134,1.4891453204411,34.313,24.607,22.149,21.092,47.557,47.36
6713.33278,1.48957311185161,33.978,24.394,21.868,21.167,47.534,47.003
6711.40421,1.49000115133879,33.554,24.31,21.777,21.2,47.616,46.701
6709.47565,1.49042943467572,33.263,24.343,21.751,21.181,47.469,46.613
6707.54709,1.49085796429347,33.235,24.351,21.717,21.173,47.135,46.649
6705.61852,1.49128674262848,33.307,24.416,21.828,21.11,46.883,46.643
6703.68996,1.49171576544689,33.232,24.54,21.953,20.962,46.76,46.589
6701.76139,1.49214503741083,33.015,24.538,21.949,20.821,46.71,46.563
6699.83283,1.49257455428183,32.873,24.468,21.932,20.765,46.752,46.474
6697.90426,1.49300432072763,32.839,24.511,21.995,20.789,46.783,46.228
6695.9757,1.49343433250512,32.669,24.697,22.082,20.84,46.61,45.939
6694.04713,1.49386459428767,32.414,24.793,22.099,20.969,46.262,45.813
6692.11857,1.49429510182752,32.348,24.616,22.058,21.059,45.982,45.907
6690.19001,1.49472585756948,32.371,24.392,22.021,20.878,45.949,45.956
6688.26144,1.49515686396374,32.288,24.26,21.948,20.555,46.058,45.788
6686.33288,1.49558811675556,32.156,24.142,21.856,20.263,46.124,45.56
6684.40431,1.49601962063243,32.088,24.133,21.83,20.019,46.174,45.341
6682.47575,1.49645137133494,32.082,24.174,21.722,19.907,46.232,45.083
6680.54718,1.49688337355624,32.026,24.112,21.435,19.899,46.161,44.859
6678.61862,1.49731562303224,31.863,24.048,21.24,19.872,45.9,44.803
6676.69005,1.49774812446176,31.622,24.013,21.234,19.839,45.682,44.859
6674.76149,1.49818087357605,31.313,24.048,21.243,19.822,45.707,44.832
6672.83293,1.49861387283377,30.992,24.26,21.302,19.828,45.694,44.787
6670.90436,1.499047124699,30.777,24.458,21.463,19.969,45.475,44.874
6668.9758,1.49948062489595,30.666,24.49,21.496,20.196,45.346,45.063
6667.04723,1.49991437813768,30.634,24.478,21.326,20.269,45.355,45.213
6665.11867,1.5003483801437,30.627,24.353,21.153,20.217,45.223,45.041
6663.1901,1.50078263563274,30.562,24.057,21.046,20.211,44.922,44.538
6661.26154,1.50121714031964,30.577,23.953,21.033,20.302,44.713,44.2
6659.33297,1.50165189892885,30.681,24.195,21.159,20.486,44.709,44.297
6657.40441,1.50208690717048,30.647,24.416,21.276,20.6,44.754,44.507
6655.47585,1.50252216751714,30.436,24.35,21.322,20.492,44.727,44.495
6653.54728,1.50295768244695,30.105,24.076,21.39,20.267,44.628,44.338
6651.61872,1.50339344766292,29.775,23.855,21.464,20.186,44.514,44.187
6649.69015,1.50382946790385,29.707,23.911,21.466,20.325,44.432,43.992
6647.76159,1.50426573886805,29.865,24.074,21.388,20.423,44.356,43.791
6645.83302,1.50470226530007,29.93,24.024,21.265,20.322,44.304,43.71
6643.90446,1.50513904289346,29.759,23.844,21.28,20.156,44.26,43.695
6641.97589,1.50557607639856,29.506,23.784,21.533,20.048,44.087,43.53
6640.04733,1.50601336150416,29.382,23.827,21.677,19.989,43.823,43.241
6638.11877,1.50645090069698,29.351,23.86,21.506,19.995,43.688,43.175
6636.1902,1.50688869646925,29.241,23.879,21.29,20.067,43.65,43.221
6634.26164,1.50732674450265,28.977,23.894,21.195,20.085,43.525,42.97
6632.33307,1.50776504956196,28.67,23.865,21.123,20.024,43.436,42.715
6630.40451,1.5082036073241,28.514,23.842,21.028,19.921,43.587,42.89
6628.47594,1.50864242255966,28.425,23.909,20.985,19.84,43.868,43.244
6626.54738,1.50908149094076,28.233,23.935,21.045,19.9,44.024,43.355
6624.61881,1.50952081724382,28.024,23.883,21.102,20.026,43.959,43.149
6622.69025,1.50996039713619,27.892,23.952,21.017,20.093,43.801,42.862
6620.76169,1.5104002331188,27.815,24.02,20.875,20.127,43.607,42.779
6618.83312,1.51084032769812,27.747,23.873,20.922,20.181,43.273,42.892
6616.90456,1.51128067653435,27.704,23.717,21.167,20.161,42.874,42.907
6614.97599,1.51172128441845,27.821,23.761,21.312,19.966,42.631,42.571
6613.04743,1.5121621470058,28.04,23.784,21.28,19.786,42.652,42.034
6611.11886,1.51260326909324,28.004,23.648,21.337,19.758,42.784,41.839
6609.1903,1.51304464633134,27.663,23.624,21.552,19.811,42.734,42.074
6607.26173,1.51348628352278,27.344,23.703,21.701,19.901,42.598,42.188
6605.33317,1.51392817631332,27.136,23.602,21.715,19.906,42.645,42.025
6603.40461,1.51437032721822,27.075,23.533,21.713,19.836,42.676,41.949
6601.47604,1.51481273875835,27.176,23.757,21.746,19.93,42.518,42.049
6599.54748,1.51525540657221,27.103,23.986,21.781,20.098,42.31,42.091
6597.61891,1.51569833547722,26.738,23.977,21.682,20.091,42.12,42.046
6595.69035,1.51614152110704,26.467,23.931,21.457,20.01,42.044,41.993
6593.76178,1.51658496828498,26.46,23.996,21.34,19.909,42.177,41.834
6591.83322,1.51702867263987,26.45,23.963,21.337,19.766,42.236,41.508
6589.90465,1.51747263900093,26.363,23.805,21.242,19.653,42.011,41.173
6587.97609,1.51791686299214,26.325,23.821,21.019,19.549,41.8,40.997
6586.04753,1.51836134714321,26.285,23.971,20.867,19.511,41.8,40.934
6584.11896,1.51880609398953,26.139,24.07,21.021,19.643,41.835,40.864
6582.1904,1.51925109914779,25.918,24.157,21.338,19.884,41.761,40.758
6580.26183,1.51969636746202,25.839,24.145,21.463,20.041,41.646,40.749
6578.33327,1.52014189454406,25.911,24.012,21.453,20.088,41.696,41.035
6576.4047,1.52058768524388,25.845,23.947,21.521,20.181,41.805,41.308
6574.47614,1.52103373516844,25.609,23.936,21.491,20.207,41.683,41.14
6572.54757,1.52148004917369,25.373,23.881,21.271,19.945,41.478,40.833
6570.61901,1.52192662286167,25.196,23.831,21.095,19.646,41.366,40.685
6568.69045,1.5223734587767,25.086,23.824,21.061,19.689,41.224,40.552
6566.76188,1.5228205594688,25.022,23.877,21.151,19.879,41.007,40.399
6564.83332,1.52326792053267,24.939,24,21.28,19.851,40.828,40.179
6562.90475,1.52371554683923,24.858,24.176,21.324,19.666,40.783,39.914
6560.97619,1.52416343397826,24.826,24.374,21.418,19.6,40.839,39.798
6559.04762,1.52461158682669,24.701,24.483,21.721,19.768,40.884,39.731
6557.11906,1.52506000096939,24.386,24.414,21.967,19.93,40.845,39.623
6555.1905,1.52550867896211,24.132,24.243,21.879,19.845,40.772,39.674
6553.26193,1.52595762336635,24.142,24.163,21.592,19.678,40.761,39.822
6551.33337,1.5264068297596,24.26,24.281,21.397,19.731,40.766,39.764
6549.4048,1.52685630303383,24.237,24.391,21.404,19.92,40.623,39.487
6547.47624,1.52730603876159,23.987,24.321,21.483,19.874,40.265,39.164
6545.54767,1.52775604184088,23.633,24.31,21.498,19.576,39.898,38.896
6543.61911,1.52820630783933,23.342,24.395,21.407,19.327,39.751,38.76
6541.69054,1.52865684166099,23.139,24.335,21.256,19.335,39.809,38.76
6539.76198,1.52910763886853,23.077,24.246,21.219,19.585,39.941,38.812
6537.83342,1.52955870203252,23.184,24.315,21.3,19.897,39.936,38.846
6535.90485,1.5300100337293,23.207,24.384,21.368,20.207,39.701,38.764
6533.97629,1.53046162951412,22.975,24.338,21.512,20.45,39.456,38.567
6532.04772,1.53091349430619,22.743,24.22,21.718,20.45,39.359,38.48
6530.11916,1.53136562365579,22.706,24.034,21.7,20.235,39.335,38.565
6528.19059,1.53181802248822,22.738,23.877,21.459,19.957,39.26,38.599
6526.26203,1.53227068634877,22.715,23.983,21.325,19.716,39.085,38.586
6524.33346,1.53272362016886,22.635,24.311,21.455,19.634,38.931,38.617
6522.4049,1.53317681948878,22.525,24.53,21.675,19.754,38.897,38.534
6520.47634,1.53363028689404,22.369,24.568,21.716,19.926,38.853,38.343
6518.54777,1.53408402497601,22.135,24.586,21.57,20.042,38.699,38.274
6516.61921,1.53453802926748,21.964,24.587,21.452,20.18,38.562,38.278
6514.69064,1.53499230471518,21.974,24.568,21.415,20.298,38.523,38.154
6512.76208,1.53544684684689,21.954,24.575,21.395,20.263,38.421,37.994
6510.83351,1.53590166061549,21.736,24.505,21.382,20.119,38.213,37.857
6508.90495,1.53635674154375,21.528,24.336,21.302,19.979,38.106,37.634
6506.97638,1.5368120945907,21.49,24.297,21.179,19.979,38.098,37.434
6505.04782,1.53726771527408,21.423,24.476,21.239,20.089,38.117,37.345
6503.11926,1.53772360619448,21.259,24.572,21.538,20.056,38.235,37.3
6501.19069,1.53817976995842,21.174,24.521,21.803,19.875,38.314,37.313
6499.26213,1.53863620207607,21.166,24.594,21.822,19.742,38.103,37.311
6497.33356,1.5390929075219,21.209,24.663,21.675,19.757,37.666,37.189
6495.405,1.53954988180106,21.256,24.535,21.68,19.96,37.331,37.041
6493.47643,1.54000712989421,21.127,24.381,21.968,20.215,37.243,36.963
6491.54787,1.54046464730145,20.864,24.312,22.213,20.335,37.313,36.897
6489.6193,1.54092243900964,20.66,24.35,22.231,20.364,37.483,36.817
6487.69074,1.54138050051381,20.632,24.496,22.158,20.391,37.635,36.733
6485.76218,1.54183883442979,20.666,24.669,22.057,20.395,37.612,36.624
6483.83361,1.54229744337933,20.506,24.8,21.987,20.398,37.478,36.52
6481.90505,1.54275632284987,20.212,24.858,21.969,20.455,37.394,36.494
6479.97648,1.54321547784383,19.893,24.898,21.948,20.525,37.304,36.528
6478.04792,1.54367490384356,19.547,24.979,22.013,20.532,37.128,36.494
6476.11935,1.54413460585775,19.33,24.924,22.157,20.494,36.957,36.325
6474.19079,1.54459457936364,19.307,24.668,22.219,20.519,36.882,36.092
6472.26222,1.54505482937618,19.311,24.608,22.273,20.63,36.964,35.936
6470.33366,1.54551535136752,19.311,24.842,22.431,20.692,37.151,35.937
6468.4051,1.54597614796884,19.327,24.98,22.554,20.642,37.223,35.91
6466.47653,1.5464372218173,19.26,24.942,22.525,20.565,37.06,35.701
6464.54797,1.5468985683774,19.174,24.941,22.35,20.555,36.751,35.498
6462.6194,1.54736019267977,19.137,24.972,22.126,20.672,36.477,35.478
6460.69084,1.54782209018378,19.064,24.871,22.031,20.883,36.327,35.526
6458.76227,1.54828426592639,18.966,24.787,22.134,20.973,36.222,35.479
6456.83371,1.54874671536182,18.847,24.908,22.314,20.76,36.057,35.357
6454.90514,1.54920944353336,18.725,25.024,22.429,20.472,35.846,35.307
6452.97658,1.54967244589008,18.659,25.026,22.507,20.468,35.725,35.391
6451.04802,1.55013572507867,18.586,25.041,22.598,20.661,35.791,35.426
6449.11945,1.55059928375183,18.448,25.111,22.616,20.812,35.958,35.237
6447.19089,1.55106311735094,18.216,25.148,22.532,20.891,35.972,34.93
6445.26232,1.55152723093511,17.904,25.015,22.463,20.867,35.74,34.714
6443.33376,1.55199161994054,17.739,24.763,22.441,20.708,35.509,34.627
6441.40519,1.55245628943271,17.831,24.594,22.454,20.543,35.458,34.575
6439.47663,1.55292123484265,17.898,24.629,22.469,20.501,35.48,34.514
6437.54806,1.5533864612422,17.688,24.808,22.404,20.592,35.407,34.417
6435.6195,1.55385196405723,17.332,24.96,22.405,20.718,35.2,34.242
6433.69094,1.55431774595004,17.202,25.086,22.635,20.744,34.92,34.068
6431.76237,1.55478380958904,17.353,25.269,22.878,20.73,34.696,34.038
6429.83381,1.5552501503923,17.453,25.418,22.969,20.885,34.69,34.111
6427.90524,1.55571677344764,17.418,25.461,23.079,21.147,34.838,34.158
6425.97668,1.55618367416796,17.357,25.496,23.197,21.194,34.902,34.17
6424.04811,1.55665085764745,17.279,25.629,23.054,21.041,34.904,34.112
6422.11955,1.55711831929382,17.147,25.797,22.77,20.969,34.925,33.965
6420.19099,1.55758606178163,16.906,25.85,22.73,21.015,34.857,33.801
6418.26242,1.55805408779157,16.587,25.746,22.893,21.121,34.696,33.551
6416.33386,1.5585223927235,16.364,25.622,22.991,21.252,34.568,33.252
6414.40529,1.55899098168772,16.36,25.611,23.053,21.381,34.547,33.222
6412.47673,1.55945985007886,16.494,25.72,23.257,21.486,34.549,33.484
6410.54816,1.55992900301368,16.626,25.973,23.54,21.531,34.46,33.65
6408.6196,1.56039843588157,16.656,26.269,23.684,21.633,34.375,33.619
6406.69103,1.56086815380576,16.539,26.376,23.639,21.798,34.375,33.635
6404.76247,1.56133815217038,16.38,26.295,23.499,21.841,34.347,33.608
6402.83391,1.5618084336659,16.311,26.181,23.435,21.785,34.237,33.345
6400.90534,1.56227900098894,16.285,26.169,23.545,21.769,34.173,33.081
6398.97678,1.56274984951578,16.132,26.264,23.614,21.858,34.069,33.101
6397.04821,1.56322098438586,15.883,26.268,23.494,21.96,33.71,33.247
6395.11965,1.56369240097017,15.698,26.085,23.338,21.915,33.298,33.107
6393.19108,1.56416410441466,15.544,25.916,23.255,21.708,33.159,32.692
6391.26252,1.56463609008506,15.37,25.985,23.263,21.483,33.282,32.481
6389.33395,1.56510836313384,15.226,26.127,23.355,21.435,33.452,32.566
6387.40539,1.56558091892145,15.137,26.127,23.44,21.641,33.524,32.577
6385.47683,1.56605376015435,15.056,26.129,23.51,21.95,33.549,32.437
6383.54826,1.56652688954528,14.984,26.135,23.643,22.146,33.558,32.304
6381.6197,1.56700030244673,14.924,26.082,23.815,22.196,33.505,32.167
6379.69113,1.56747400402753,14.826,26.128,23.974,22.174,33.394,32.035
6377.76257,1.56794798963487,14.758,26.298,24.015,22.142,33.246,31.963
6375.834,1.56842226444415,14.741,26.479,23.819,22.17,33.126,31.866
6373.90544,1.56889682379725,14.674,26.572,23.626,22.27,33.123,31.763
6371.97687,1.56937167287614,14.567,26.508,23.776,22.408,33.185,31.887
6370.04831,1.56984680701739,14.476,26.393,24.096,22.515,33.135,32.135
6368.11975,1.57032222894364,14.421,26.468,24.243,22.562,33.006,32.159
6366.19118,1.57079794138385,14.443,26.754,24.286,22.541,32.981,32.001
6364.26262,1.57127393966656,14.508,26.965,24.401,22.434,32.976,31.834
6362.33405,1.57175022899026,14.443,26.994,24.477,22.369,32.755,31.718
6360.40549,1.57222680467814,14.211,27.001,24.43,22.467,32.354,31.649
6358.47692,1.57270367193532,14.033,26.948,24.369,22.667,32.061,31.511
6356.54836,1.57318082607964,13.967,26.739,24.396,22.842,32.048,31.407
6354.61979,1.57365827232285,13.883,26.585,24.502,22.928,32.211,31.465
6352.69123,1.57413600597742,13.846,26.647,24.537,22.91,32.344,31.5
6350.76267,1.57461402978235,13.95,26.831,24.497,22.756,32.278,31.445
6348.8341,1.57509234648296,14.027,27.018,24.532,22.618,32.056,31.421
6346.90554,1.57557095138366,13.905,27.076,24.531,22.735,31.91,31.38
6344.97697,1.57604984971285,13.687,26.997,24.404,22.969,31.89,31.256
6343.04841,1.57652903676956,13.538,26.945,24.364,23.027,31.832,31.106
6341.11984,1.57700851778887,13.427,27.014,24.502,22.937,31.714,30.948
6339.19128,1.5774882880644,13.286,27.188,24.663,22.854,31.648,30.868
6337.26271,1.57796835283794,13.193,27.357,24.81,22.869,31.679,30.915
6335.33415,1.5784487073977,13.259,27.42,25.039,23.028,31.763,30.887
6333.40559,1.57892935449915,13.37,27.417,25.273,23.219,31.801,30.705
6331.47702,1.57941029690415,13.247,27.438,25.302,23.319,31.738,30.493
6329.54846,1.5798915298928,12.94,27.479,25.134,23.355,31.648,30.264
6327.61989,1.58037305872367,12.785,27.519,24.976,23.372,31.559,30.117
6325.69133,1.58085487867142,12.85,27.545,24.937,23.368,31.403,30.193
6323.76276,1.58133699500138,12.916,27.557,24.977,23.341,31.242,30.258
6321.8342,1.58181940298276,12.826,27.621,25.073,23.299,31.231,30.146
6319.90563,1.58230210788765,12.705,27.74,25.202,23.29,31.33,30.126
6317.97707,1.58278510497981,12.686,27.767,25.295,23.387,31.347,30.219
6316.04851,1.58326839703136,12.676,27.653,25.325,23.577,31.201,30.193
6314.11994,1.58375198682083,12.641,27.537,25.364,23.75,31.025,30.107
6312.19138,1.58423586960381,12.555,27.513,25.543,23.819,30.969,30.008
6310.26281,1.58472005066933,12.358,27.63,25.766,23.814,30.943,29.883
6308.33425,1.58520452526751,12.272,27.83,25.762,23.802,30.832,29.806
6306.40568,1.58568929869415,12.385,27.903,25.628,23.791,30.765,29.739
6304.47712,1.58617436619391,12.389,27.841,25.635,23.782,30.812,29.616
6302.54855,1.58665973306941,12.191,27.821,25.761,23.837,30.799,29.46
6300.61999,1.58714539455981,11.968,27.871,25.893,23.948,30.686,29.34
6298.69143,1.587631353454,11.812,27.968,26.021,24.034,30.641,29.282
6296.76286,1.58811761254735,11.81,28.086,26.121,24.199,30.719,29.235
6294.8343,1.58860416707077,11.913,28.155,26.102,24.433,30.787,29.205
6292.90573,1.58909102234398,11.896,28.261,25.995,24.445,30.698,29.129
6290.97717,1.58957817359239,11.789,28.462,25.971,24.314,30.472,28.952
6289.0486,1.59006562614256,11.789,28.583,26.108,24.278,30.234,28.812
6287.12004,1.59055337521439,11.773,28.572,26.278,24.29,30.065,28.823
6285.19148,1.5910414236099,11.581,28.534,26.314,24.349,29.998,28.901
6283.26291,1.59152977413769,11.387,28.473,26.327,24.465,29.987,28.885
6281.33435,1.59201842200933,11.257,28.45,26.398,24.569,29.961,28.865
6279.40578,1.59250737256862,11.089,28.54,26.327,24.621,29.952,28.958
6277.47722,1.59299662102159,11.044,28.624,26.203,24.612,29.949,28.952
6275.54865,1.59348617271894,11.198,28.682,26.26,24.683,29.847,28.777
6273.62009,1.59397602286115,11.236,28.811,26.423,24.941,29.684,28.54
6271.69152,1.59446617680584,11.094,28.974,26.569,25.212,29.547,28.258
6269.76296,1.59495662974793,11.007,29.13,26.658,25.332,29.439,28.13
6267.8344,1.59544738450652,10.967,29.193,26.706,25.305,29.39,28.307
6265.90583,1.59593844390732,10.901,29.093,26.772,25.221,29.413,28.514
6263.97727,1.59642980313688,10.818,28.979,26.925,25.196,29.469,28.508
6262.0487,1.59692146757019,10.722,28.936,27.123,25.159,29.516,28.369
6260.12014,1.59741343238822,10.709,28.98,27.153,25.087,29.546,28.186
6258.19157,1.59790570297291,10.773,29.123,27.055,25.198,29.566,28.044
6256.26301,1.59839827449965,10.758,29.23,27.059,25.428,29.556,28.037
6254.33444,1.59889115235737,10.679,29.244,27.159,25.563,29.489,28.034
6252.40588,1.59938433171584,10.673,29.235,27.253,25.61,29.38,27.93
6250.47732,1.59987781541138,10.707,29.163,27.322,25.634,29.284,27.845
6248.54875,1.60037160628698,10.682,29.108,27.356,25.62,29.144,27.801
6246.62019,1.60086569950397,10.623,29.27,27.413,25.564,28.909,27.741
6244.69162,1.60136010046882,10.547,29.5,27.529,25.558,28.698,27.706
6242.76306,1.60185480433723,10.505,29.513,27.569,25.639,28.579,27.713
6240.83449,1.60234981652269,10.594,29.49,27.514,25.728,28.552,27.714
6238.90593,1.60284513217528,10.669,29.676,27.569,25.753,28.584,27.612
6236.97736,1.60334075671553,10.506,29.9,27.737,25.748,28.608,27.397
6235.0488,1.60383668528785,10.263,29.995,27.838,25.847,28.624,27.298
6233.12024,1.60433292074597,10.225,30.064,27.802,25.948,28.667,27.322
6231.19167,1.60482946595029,10.221,30.155,27.728,25.871,28.754,27.25
6229.26311,1.60532631603676,10.077,30.139,27.734,25.768,28.785,27.18
6227.33454,1.60582347644358,10.11,30.067,27.809,25.778,28.701,27.245
6225.40598,1.60632094230102,10.327,30.132,27.889,25.875,28.602,27.312
6223.47741,1.60681871905437,10.305,30.23,27.94,26.068,28.541,27.26
6221.54885,1.60731680182821,10.071,30.187,27.99,26.332,28.497,27.177
6219.62028,1.60781519607496,9.952,30.177,28.121,26.599,28.448,27.179
6217.69172,1.6083138969135,10.043,30.391,28.299,26.835,28.427,27.198
6215.76316,1.60881290721508,10.185,30.612,28.358,26.969,28.42,27.177
6213.83459,1.60931222985773,10.117,30.558,28.266,26.961,28.312,27.125
6211.90603,1.60981185995178,9.871,30.329,28.13,26.958,28.153,26.955
6209.97746,1.61031180296748,9.736,30.161,28.077,27.047,28.064,26.735
6208.0489,1.61081205400943,9.743,30.194,28.267,27.117,28.074,26.652
6206.12033,1.61131261855505,9.723,30.421,28.616,27.116,28.192,26.649
6204.19177,1.61181349170321,9.616,30.577,28.775,27.06,28.277,26.582
6202.2632,1.61231467893849,9.503,30.569,28.646,27.003,28.209,26.493
6200.33464,1.61281617535405,9.44,30.64,28.465,27.092,28.087,26.5
6198.40608,1.61331798383884,9.414,30.859,28.447,27.318,27.992,26.575
6196.47751,1.61382010728867,9.389,31.021,28.552,27.43,27.868,26.552
6194.54895,1.61432254078806,9.284,31.044,28.674,27.371,27.738,26.39
6192.62038,1.61482528983958,9.193,31.082,28.778,27.391,27.701,26.317
6190.69182,1.61532834952201,9.281,31.176,28.806,27.53,27.703,26.504
6188.76325,1.61583172534512,9.452,31.184,28.829,27.609,27.685,26.689
6186.83469,1.61633541238193,9.561,31.135,28.977,27.639,27.715,26.571
6184.90612,1.61683941614946,9.614,31.2,29.127,27.736,27.789,26.355
6182.97756,1.61734373171492,9.682,31.332,29.179,27.879,27.847,26.372
6181.049,1.61784836198516,9.793,31.351,29.232,27.968,27.842,26.471
6179.12043,1.61835330987391,9.833,31.31,29.334,28.018,27.754,26.368
6177.19187,1.61885857043971,9.729,31.361,29.417,28.094,27.615,26.201
6175.2633,1.61936414921774,9.536,31.497,29.454,28.168,27.45,26.196
6173.33474,1.61987004126071,9.318,31.589,29.536,28.236,27.373,26.211
6171.40617,1.62037625211111,9.163,31.63,29.64,28.342,27.466,26.034
6169.47761,1.62088277681585,9.141,31.721,29.676,28.435,27.56,25.851
6167.54904,1.62138962092468,9.221,31.788,29.711,28.388,27.53,25.909
6165.62048,1.62189677947871,9.312,31.74,29.729,28.252,27.45,26.047
6163.69192,1.62240425540282,9.415,31.662,29.688,28.297,27.379,26.084
6161.76335,1.62291205162886,9.547,31.658,29.687,28.538,27.337,26.071
6159.83479,1.62342016318915,9.543,31.775,29.75,28.733,27.323,26.027
6157.90622,1.62392859565179,9.374,31.952,29.883,28.87,27.37,25.98
6155.97766,1.62443734404325,9.31,32.066,30.079,29.003,27.476,26.01
6154.04909,1.62494641393899,9.408,32.096,30.177,29.047,27.474,26.049
6152.12053,1.62545580035962,9.405,32.105,30.115,29.047,27.364,26.05
6150.19196,1.62596550888795,9.221,32.176,30.101,29.098,27.325,26.076
6148.2634,1.62647553453875,9.037,32.337,30.263,29.147,27.341,25.991
6146.33484,1.6269858802551,8.972,32.504,30.456,29.23,27.308,25.779
6144.40627,1.62749654898715,8.966,32.627,30.508,29.404,27.258,25.696
6142.47771,1.62800753574082,8.96,32.724,30.461,29.43,27.264,25.737
6140.54914,1.6285188461174,8.982,32.769,30.508,29.219,27.27,25.75
6138.62058,1.62903047511694,9.011,32.768,30.638,29.142,27.179,25.73
6136.69201,1.62954242834814,8.931,32.711,30.688,29.288,27.037,25.627
6134.76345,1.63005470080513,8.743,32.59,30.688,29.354,26.968,25.456
6132.83489,1.63056729544532,8.669,32.574,30.783,29.298,26.951,25.432
6130.90632,1.63108021523317,8.787,32.725,30.951,29.294,26.892,25.52
6128.97776,1.63159345515393,8.915,32.857,31.075,29.421,26.838,25.456
6127.04919,1.63210702083494,8.985,32.929,31.144,29.644,26.795,25.304
6125.12063,1.6326209072555,9.058,33.064,31.176,29.791,26.753,25.267
6123.19206,1.63313512005044,9.1,33.236,31.132,29.806,26.779,25.306
6121.2635,1.63364965419313,9.086,33.308,31.107,29.896,26.832,25.343
6119.33493,1.63416451532585,9.058,33.292,31.285,30.157,26.884,25.428
6117.40637,1.63467969841605,9.047,33.286,31.554,30.457,26.957,25.568
6115.47781,1.63519520643964,9.06,33.299,31.611,30.61,27.02,25.6
6113.54924,1.6357110423797,9.067,33.328,31.52,30.566,27.048,25.477
6111.62068,1.63622720119469,9.077,33.429,31.489,30.464,27.003,25.387
6109.69211,1.63674368854571,9.173,33.604,31.481,30.461,26.888,25.379
6107.76355,1.63726049938525,9.319,33.791,31.476,30.572,26.809,25.325
6105.83498,1.63777763938193,9.336,33.946,31.534,30.672,26.883,25.245
6103.90642,1.63829510348227,9.162,34.022,31.586,30.718,27.026,25.24
6101.97785,1.63881289736245,8.931,34.011,31.567,30.828,27.031,25.253
6100.04929,1.63933101596299,8.781,33.996,31.641,31.038,26.947,25.168
6098.12073,1.63984946227852,8.804,34.014,31.91,31.255,26.958,25.049
6096.19216,1.64036823931088,8.933,34.03,32.189,31.327,27.014,25.065
6094.2636,1.64088734199157,8.977,34.081,32.331,31.207,27.016,25.183
6092.33503,1.64140677601573,8.916,34.199,32.305,31.048,26.996,25.246
6090.40647,1.64192653630883,8.885,34.307,32.204,30.995,26.94,25.263
6088.4779,1.64244662857362,8.926,34.343,32.267,31.032,26.889,25.308
6086.54934,1.64296704772954,8.986,34.335,32.469,31.117,26.966,25.365
6084.62077,1.64348779948697,9.022,34.342,32.528,31.28,27.026,25.4
6082.69221,1.6440088787593,9.008,34.361,32.454,31.465,26.868,25.425
6080.76365,1.64453028856006,8.959,34.339,32.509,31.574,26.7,25.434
6078.83508,1.64505203191004,8.992,34.379,32.717,31.62,26.794,25.377
6076.90652,1.64557410371355,9.11,34.6,32.9,31.648,26.976,25.279
6074.97795,1.64609650970009,9.133,34.878,32.989,31.73,26.948,25.221
6073.04939,1.64661924476791,9.073,35.025,33.049,31.893,26.796,25.151
6071.12082,1.64714231465418,9.055,35.056,33.09,32.04,26.769,25.039
6069.19226,1.64766571425108,9.078,35.073,33.037,32.12,26.88,25.008
6067.26369,1.64818944930346,9.156,35.041,32.969,32.188,26.955,25.078
6065.33513,1.64871351469742,9.208,34.909,32.994,32.274,26.862,25.17
6063.40657,1.64923791346553,9.182,34.824,33.007,32.363,26.674,25.219
6061.478,1.64976264864774,9.217,34.905,32.984,32.457,26.551,25.209
6059.54944,1.65028771512095,9.318,35.034,33.085,32.515,26.538,25.186
6057.62087,1.65081311864934,9.405,35.101,33.315,32.523,26.558,25.134
6055.69231,1.6513388541037,9.5,35.129,33.484,32.582,26.553,24.98
6053.76374,1.65186492725598,9.475,35.16,33.51,32.621,26.597,24.803
6051.83518,1.65239133297084,9.276,35.235,33.467,32.496,26.753,24.748
6049.90661,1.65291807702797,9.135,35.3,33.468,32.401,26.937,24.785
6047.97805,1.6534451542859,9.174,35.291,33.57,32.562,27.036,24.853
6046.04949,1.6539725677965,9.292,35.316,33.739,32.786,27.014,24.98
6044.12092,1.654500320619,9.358,35.431,33.871,32.87,26.935,25.106
6042.19236,1.6550284076027,9.341,35.545,33.892,32.957,26.879,25.151
6040.26379,1.65555683454679,9.365,35.631,33.907,33.102,26.905,25.184
6038.33523,1.6560855962944,9.489,35.738,33.976,33.166,27.007,25.249
6036.40666,1.65661469865253,9.599,35.949,34.06,33.171,27.023,25.211
6034.4781,1.65714413645813,9.627,36.205,34.216,33.234,26.885,25.025
6032.54953,1.65767391552606,9.589,36.321,34.363,33.313,26.8,24.875
6030.62097,1.65820403068708,9.597,36.335,34.376,33.308,26.877,24.866
6028.69241,1.65873448501248,9.777,36.348,34.394,33.346,27.015,24.991
6026.76384,1.65926528158104,10.04,36.329,34.533,33.559,27.159,25.172
6024.83528,1.65979641521419,10.193,36.327,34.669,33.757,27.21,25.206
6022.90671,1.66032789174648,10.173,36.347,34.632,33.79,27.073,25.044
6020.97815,1.66085970599312,10.066,36.333,34.451,33.779,26.918,24.925
6019.04958,1.66139186379654,9.989,36.347,34.377,33.826,26.922,24.995
6017.12102,1.66192435996576,10.06,36.415,34.56,33.922,26.979,25.115
6015.19245,1.66245720035109,10.259,36.504,34.782,34.014,26.951,25.159
6013.26389,1.66299037975531,10.31,36.649,34.854,34.08,26.911,25.129
6011.33533,1.66352390126937,10.12,36.819,34.889,34.199,26.901,25.084
6009.40676,1.66405776799173,9.928,36.91,34.933,34.417,26.83,25.136
6007.4782,1.66459197471578,9.849,36.908,34.928,34.601,26.769,25.293
6005.54963,1.66512652731171,9.871,36.92,34.945,34.605,26.89,25.432
6003.62107,1.66566142056664,10.033,37.037,35.101,34.545,27.094,25.464
6001.6925,1.66619666035872,10.277,37.196,35.319,34.579,27.188,25.442
5999.76394,1.66673224146882,10.442,37.266,35.468,34.675,27.192,25.413
5997.83538,1.66726816700328,10.492,37.232,35.598,34.807,27.12,25.341
5995.90681,1.66780444007601,10.505,37.164,35.692,34.96,26.998,25.272
5993.97825,1.66834105545845,10.457,37.218,35.694,35.051,26.969,25.252
5992.04968,1.66887801904873,10.354,37.419,35.714,35.03,27.009,25.226
5990.12112,1.66941532561198,10.372,37.49,35.814,34.974,27.037,25.236
5988.19255,1.66995298105436,10.523,37.39,35.95,35.049,27.107,25.344
5986.26399,1.67049098013467,10.579,37.352,36.056,35.256,27.188,25.446
5984.33542,1.67102932876714,10.508,37.401,36.116,35.416,27.229,25.453
5982.40686,1.67156802170423,10.498,37.507,36.201,35.419,27.218,25.438
5980.4783,1.67210706207228,10.599,37.637,36.322,35.315,27.169,25.454
5978.54973,1.67264645300525,10.682,37.744,36.407,35.317,27.181,25.45
5976.62117,1.67318618924612,10.634,37.878,36.454,35.512,27.249,25.456
5974.6926,1.67372627672928,10.517,37.971,36.441,35.725,27.252,25.521
5972.76404,1.67426671019135,10.528,37.969,36.328,35.867,27.196,25.546
5970.83547,1.67480749557482,10.712,38.009,36.236,36.017,27.2,25.49
5968.90691,1.67534862760994,10.883,38.099,36.275,36.139,27.22,25.429
5966.97834,1.67589011224733,10.918,38.108,36.423,36.134,27.129,25.403
5965.04978,1.67643194421087,10.911,38.076,36.643,36.121,27.07,25.437
5963.12122,1.67697412664705,11.034,38.158,36.81,36.223,27.226,25.554
5961.19265,1.6775166627101,11.215,38.305,36.832,36.26,27.412,25.725
5959.26409,1.67805954711432,11.248,38.358,36.802,36.161,27.407,25.85
5957.33552,1.67860278583067,11.242,38.343,36.807,36.12,27.341,25.856
5955.40696,1.67914637356706,11.335,38.329,36.865,36.184,27.375,25.756
5953.47839,1.67969031630264,11.414,38.337,36.998,36.258,27.468,25.651
5951.54983,1.68023460873888,11.46,38.449,37.179,36.315,27.513,25.601
5949.62126,1.68077925686315,11.504,38.684,37.336,36.359,27.481,25.529
5947.6927,1.68132425537049,11.492,38.869,37.479,36.465,27.457,25.486
5945.76414,1.68186960742779,11.491,38.896,37.638,36.665,27.504,25.604
5943.83557,1.6824153162097,11.553,38.871,37.702,36.849,27.596,25.761
5941.90701,1.68296137640161,11.591,38.864,37.6,36.943,27.71,25.77
5939.97844,1.68350779401145,11.594,38.877,37.507,36.992,27.784,25.664
5938.04988,1.68405456371815,11.676,38.962,37.602,37.096,27.784,25.594
5936.12131,1.68460169153787,11.904,39.097,37.832,37.25,27.786,25.63
5934.19275,1.68514917214309,12.132,39.164,38.042,37.296,27.783,25.696
5932.26418,1.68569701155824,12.18,39.15,38.098,37.235,27.675,25.697
5930.33562,1.68624520444932,12.147,39.187,37.988,37.23,27.532,25.678
5928.40706,1.6867937540038,12.147,39.268,37.893,37.309,27.526,25.768
5926.47849,1.68734266341697,12.15,39.308,38.01,37.436,27.679,25.976
5924.54993,1.6878919273451,12.193,39.372,38.236,37.59,27.861,26.15
5922.62136,1.68844155183339,12.295,39.509,38.305,37.714,27.895,26.143
5920.6928,1.68899153153158,12.377,39.629,38.291,37.729,27.763,26.029
5918.76423,1.6895418724932,12.394,39.671,38.373,37.707,27.674,25.999
5916.83567,1.69009256936149,12.394,39.716,38.481,37.878,27.73,26.016
5914.9071,1.69064362819832,12.438,39.871,38.602,38.194,27.859,26.049
5912.97854,1.69119504364039,12.536,40.102,38.773,38.304,28.008,26.205
5911.04998,1.69174681889596,12.644,40.243,38.907,38.184,28.099,26.356
5909.12141,1.69229895718118,12.735,40.199,38.984,38.193,28.134,26.352
5907.19285,1.69285145312295,12.833,40.129,39.041,38.418,28.142,26.254
5905.26428,1.6934043128041,12.908,40.19,39.067,38.609,28.008,26.134
5903.33572,1.69395753084495,12.922,40.263,39.099,38.658,27.81,26.139
5901.40715,1.69451111333676,12.987,40.252,39.17,38.654,27.795,26.294
5899.47859,1.69506505489327,13.168,40.271,39.257,38.714,27.918,26.362
5897.55002,1.69561936161416,13.261,40.386,39.348,38.852,27.987,26.259
5895.62146,1.69617402810661,13.247,40.533,39.43,38.976,28.039,26.141
5893.6929,1.69672905759986,13.355,40.673,39.504,38.987,28.164,26.147
5891.76433,1.69728445333115,13.503,40.786,39.592,38.862,28.273,26.282
5889.83577,1.69784020989774,13.491,40.854,39.694,38.756,28.337,26.448
5887.9072,1.69839633342047,13.439,40.886,39.771,38.851,28.425,26.518
5885.97864,1.69895281849001,13.539,40.891,39.799,39.053,28.432,26.48
5884.05007,1.69950967123568,13.761,40.907,39.841,39.142,28.296,26.468
5882.12151,1.70006688624153,13.929,40.978,39.945,39.122,28.227,26.591
5880.19294,1.70062446964538,13.972,41.098,40.071,39.192,28.367,26.795
5878.26438,1.70118241602464,13.976,41.223,40.201,39.392,28.547,26.908
5876.33582,1.70174072862977,14.006,41.359,40.315,39.567,28.569,26.836
5874.40725,1.70229941071927,14.072,41.489,40.346,39.648,28.421,26.715
5872.47869,1.70285845686057,14.173,41.536,40.283,39.659,28.21,26.696
5870.55012,1.70341787321288,14.277,41.527,40.271,39.622,28.09,26.783
5868.62156,1.70397765433694,14.352,41.553,40.338,39.617,28.136,26.942
5866.69299,1.70453780640054,14.394,41.631,40.358,39.727,28.268,27.065
5864.76443,1.70509832395775,14.411,41.727,40.432,39.905,28.38,27.041
5862.83587,1.70565921027566,14.405,41.788,40.627,39.984,28.468,26.948
5860.9073,1.70622046862949,14.401,41.814,40.759,39.91,28.549,26.933
5858.97874,1.70678209356329,14.454,41.842,40.803,39.844,28.651,27.021
5857.05017,1.70734409126634,14.577,41.908,40.878,39.921,28.818,27.125
5855.12161,1.70790645627598,14.741,41.982,41.021,40.166,28.942,27.193
5853.19304,1.70846919479013,14.904,41.991,41.171,40.464,28.868,27.228
5851.26448,1.70903230133942,15.033,41.975,41.215,40.599,28.698,27.194
5849.33591,1.70959578213042,15.134,42.058,41.222,40.627,28.668,27.132
5847.40735,1.71015963168702,15.202,42.189,41.349,40.706,28.803,27.113
5845.47879,1.71072385329791,15.223,42.199,41.468,40.733,28.9,27.102
5843.55022,1.71128845025995,15.201,42.175,41.472,40.665,28.835,27.106
5841.62166,1.71185341708693,15.228,42.309,41.535,40.648,28.714,27.205
5839.69309,1.71241876000713,15.405,42.522,41.66,40.733,28.667,27.313
5837.76453,1.71298447352758,15.587,42.678,41.687,40.854,28.686,27.323
5835.83596,1.71355056388528,15.633,42.841,41.708,40.998,28.734,27.34
5833.9074,1.71411702558049,15.662,43.038,41.865,41.179,28.895,27.447
5831.97883,1.71468386485895,15.788,43.141,42.1,41.368,29.148,27.588
5830.05027,1.71525107621413,15.927,43.136,42.318,41.498,29.256,27.677
5828.12171,1.71581866295651,15.955,43.12,42.455,41.486,29.18,27.655
5826.19314,1.71638662840484,15.918,43.125,42.453,41.374,29.122,27.599
5824.26458,1.71695496704238,15.946,43.201,42.373,41.379,29.208,27.576
5822.33601,1.71752368513682,16.079,43.321,42.411,41.541,29.369,27.555
5820.40745,1.7180927771646,16.296,43.377,42.627,41.692,29.397,27.623
5818.47888,1.7186622494022,16.538,43.349,42.785,41.769,29.241,27.794
5816.55032,1.71923209631925,16.71,43.246,42.795,41.794,29.147,27.896
5814.62175,1.71980232420105,16.752,43.155,42.858,41.827,29.255,27.919
5812.69319,1.72037292751039,16.71,43.194,42.975,41.929,29.337,27.935
5810.76463,1.72094390957976,16.745,43.4,42.994,41.996,29.274,27.879
5808.83606,1.72151527375004,16.887,43.666,42.988,41.985,29.287,27.835
5806.9075,1.72208701447371,16.99,43.802,43.044,42.035,29.45,27.969
5804.97893,1.72265913805823,17.029,43.787,43.085,42.143,29.576,28.133
5803.05037,1.72323163894922,17.085,43.738,43.117,42.221,29.604,28.125
5801.1218,1.72380452346303,17.183,43.742,43.155,42.252,29.63,28.044
5799.19324,1.72437778603839,17.27,43.839,43.154,42.271,29.671,28.035
5797.26467,1.72495143300056,17.356,43.987,43.244,42.395,29.623,28.117
5795.33611,1.72552545878137,17.521,44.141,43.472,42.638,29.529,28.288
5793.40755,1.7260998667356,17.69,44.301,43.644,42.794,29.553,28.456
5791.47898,1.72667466022643,17.763,44.465,43.723,42.794,29.654,28.544
5789.55042,1.72724983367534,17.798,44.6,43.792,42.798,29.741,28.593
5787.62185,1.72782539342995,17.87,44.641,43.828,42.884,29.855,28.571
5785.69329,1.72840133390479,17.982,44.621,43.841,42.956,29.935,28.444
5783.76472,1.72897766145646,18.106,44.648,43.92,42.998,29.91,28.323
5781.83616,1.72955437049257,18.243,44.686,44.055,43.108,29.878,28.283
5779.90759,1.7301314673787,18.386,44.67,44.198,43.265,29.896,28.312
5777.97903,1.73070894651551,18.497,44.694,44.359,43.347,29.93,28.365
5776.05047,1.73128681128023,18.562,44.794,44.507,43.322,29.991,28.38
5774.1219,1.73186506505864,18.642,44.912,44.619,43.309,30.1,28.401
5772.19334,1.73244370224092,18.737,45.056,44.711,43.403,30.143,28.515
5770.26477,1.73302272921525,18.749,45.229,44.74,43.549,30.015,28.642
5768.33621,1.73360214036484,18.75,45.387,44.744,43.722,29.915,28.697
5766.40764,1.73418194208691,18.852,45.458,44.819,43.922,30.049,28.765
5764.47908,1.7347621287577,19.046,45.438,44.954,44.042,30.278,28.918
5762.55051,1.73534270678349,19.295,45.382,45.11,43.983,30.352,29.107
5760.62195,1.73592367053353,19.455,45.328,45.234,43.865,30.269,29.244
5758.69339,1.73650502340775,19.441,45.398,45.295,43.898,30.211,29.273
5756.76482,1.73708676881471,19.412,45.596,45.35,44.047,30.214,29.207
5754.83626,1.7376689011131,19.52,45.719,45.417,44.179,30.231,29.166
5752.90769,1.738251426732,19.673,45.739,45.485,44.294,30.292,29.271
5750.97913,1.73883434002307,19.783,45.806,45.569,44.393,30.413,29.428
5749.05056,1.73941764742455,19.955,45.983,45.655,44.469,30.557,29.475
5747.122,1.74000134328104,20.182,46.167,45.667,44.528,30.613,29.427
5745.19343,1.74058543403995,20.284,46.26,45.613,44.582,30.54,29.384
5743.26487,1.74116991403881,20.242,46.29,45.639,44.676,30.438,29.381
5741.33631,1.74175478670052,20.271,46.272,45.757,44.834,30.394,29.373
5739.40774,1.74234005545666,20.45,46.255,45.846,44.998,30.412,29.336
5737.47918,1.74292571463414,20.57,46.33,45.954,45.092,30.515,29.37
5735.55061,1.74351177070339,20.581,46.485,46.147,45.103,30.707,29.55
5733.62205,1.74409821798422,20.635,46.609,46.275,45.074,30.793,29.739
5731.69348,1.7446850629563,20.724,46.625,46.302,45.136,30.683,29.769
5729.76492,1.74527229993233,20.792,46.628,46.383,45.31,30.637,29.729
5727.83635,1.74585993540126,20.899,46.699,46.524,45.404,30.791,29.799
5725.90779,1.74644796366866,21.079,46.759,46.637,45.388,31,29.97
5723.97923,1.74703638818061,21.209,46.788,46.732,45.375,31.092,30.081
5722.05066,1.74762521239195,21.162,46.796,46.805,45.392,31.048,29.995
5720.1221,1.74821443059756,21.115,46.766,46.83,45.455,31.029,29.827
5718.19353,1.74880404930961,21.295,46.799,46.858,45.528,31.129,29.795
5716.26497,1.74939406281581,21.59,47.005,46.933,45.548,31.242,29.867
5714.3364,1.74998447763768,21.837,47.296,47.023,45.621,31.27,29.925
5712.40784,1.75057528805576,22.016,47.521,47.148,45.816,31.208,29.998
5710.47928,1.75116649753434,22.101,47.644,47.346,45.95,31.128,30.124
5708.55071,1.75175810954651,22.123,47.679,47.495,45.973,31.134,30.245
5706.62215,1.75235011836205,22.177,47.674,47.511,46.043,31.251,30.329
5704.69358,1.75294253052589,22.275,47.724,47.47,46.17,31.399,30.384
5702.76502,1.75353534030059,22.369,47.837,47.462,46.297,31.403,30.362
5700.83645,1.75412855424049,22.435,47.934,47.535,46.437,31.254,30.27
5698.90789,1.75472216660094,22.502,47.972,47.651,46.565,31.198,30.271
5696.97932,1.75531618394571,22.621,48.015,47.737,46.664,31.324,30.398
5695.05076,1.7559106005229,22.813,48.114,47.817,46.751,31.475,30.507
5693.1222,1.75650541982043,23.055,48.211,47.938,46.805,31.526,30.581
5691.19363,1.7571006453351,23.231,48.27,48.076,46.831,31.479,30.625
5689.26507,1.75769627130416,23.27,48.34,48.161,46.882,31.425,30.567
5687.3365,1.75829230431503,23.299,48.429,48.182,46.952,31.486,30.48
5685.40794,1.75888873859771,23.377,48.458,48.202,47.019,31.64,30.433
5683.47937,1.7594855807491,23.452,48.46,48.285,47.134,31.698,30.417
5681.55081,1.76008282499193,23.55,48.541,48.44,47.311,31.611,30.464
5679.62224,1.76068047793263,23.642,48.63,48.592,47.443,31.496,30.542
5677.69368,1.76127853378663,23.704,48.63,48.682,47.448,31.435,30.602
5675.76512,1.76187699606569,23.791,48.602,48.774,47.374,31.499,30.667
5673.83655,1.76247586829057,23.866,48.626,48.897,47.312,31.651,30.707
5671.90799,1.76307514466574,23.945,48.727,48.99,47.363,31.752,30.676
5669.97942,1.76367483182152,24.098,48.871,49.063,47.534,31.832,30.659
5668.05086,1.76427492395508,24.265,49.012,49.184,47.724,31.972,30.761
5666.12229,1.76487542770631,24.43,49.136,49.293,47.885,32.071,30.929
5664.19373,1.76547633726504,24.616,49.261,49.285,48.007,32.047,31.083
5662.26516,1.7660776592808,24.742,49.403,49.231,48.079,31.957,31.196
5660.3366,1.76667938793605,24.809,49.544,49.317,48.124,31.909,31.255
5658.40804,1.76728152676667,24.896,49.668,49.562,48.186,31.984,31.286
5656.47947,1.76788407931763,25.051,49.778,49.797,48.277,32.117,31.326
5654.55091,1.76848703976033,25.234,49.839,49.89,48.291,32.213,31.324
5652.62234,1.76909041476845,25.33,49.848,49.875,48.176,32.291,31.251
5650.69378,1.76969419850601,25.36,49.887,49.903,48.137,32.372,31.19
5648.76521,1.77029839765636,25.477,49.962,50.002,48.316,32.385,31.18
5646.83665,1.77090300637615,25.676,50.024,50.052,48.513,32.3,31.225
5644.90808,1.77150803135841,25.822,50.088,50.082,48.553,32.232,31.342
5642.97952,1.7721134667524,25.902,50.15,50.246,48.567,32.296,31.488
5641.05096,1.77271931611836,25.966,50.209,50.52,48.68,32.477,31.643
5639.12239,1.7733255830257,26.004,50.286,50.676,48.84,32.647,31.781
5637.19383,1.77393226161251,26.097,50.333,50.633,48.992,32.686,31.826
5635.26526,1.77453935859623,26.319,50.381,50.578,49.147,32.677,31.785
5633.3367,1.77514686810749,26.536,50.513,50.616,49.288,32.729,31.731
5631.40813,1.77575479687351,26.647,50.641,50.669,49.377,32.746,31.695
5629.47957,1.77636313901748,26.757,50.678,50.69,49.462,32.702,31.648
5627.551,1.77697190127642,26.886,50.701,50.742,49.571,32.715,31.609
5625.62244,1.77758107776604,26.919,50.775,50.843,49.633,32.749,31.661
5623.69388,1.77819067207122,26.891,50.898,50.922,49.593,32.738,31.773
5621.76531,1.77880068778609,26.95,51.075,51.006,49.503,32.774,31.883
5619.83675,1.77941111901516,27.102,51.293,51.191,49.538,32.873,32.018
5617.90818,1.78002197252003,27.248,51.426,51.387,49.726,32.935,32.17
5615.97962,1.7806332423977,27.345,51.392,51.448,49.869,32.928,32.274
5614.05105,1.78124493541967,27.432,51.345,51.43,49.874,32.918,32.309
5612.12249,1.78185704567542,27.549,51.404,51.48,49.825,32.941,32.273
5610.19392,1.78246957994636,27.668,51.518,51.619,49.843,32.959,32.229
5608.26536,1.78308253231441,27.735,51.627,51.764,50.007,33.014,32.288
5606.3368,1.78369590638936,27.794,51.667,51.856,50.251,33.121,32.371
5604.40823,1.78430970579029,27.905,51.669,51.876,50.442,33.197,32.339
5602.47967,1.78492392458784,28.06,51.749,51.876,50.55,33.272,32.279
5600.5511,1.78553856958827,28.295,51.914,51.971,50.616,33.395,32.329
5598.62254,1.78615363485462,28.576,52.038,52.137,50.647,33.503,32.447
5596.69397,1.78676912720314,28.746,52.062,52.277,50.696,33.52,32.546
5594.76541,1.78738504068931,28.78,52.06,52.41,50.789,33.429,32.615
5592.83684,1.78800138213937,28.809,52.097,52.552,50.855,33.356,32.673
5590.90828,1.7886181456012,28.923,52.198,52.624,50.925,33.422,32.735
5588.97972,1.78923533470971,29.082,52.316,52.58,51.047,33.533,32.803
5587.05115,1.78985295310926,29.204,52.388,52.543,51.134,33.569,32.869
5585.12259,1.7904709948363,29.292,52.49,52.634,51.175,33.573,32.941
5583.19402,1.79108946674219,29.356,52.643,52.789,51.217,33.601,32.956
5581.26546,1.79170836285576,29.388,52.745,52.92,51.276,33.664,32.916
5579.33689,1.79232769003845,29.471,52.785,53.024,51.411,33.756,32.963
5577.40833,1.79294744231144,29.607,52.783,53.074,51.582,33.803,33.086
5575.47977,1.79356762332939,29.691,52.723,53.045,51.666,33.788,33.137
5573.5512,1.79418823675649,29.784,52.681,53.014,51.658,33.804,33.101
5571.62264,1.79480927660241,30.009,52.767,53.063,51.653,33.834,33.071
5569.69407,1.79543074975391,30.264,52.951,53.183,51.694,33.802,33.068
5567.76551,1.79605265021299,30.382,53.117,53.328,51.757,33.781,33.048
5565.83694,1.79667498487658,30.405,53.227,53.458,51.853,33.841,33.05
5563.90838,1.79729774773897,30.483,53.298,53.588,52.015,33.918,33.12
5561.97981,1.79792094570728,30.608,53.345,53.741,52.195,34.007,33.23
5560.05125,1.7985445727681,30.694,53.385,53.863,52.332,34.157,33.345
5558.12269,1.79916863260174,30.777,53.435,53.917,52.416,34.28,33.397
5556.19412,1.7997931288981,30.925,53.502,53.948,52.443,34.26,33.357
5554.26556,1.80041805563218,31.085,53.583,53.986,52.464,34.158,33.376
5552.33699,1.80104341973667,31.174,53.652,54.031,52.532,34.106,33.498
5550.40843,1.80166921517882,31.219,53.701,54.066,52.587,34.123,33.568
5548.47986,1.80229544890157,31.326,53.816,54.06,52.605,34.185,33.589
5546.5513,1.80292211486442,31.498,54.031,54.041,52.698,34.295,33.67
5544.62273,1.8035492200206,31.68,54.173,54.083,52.874,34.381,33.766
5542.69417,1.80417675832185,31.859,54.106,54.183,52.989,34.389,33.779
5540.76561,1.80480473347437,31.959,54.004,54.297,53.009,34.436,33.751
5538.83704,1.80543314919408,31.983,54.087,54.447,53.074,34.59,33.797
5536.90848,1.80606199942102,32.089,54.251,54.654,53.232,34.741,33.915
5534.97991,1.80669129113424,32.307,54.305,54.813,53.382,34.837,34.024
5533.05135,1.80732101826599,32.472,54.278,54.871,53.457,34.869,34.048
5531.12278,1.80795118780567,32.497,54.283,54.938,53.493,34.825,34.016
5529.19422,1.80858179367771,32.472,54.345,55.076,53.57,34.816,34.014
5527.26565,1.80921284288191,32.498,54.411,55.217,53.693,34.861,34.018
5525.33709,1.80984432933485,32.599,54.475,55.273,53.777,34.873,34.018
5523.40853,1.81047625676893,32.728,54.605,55.241,53.785,34.873,34.085
5521.47996,1.81110862892637,32.806,54.798,55.237,53.819,34.9,34.204
5519.5514,1.81174143971193,32.842,54.959,55.297,53.941,34.927,34.278
5517.62283,1.81237469615153,32.913,55.047,55.344,54.062,34.945,34.296
5515.69427,1.81300839214208,33.042,55.107,55.43,54.124,34.995,34.328
5513.7657,1.81364253471997,33.223,55.181,55.569,54.177,35.104,34.384
5511.83714,1.8142771177742,33.444,55.276,55.652,54.241,35.241,34.419
5509.90857,1.81491214835167,33.644,55.386,55.675,54.266,35.368,34.431
5507.98001,1.8155476203335,33.739,55.477,55.683,54.27,35.474,34.44
5506.05145,1.81618353747857,33.737,55.52,55.722,54.392,35.558,34.513
5504.12288,1.81681990355564,33.77,55.541,55.849,54.652,35.591,34.661
5502.19432,1.81745671243396,33.92,55.578,55.985,54.878,35.534,34.751
5500.26575,1.81809397118676,34.088,55.662,56.019,54.959,35.425,34.74
5498.33719,1.81873167367533,34.177,55.781,56.029,54.971,35.373,34.741
5496.40862,1.8193698269835,34.256,55.86,56.099,55.024,35.415,34.781
5494.48006,1.8200084249646,34.363,55.88,56.197,55.123,35.483,34.831
5492.55149,1.82064747471307,34.451,55.872,56.305,55.249,35.502,34.923
5490.62293,1.82128697007427,34.548,55.856,56.396,55.348,35.505,35.01
5488.69437,1.82192691483385,34.684,55.906,56.441,55.339,35.601,34.978
5486.7658,1.82256731278744,34.801,56.065,56.503,55.285,35.737,34.887
5484.83724,1.82320815776842,34.925,56.238,56.64,55.356,35.793,34.914
5482.90867,1.82384945689785,35.114,56.353,56.793,55.528,35.828,35.05
5480.98011,1.8244912040011,35.304,56.449,56.875,55.625,35.907,35.194
5479.05154,1.82513340620994,35.449,56.541,56.889,55.639,36.028,35.314
5477.12298,1.8257760573417,35.571,56.603,56.916,55.681,36.157,35.396
5475.19441,1.82641916453885,35.666,56.674,57.048,55.763,36.209,35.413
5473.26585,1.82706272161072,35.776,56.808,57.241,55.859,36.205,35.4
5471.33729,1.82770673236999,35.945,56.94,57.332,55.953,36.243,35.445
5469.40872,1.82835120063947,36.089,56.947,57.3,56.033,36.291,35.527
5467.48016,1.82899612021637,36.156,56.831,57.274,56.126,36.322,35.576
5465.55159,1.82964149827008,36.205,56.751,57.338,56.235,36.419,35.625
5463.62303,1.83028732858973,36.283,56.823,57.479,56.323,36.598,35.711
5461.69446,1.8309336183555,36.418,57.03,57.643,56.381,36.711,35.791
5459.7659,1.83158036134846,36.562,57.194,57.725,56.418,36.654,35.832
5457.83733,1.83222756475961,36.634,57.173,57.682,56.474,36.544,35.85
5455.90877,1.8328752223619,36.667,57.13,57.648,56.575,36.536,35.866
5453.98021,1.83352333799539,36.719,57.271,57.758,56.699,36.661,35.929
5452.05164,1.83417191551032,36.817,57.521,57.964,56.806,36.846,36.054
5450.12308,1.83482094866746,36.985,57.651,58.113,56.855,36.963,36.143
5448.19451,1.83547044468499,37.154,57.578,58.116,56.848,36.96,36.177
5446.26595,1.83612039731552,37.277,57.495,58.052,56.864,36.915,36.253
5444.33738,1.83677081378818,37.449,57.576,58.094,56.949,36.935,36.362
5442.40882,1.8374216878474,37.644,57.756,58.274,57.048,37.035,36.431
5440.48026,1.83807302335474,37.705,57.907,58.404,57.13,37.088,36.416
5438.55169,1.83872482418201,37.715,57.982,58.37,57.224,37.069,36.37
5436.62313,1.83937708406137,37.823,58.035,58.323,57.341,37.099,36.403
5434.69456,1.84002981024936,37.938,58.114,58.378,57.435,37.192,36.486
5432.766,1.84068299646994,37.983,58.171,58.466,57.472,37.256,36.53
5430.83743,1.84133664999064,38.055,58.19,58.558,57.497,37.236,36.582
5428.90887,1.84199076452724,38.146,58.233,58.73,57.572,37.201,36.67
5426.9803,1.84264534735827,38.233,58.318,58.921,57.736,37.257,36.755
5425.05174,1.84330039219128,38.377,58.388,59.013,57.923,37.4,36.829
5423.12318,1.84395590291571,38.534,58.401,59.042,58,37.564,36.91
5421.19461,1.84461188343135,38.708,58.364,59.064,58.001,37.696,37.015
5419.26605,1.84526832743338,38.953,58.347,59.102,58.09,37.78,37.111
5417.33748,1.84592524222803,39.176,58.436,59.201,58.245,37.822,37.181
5415.40892,1.8465826215022,39.28,58.573,59.303,58.318,37.853,37.253
5413.48035,1.84724047257325,39.333,58.604,59.307,58.293,37.925,37.283
5411.55179,1.84789878911978,39.424,58.583,59.268,58.296,38.066,37.242
5409.62322,1.84855757847032,39.521,58.696,59.276,58.406,38.205,37.228
5407.69466,1.84921683429515,39.586,58.883,59.341,58.563,38.25,37.281
5405.7661,1.84987656051193,39.602,58.995,59.434,58.673,38.25,37.324
5403.83753,1.85053676104877,39.617,59.063,59.517,58.739,38.276,37.36
5401.90897,1.8511974295635,39.719,59.152,59.615,58.805,38.309,37.478
5399.9804,1.8518585734126,39.885,59.266,59.754,58.896,38.339,37.632
5398.05184,1.85252018624556,40.061,59.423,59.879,59.003,38.36,37.713
5396.12327,1.85318227543012,40.209,59.545,59.953,59.07,38.382,37.716
5394.19471,1.85384483460739,40.277,59.506,60.019,59.083,38.419,37.703
5392.26614,1.85450787115637,40.327,59.425,60.08,59.118,38.449,37.756
5390.33758,1.85517137870983,40.449,59.472,60.109,59.207,38.496,37.872
5388.40902,1.85583536121391,40.616,59.63,60.16,59.333,38.595,37.987
5386.48045,1.85649982262537,40.758,59.817,60.262,59.484,38.719,38.102
5384.55189,1.85716475656436,40.833,59.903,60.329,59.612,38.834,38.173
5382.62332,1.85783017043816,40.85,59.886,60.314,59.661,38.942,38.141
5380.69476,1.85849605785852,40.877,59.92,60.299,59.62,39.034,38.113
5378.76619,1.85916242624408,40.991,60.035,60.359,59.567,39.119,38.166
5376.83763,1.85982926919815,41.176,60.139,60.478,59.644,39.173,38.254
5374.90906,1.86049659415075,41.295,60.142,60.56,59.813,39.148,38.375
5372.9805,1.86116439469676,41.346,60.093,60.61,59.944,39.126,38.515
5371.05194,1.86183267481118,41.439,60.12,60.697,60.077,39.194,38.596
5369.12337,1.86250143847971,41.576,60.226,60.791,60.23,39.302,38.631
5367.19481,1.86317067928451,41.73,60.311,60.818,60.327,39.37,38.685
5365.26624,1.86384040468419,41.879,60.352,60.796,60.354,39.382,38.741
5363.33768,1.86451060825243,41.979,60.39,60.77,60.33,39.376,38.751
5361.40911,1.86518129745932,42.039,60.436,60.78,60.274,39.423,38.753
5359.48055,1.86585246587004,42.068,60.485,60.827,60.266,39.511,38.792
5357.55198,1.86652412096616,42.064,60.553,60.84,60.312,39.566,38.818
5355.62342,1.86719625630437,42.123,60.661,60.879,60.366,39.608,38.842
5353.69486,1.86786887588883,42.318,60.799,61.069,60.494,39.668,38.939
5351.76629,1.8685419837345,42.526,60.904,61.275,60.678,39.705,39.045
5349.83773,1.86921557338525,42.649,60.917,61.327,60.78,39.721,39.09
5347.90916,1.86988965235154,42.719,60.869,61.289,60.757,39.753,39.116
5345.9806,1.87056421416868,42.807,60.914,61.354,60.718,39.884,39.171
5344.05203,1.87123926635872,42.985,61.106,61.573,60.849,40.132,39.306
5342.12347,1.8719148024484,43.188,61.242,61.718,61.069,40.322,39.49
5340.1949,1.87259082997139,43.332,61.216,61.724,61.197,40.391,39.613
5338.26634,1.87326734244586,43.44,61.143,61.762,61.252,40.417,39.63
5336.33778,1.87394434390546,43.514,61.197,61.846,61.246,40.425,39.608
5334.40921,1.87462183839473,43.538,61.335,61.854,61.208,40.429,39.635
5332.48065,1.87529981941894,43.585,61.456,61.879,61.276,40.487,39.743
5330.55208,1.87597829454093,43.737,61.601,62.01,61.458,40.613,39.87
5328.62352,1.87665725725731,43.92,61.766,62.144,61.614,40.74,39.899
5326.69495,1.87733671514266,43.985,61.848,62.215,61.691,40.793,39.883
5324.76639,1.87801666168495,43.968,61.858,62.245,61.741,40.8,39.958
5322.83782,1.87869710447049,44.044,61.885,62.264,61.804,40.855,40.073
5320.90926,1.87937803697859,44.222,61.923,62.304,61.853,40.927,40.144
5318.9807,1.88005946327273,44.368,61.946,62.387,61.873,40.924,40.209
5317.05213,1.8807413874274,44.459,61.987,62.504,61.903,40.907,40.282
5315.12357,1.88142380290888,44.582,62.057,62.606,61.966,41.01,40.343
5313.195,1.88210671733298,44.738,62.181,62.673,62.087,41.184,40.423
5311.26644,1.88279012415728,44.843,62.328,62.71,62.225,41.283,40.505
5309.33787,1.88347403100945,44.921,62.392,62.725,62.271,41.287,40.565
5307.40931,1.88415843133832,45.026,62.438,62.762,62.259,41.284,40.645
5305.48074,1.88484333278345,45.098,62.539,62.813,62.323,41.33,40.741
5303.55218,1.88552872878494,45.107,62.603,62.8,62.461,41.412,40.787
5301.62362,1.88621462343643,45.154,62.629,62.8,62.606,41.521,40.77
5299.69505,1.8869010208427,45.278,62.69,62.942,62.701,41.656,40.772
5297.76649,1.88758791443071,45.38,62.754,63.104,62.709,41.76,40.842
5295.83792,1.88827531186982,45.452,62.747,63.181,62.702,41.793,40.965
5293.90936,1.88896320657821,45.558,62.732,63.252,62.756,41.795,41.093
5291.98079,1.88965160623722,45.685,62.87,63.314,62.831,41.838,41.18
5290.05223,1.89034050425623,45.788,63.079,63.355,62.876,41.923,41.265
5288.12367,1.89102990475259,45.852,63.104,63.422,62.879,41.969,41.348
5286.1951,1.89171981185484,45.948,63.015,63.494,62.878,41.974,41.355
5284.26654,1.89241021895917,46.109,63.017,63.561,62.917,42.012,41.355
5282.33797,1.89310113377694,46.268,63.101,63.682,62.991,42.142,41.459
5280.40941,1.8937925496955,46.369,63.233,63.823,63.065,42.307,41.591
5278.48084,1.89448447443829,46.409,63.393,63.842,63.091,42.364,41.643
5276.55228,1.8951769013838,46.443,63.477,63.759,63.101,42.35,41.659
5274.62371,1.89586983826757,46.507,63.483,63.735,63.196,42.398,41.691
5272.69515,1.89656327845922,46.609,63.483,63.826,63.386,42.503,41.764
5270.76659,1.89725722610684,46.767,63.504,63.954,63.561,42.601,41.893
5268.83802,1.8979516853699,46.898,63.489,64.001,63.594,42.657,41.997
5266.90946,1.89864664960464,46.949,63.432,63.977,63.545,42.701,42.057
5264.98089,1.89934212657703,47.018,63.484,63.955,63.583,42.775,42.146
5263.05233,1.90003810963438,47.135,63.682,63.968,63.668,42.847,42.232
5261.12376,1.90073460655486,47.266,63.853,64.064,63.702,42.882,42.252
5259.1952,1.90143161067686,47.445,63.935,64.179,63.738,42.938,42.285
5257.26663,1.90212912979078,47.632,63.982,64.246,63.83,43.036,42.407
5255.33807,1.90282715722606,47.737,64.049,64.348,63.991,43.1,42.573
5253.40951,1.90352569716196,47.792,64.18,64.509,64.138,43.132,42.687
5251.48094,1.90422475378917,47.859,64.304,64.613,64.169,43.216,42.751
5249.55238,1.90492432042368,47.901,64.315,64.657,64.14,43.348,42.832
5247.62381,1.9056244048866,47.89,64.262,64.685,64.112,43.463,42.903
5245.69525,1.90632500048492,47.927,64.286,64.69,64.093,43.526,42.903
5243.76668,1.90702611505209,48.087,64.395,64.709,64.127,43.551,42.892
5241.83812,1.90772774188609,48.284,64.495,64.756,64.24,43.564,42.945
5239.90955,1.90842988883272,48.425,64.528,64.804,64.394,43.598,43.044
5237.98099,1.90913254918094,48.478,64.53,64.864,64.497,43.641,43.115
5236.05243,1.90983572714149,48.498,64.558,64.962,64.492,43.669,43.129
5234.12386,1.91053942693668,48.554,64.605,65.07,64.493,43.737,43.173
5232.1953,1.91124364184189,48.615,64.667,65.134,64.59,43.868,43.287
5230.26673,1.91194837973397,48.66,64.776,65.167,64.694,43.968,43.378
5228.33817,1.91265363387923,48.721,64.863,65.155,64.724,43.99,43.412
5226.4096,1.91335941216701,48.848,64.849,65.068,64.741,44.018,43.484
5224.48104,1.9140657078545,49.003,64.831,65.057,64.849,44.124,43.638
5222.55247,1.91477252884355,49.098,64.911,65.202,65.01,44.23,43.771
5220.62391,1.91547986838225,49.188,65.028,65.344,65.12,44.28,43.824
5218.69535,1.91618773071319,49.321,65.121,65.425,65.168,44.293,43.877
5216.76678,1.91689612009069,49.454,65.212,65.532,65.229,44.306,44.005
5214.83822,1.91760502974913,49.542,65.296,65.638,65.333,44.369,44.101
5212.90965,1.91831446762174,49.564,65.288,65.638,65.382,44.476,44.092
5210.98109,1.91902442693378,49.59,65.215,65.589,65.348,44.588,44.104
5209.05252,1.91973491563107,49.736,65.218,65.63,65.358,44.721,44.209
5207.12396,1.92044592692969,49.959,65.335,65.785,65.451,44.883,44.325
5205.19539,1.92115746878812,50.089,65.475,65.925,65.516,45.014,44.425
5203.26683,1.92186953441325,50.127,65.626,65.982,65.54,45.087,44.549
5201.33827,1.9225821280799,50.194,65.83,66.027,65.617,45.133,44.662
5199.4097,1.92329525407471,50.31,65.983,66.084,65.72,45.185,44.716
5197.48114,1.92400890559076,50.375,65.966,66.114,65.762,45.242,44.744
5195.55257,1.92472309061825,50.374,65.884,66.152,65.798,45.296,44.794
5193.62401,1.92543780234103,50.468,65.89,66.258,65.91,45.365,44.863
5191.69544,1.92615304876204,50.668,65.99,66.403,66.082,45.435,44.951
5189.76688,1.92686882305588,50.797,66.09,66.491,66.227,45.467,45.063
5187.83831,1.92758513323828,50.835,66.123,66.478,66.274,45.5,45.198
5185.90975,1.92830197247455,50.877,66.133,66.423,66.262,45.573,45.337
5183.98119,1.92901934507212,50.947,66.152,66.388,66.241,45.644,45.424
5182.05262,1.92973725535037,51.026,66.172,66.407,66.232,45.717,45.436
5180.12406,1.93045569646068,51.073,66.222,66.502,66.244,45.82,45.446
5178.19549,1.93117467645085,51.134,66.319,66.647,66.287,45.907,45.527
5176.26693,1.93189418846296,51.29,66.444,66.758,66.384,45.939,45.642
5174.33836,1.93261424055771,51.462,66.548,66.813,66.518,45.96,45.716
5172.4098,1.93333482586782,51.54,66.58,66.868,66.638,46.022,45.774
5170.48123,1.93405595246692,51.537,66.571,66.928,66.706,46.104,45.857
5168.55267,1.9347776134784,51.531,66.594,66.984,66.723,46.186,45.954
5166.62411,1.93549981324266,51.601,66.645,67.036,66.706,46.279,46.042
5164.69554,1.93622255611219,51.765,66.691,67.09,66.694,46.369,46.092
5162.76698,1.9369458351963,51.99,66.791,67.193,66.757,46.433,46.142
5160.83841,1.93766965860107,52.236,66.956,67.303,66.883,46.494,46.261
5158.90985,1.93839401942641,52.404,67.069,67.344,66.985,46.574,46.4
5156.98128,1.93911892579141,52.423,67.082,67.343,67.049,46.672,46.489
5155.05272,1.93984437078657,52.376,67.091,67.325,67.116,46.77,46.575
5153.12416,1.94057035877824,52.386,67.133,67.318,67.195,46.805,46.68
5151.19559,1.94129689414492,52.496,67.153,67.401,67.239,46.797,46.76
5149.26703,1.94202396996296,52.64,67.164,67.564,67.217,46.862,46.817
5147.33846,1.94275159438418,52.727,67.226,67.676,67.185,46.992,46.872
5145.4099,1.94347976047545,52.781,67.32,67.691,67.209,47.104,46.922
5143.48133,1.94420847640172,52.853,67.392,67.687,67.278,47.195,46.958
5141.55277,1.94493773522041,52.943,67.466,67.717,67.38,47.25,47.033
5139.6242,1.94566754510962,53.039,67.581,67.789,67.515,47.258,47.158
5137.69564,1.94639789911728,53.153,67.661,67.873,67.612,47.308,47.211
5135.76708,1.9471288016434,53.305,67.665,67.94,67.654,47.454,47.183
5133.83851,1.9478602571003,53.47,67.676,68.012,67.721,47.629,47.244
5131.90995,1.94859225852161,53.551,67.706,68.091,67.801,47.766,47.411
5129.98138,1.94932481411853,53.507,67.721,68.109,67.818,47.819,47.522
5128.05282,1.95005791691514,53.461,67.773,68.064,67.805,47.78,47.557
5126.12425,1.95079157513593,53.535,67.902,68.074,67.87,47.764,47.614
5124.19569,1.95152578179543,53.673,68.058,68.171,67.998,47.834,47.702
5122.26712,1.95226054513143,53.789,68.166,68.248,68.068,47.877,47.772
5120.33856,1.95299585814888,53.864,68.184,68.271,68.059,47.86,47.802
5118.41,1.95373172528188,53.926,68.153,68.322,68.046,47.918,47.849
5116.48143,1.95446815097695,54.011,68.153,68.409,68.093,48.09,47.971
5114.55287,1.95520512822463,54.075,68.204,68.475,68.182,48.276,48.118
5112.6243,1.95594266529618,54.119,68.282,68.541,68.261,48.431,48.245
5110.69574,1.95668075517248,54.206,68.348,68.611,68.32,48.526,48.344
5108.76717,1.95741940613825,54.335,68.4,68.649,68.367,48.527,48.397
5106.83861,1.95815861116473,54.466,68.48,68.658,68.409,48.51,48.438
5104.91004,1.95889837855008,54.565,68.56,68.663,68.45,48.556,48.496
5102.98148,1.95963870125588,54.635,68.587,68.685,68.472,48.626,48.573
5101.05292,1.96037958375072,54.717,68.616,68.753,68.482,48.653,48.688
5099.12435,1.96112103051576,54.837,68.715,68.865,68.52,48.672,48.81
5097.19579,1.96186303449803,54.963,68.84,68.956,68.603,48.762,48.883
5095.26722,1.96260560402954,55.039,68.904,69.017,68.705,48.894,48.958
5093.33866,1.9633487320476,55.098,68.901,69.089,68.788,49.007,49.09
5091.41009,1.96409242689779,55.2,68.91,69.134,68.825,49.088,49.22
5089.48153,1.96483668150771,55.307,68.982,69.153,68.841,49.167,49.313
5087.55296,1.96558150423657,55.364,69.082,69.228,68.885,49.267,49.378
5085.6244,1.96632688800219,55.391,69.153,69.335,68.96,49.362,49.404
5083.69584,1.96707283730806,55.455,69.22,69.398,69.054,49.437,49.423
5081.76727,1.96781935667038,55.576,69.324,69.435,69.129,49.542,49.493
5079.83871,1.96856643899231,55.704,69.419,69.484,69.148,49.691,49.602
5077.91014,1.96931409266726,55.783,69.449,69.537,69.154,49.798,49.709
5075.98158,1.97006231058861,55.849,69.443,69.581,69.195,49.834,49.803
5074.05301,1.97081110116349,55.948,69.484,69.615,69.256,49.853,49.872
5072.12445,1.97156045727545,56.035,69.597,69.63,69.312,49.878,49.931
5070.19588,1.97231038734543,56.078,69.697,69.645,69.379,49.923,50.009
5068.26732,1.97306088424712,56.109,69.717,69.704,69.458,49.976,50.082
5066.33876,1.97381195251934,56.189,69.693,69.773,69.493,49.995,50.127
5064.41019,1.97456359671372,56.306,69.695,69.775,69.498,50.014,50.165
5062.48163,1.97531580968917,56.371,69.748,69.753,69.53,50.085,50.217
5060.55306,1.97606859990121,56.384,69.816,69.794,69.554,50.184,50.274
5058.6245,1.97682196019886,56.423,69.84,69.889,69.542,50.266,50.334
5056.69593,1.97757589905154,56.519,69.834,70.007,69.575,50.342,50.428
5054.76737,1.97833040929834,56.629,69.892,70.134,69.71,50.454,50.586
5052.8388,1.97908549942262,56.732,70.012,70.22,69.849,50.59,50.767
5050.91024,1.97984116225356,56.845,70.126,70.248,69.894,50.7,50.882
5048.98168,1.9805974023657,56.977,70.23,70.295,69.912,50.749,50.938
5047.05311,1.98135422434657,57.113,70.293,70.354,69.962,50.747,51.01
5045.12455,1.98211162101043,57.183,70.306,70.35,70.018,50.754,51.063
5043.19598,1.98286960087559,57.179,70.341,70.357,70.08,50.847,51.095
5041.26742,1.98362815674634,57.205,70.415,70.449,70.153,51.01,51.202
5039.33885,1.98438729715506,57.296,70.522,70.545,70.231,51.133,51.339
5037.41029,1.98514701489602,57.419,70.661,70.58,70.324,51.181,51.402
5035.48172,1.9859073185157,57.55,70.747,70.578,70.395,51.24,51.415
5033.55316,1.98666820079834,57.654,70.739,70.59,70.391,51.346,51.459
5031.6246,1.98742966635468,57.721,70.702,70.654,70.354,51.429,51.57
5029.69603,1.98819171980856,57.755,70.679,70.735,70.368,51.45,51.7
5027.76747,1.98895435392918,57.764,70.672,70.786,70.45,51.494,51.775
5025.8389,1.98971757729839,57.779,70.685,70.803,70.526,51.618,51.806
5023.91034,1.99048138267531,57.821,70.747,70.83,70.548,51.727,51.859
5021.98177,1.99124577865602,57.873,70.859,70.933,70.583,51.758,51.948
5020.05321,1.99201075798956,57.959,70.96,71.057,70.644,51.808,52.03
5018.12464,1.99277632928623,58.109,71.046,71.105,70.681,51.937,52.084
5016.19608,1.99354248528499,58.264,71.109,71.108,70.703,52.071,52.152
5014.26752,1.99430923063315,58.361,71.103,71.105,70.701,52.143,52.236
5012.33895,1.99507656999134,58.406,71.101,71.091,70.681,52.167,52.307
5010.41039,1.99584449608328,58.423,71.171,71.111,70.709,52.195,52.374
5008.48182,1.99661301755509,58.439,71.263,71.187,70.799,52.246,52.439
5006.55326,1.99738212712033,58.504,71.355,71.276,70.903,52.311,52.514
5004.62469,1.99815183343948,58.599,71.428,71.366,70.997,52.378,52.595
5002.69613,1.99892212921595,58.652,71.433,71.466,71.074,52.446,52.661
5000.76757,1.99969301912586,58.691,71.41,71.534,71.128,52.569,52.745
4998.839,2.00046450785873,58.807,71.455,71.568,71.178,52.726,52.839
4996.91044,2.00123658810263,58.958,71.528,71.585,71.219,52.782,52.862
4994.98187,2.00200926855416,59.035,71.535,71.571,71.235,52.736,52.816
4993.05331,2.00278254189119,59.051,71.553,71.573,71.264,52.752,52.786
4991.12474,2.0035564168248,59.083,71.638,71.639,71.325,52.896,52.843
4989.19618,2.00433088602261,59.155,71.69,71.745,71.39,53.026,52.988
4987.26761,2.00510595821025,59.276,71.717,71.858,71.46,53.089,53.175
4985.33905,2.00588162604507,59.397,71.811,71.95,71.525,53.179,53.325
4983.41049,2.00665789424062,59.469,71.905,71.992,71.538,53.269,53.394
4981.48192,2.00743476752396,59.504,71.931,71.992,71.563,53.28,53.454
4979.55336,2.00821223853699,59.527,71.959,71.991,71.664,53.264,53.534
4977.62479,2.00899031604188,59.564,72.042,72.024,71.772,53.296,53.582
4975.69623,2.0097689926702,59.627,72.118,72.098,71.817,53.35,53.607
4973.76766,2.01054827719878,59.707,72.119,72.179,71.805,53.417,53.667
4971.8391,2.01132816224886,59.793,72.128,72.269,71.817,53.538,53.789
4969.91053,2.01210865661197,59.879,72.244,72.362,71.891,53.655,53.924
4967.98197,2.012889752899,59.987,72.357,72.403,71.944,53.702,53.987
4966.05341,2.01367145586137,60.123,72.379,72.399,71.98,53.73,54.005
4964.12484,2.01445377026417,60.226,72.392,72.402,72.054,53.822,54.069
4962.19628,2.01523668870269,60.248,72.448,72.414,72.109,53.952,54.155
4960.26771,2.01602022000542,60.254,72.519,72.445,72.099,54.063,54.2
4958.33915,2.01680435675724,60.308,72.585,72.506,72.071,54.152,54.25
4956.41058,2.01758910780148,60.404,72.635,72.587,72.076,54.199,54.335
4954.48202,2.01837446571256,60.523,72.682,72.657,72.158,54.234,54.412
4952.55345,2.01916043934872,60.628,72.741,72.684,72.275,54.302,54.463
4950.62489,2.01994702127391,60.712,72.813,72.67,72.325,54.357,54.522
4948.69633,2.02073421627793,60.801,72.884,72.667,72.326,54.405,54.612
4946.76776,2.02152202916435,60.87,72.924,72.722,72.369,54.509,54.695
4944.8392,2.02231045248145,60.909,72.932,72.815,72.451,54.633,54.741
4942.91063,2.0230994951248,60.956,72.926,72.875,72.51,54.699,54.776
4940.98207,2.02388914963215,61.031,72.895,72.859,72.524,54.723,54.819
4939.0535,2.02467942491411,61.095,72.868,72.837,72.539,54.773,54.859
4937.12494,2.02547031349788,61.13,72.925,72.922,72.58,54.867,54.917
4935.19637,2.02626182430913,61.185,73.064,73.088,72.625,54.976,55.012
4933.26781,2.02705394986452,61.236,73.17,73.198,72.646,55.04,55.097
4931.33925,2.02784669499264,61.244,73.183,73.187,72.661,55.071,55.152
4929.41068,2.02864006453607,61.281,73.187,73.124,72.711,55.15,55.192
4927.48212,2.0294340509956,61.368,73.224,73.118,72.772,55.257,55.235
4925.55355,2.0302286633347,61.442,73.259,73.204,72.816,55.315,55.317
4923.62499,2.03102389404356,61.51,73.311,73.31,72.87,55.34,55.421
4921.69642,2.03181975210084,61.619,73.409,73.374,72.919,55.41,55.505
4919.76786,2.0326162299861,61.767,73.519,73.415,72.931,55.526,55.611
4917.83929,2.03341333669324,61.895,73.59,73.444,72.957,55.612,55.738
4915.91073,2.03421106469116,61.967,73.611,73.448,72.998,55.655,55.798
4913.98217,2.03500941884777,62.018,73.611,73.465,73.006,55.69,55.791
4912.0536,2.0358084040451,62.08,73.637,73.532,73.038,55.737,55.822
4910.12504,2.03660801273607,62.138,73.696,73.604,73.125,55.805,55.905
4908.19647,2.0374082539528,62.167,73.759,73.633,73.189,55.882,55.96
4906.26791,2.03820912013751,62.206,73.826,73.653,73.228,55.96,55.961
4904.33934,2.0390106203377,62.279,73.891,73.7,73.29,56.07,55.979
4902.41078,2.03981274698486,62.342,73.936,73.755,73.326,56.21,56.078
4900.48221,2.04061550914191,62.379,73.978,73.809,73.334,56.307,56.245
4898.55365,2.04141889922957,62.416,74.03,73.869,73.4,56.318,56.387
4896.62509,2.04222292215555,62.46,74.061,73.881,73.474,56.297,56.425
4894.69652,2.04302758284185,62.515,74.069,73.856,73.487,56.336,56.395
4892.76796,2.04383287369303,62.605,74.131,73.891,73.523,56.439,56.421
4890.83939,2.04463880381073,62.739,74.241,73.989,73.627,56.525,56.536
4888.91083,2.04544536558872,62.863,74.302,74.077,73.743,56.578,56.647
4886.98226,2.04625256814417,62.933,74.311,74.131,73.823,56.659,56.716
4885.0537,2.04706040386004,62.968,74.331,74.184,73.846,56.764,56.784
4883.12513,2.0478688818691,62.996,74.369,74.248,73.843,56.844,56.856
4881.19657,2.04867799454346,63.029,74.403,74.28,73.851,56.903,56.926
4879.26801,2.04948774683111,63.077,74.454,74.31,73.889,56.974,57.017
4877.33944,2.05029814369451,63.141,74.525,74.373,73.948,57.039,57.116
4875.41088,2.05110917748947,63.238,74.559,74.422,73.946,57.079,57.144
4873.48231,2.05192085738791,63.387,74.586,74.471,73.899,57.149,57.127
4871.55375,2.05273317573474,63.53,74.661,74.554,73.938,57.269,57.163
4869.62518,2.05354614171763,63.596,74.728,74.598,74.039,57.366,57.242
4867.69662,2.05435974767055,63.59,74.758,74.547,74.112,57.408,57.312
4865.76806,2.05517399857321,63.563,74.782,74.502,74.163,57.43,57.352
4863.83949,2.05598889941987,63.582,74.806,74.572,74.24,57.49,57.39
4861.91093,2.05680444252812,63.679,74.82,74.691,74.32,57.589,57.457
4859.98236,2.05762063712511,63.794,74.845,74.744,74.315,57.632,57.525
4858.0538,2.05843747551746,63.87,74.88,74.762,74.262,57.621,57.582
4856.12523,2.05925496694821,63.936,74.904,74.825,74.265,57.661,57.657
4854.19667,2.06007310371296,64.02,74.948,74.912,74.344,57.787,57.76
4852.2681,2.06089189507068,64.079,75.049,74.971,74.45,57.94,57.865
4850.33954,2.06171133330596,64.112,75.148,74.987,74.545,58.055,57.943
4848.41098,2.06253142343969,64.17,75.18,74.992,74.65,58.13,58.003
4846.48241,2.06335217050752,64.239,75.183,75.031,74.74,58.187,58.071
4844.55385,2.06417356677747,64.307,75.217,75.1,74.743,58.228,58.131
4842.62528,2.06499562154848,64.375,75.275,75.171,74.692,58.264,58.169
4840.69672,2.06581832707751,64.413,75.315,75.212,74.678,58.304,58.214
4838.76815,2.06664169267957,64.43,75.341,75.222,74.71,58.358,58.282
4836.83959,2.0674657106005,64.476,75.425,75.223,74.773,58.427,58.359
4834.91102,2.06829039017144,64.549,75.543,75.211,74.874,58.483,58.44
4832.98246,2.0691157236271,64.641,75.615,75.217,74.964,58.526,58.523
4831.0539,2.06994171603012,64.735,75.642,75.299,74.982,58.597,58.586
4829.12533,2.07076837245804,64.763,75.648,75.398,74.94,58.696,58.592
4827.19677,2.07159568512887,64.742,75.651,75.441,74.94,58.791,58.58
4825.2682,2.07242366341419,64.761,75.673,75.477,75.014,58.88,58.63
4823.33964,2.07325229952084,64.835,75.731,75.536,75.053,58.966,58.736
4821.41107,2.07408160283666,64.95,75.82,75.58,75.047,59.027,58.848
4819.48251,2.07491156555727,65.046,75.89,75.608,75.071,59.066,58.928
4817.55394,2.07574219708685,65.065,75.916,75.634,75.118,59.126,58.963
4815.62538,2.07657348960978,65.059,75.932,75.649,75.166,59.222,58.985
4813.69682,2.07740544823095,65.098,75.947,75.685,75.215,59.296,59.021
4811.76825,2.07823807807036,65.18,75.955,75.748,75.248,59.319,59.058
4809.83969,2.07907137129554,65.293,75.993,75.793,75.266,59.353,59.128
4807.91112,2.07990533735158,65.406,76.073,75.829,75.316,59.426,59.251
4805.98256,2.08073996839473,65.454,76.131,75.858,75.403,59.487,59.372
4804.05399,2.08157527388655,65.47,76.156,75.874,75.459,59.533,59.468
4802.12543,2.08241124597197,65.521,76.198,75.923,75.457,59.593,59.549
4800.19686,2.08324789412908,65.588,76.255,75.973,75.451,59.659,59.596
4798.2683,2.08408521049146,65.654,76.285,75.987,75.489,59.732,59.624
4796.33974,2.08492320020683,65.742,76.282,76.002,75.559,59.846,59.687
4794.41117,2.08576186843816,65.824,76.289,76.043,75.653,59.984,59.789
4792.48261,2.08660120730203,65.866,76.331,76.103,75.76,60.066,59.872
4790.55404,2.08744122631795,65.903,76.406,76.187,75.843,60.102,59.924
4788.62548,2.0882819175911,65.976,76.488,76.274,75.864,60.163,59.991
4786.69691,2.08912329065765,66.071,76.52,76.292,75.821,60.217,60.064
4784.76835,2.08996533761138,66.139,76.504,76.264,75.778,60.259,60.11
4782.83978,2.09080806800516,66.153,76.524,76.249,75.79,60.328,60.149
4780.91122,2.09165147392133,66.172,76.572,76.261,75.843,60.395,60.204
4778.98266,2.09249556055096,66.214,76.582,76.33,75.912,60.455,60.264
4777.05409,2.09334033310056,66.255,76.582,76.437,75.971,60.531,60.328
4775.12553,2.09418578363531,66.327,76.65,76.528,76.02,60.62,60.409
4773.19696,2.09503192174999,66.427,76.772,76.586,76.074,60.705,60.497
4771.2684,2.09587873949829,66.489,76.861,76.609,76.112,60.765,60.577
4769.33983,2.09672624649186,66.52,76.909,76.636,76.142,60.821,60.634
4767.41127,2.09757443477286,66.593,76.956,76.682,76.199,60.902,60.684
4765.4827,2.09842331396985,66.682,77.001,76.72,76.264,60.999,60.761
4763.55414,2.09927287611346,66.709,77.053,76.75,76.315,61.093,60.852
4761.62558,2.10012312643868,66.713,77.112,76.807,76.361,61.171,60.932
4759.69701,2.10097407019612,66.771,77.117,76.866,76.385,61.218,60.98
4757.76845,2.10182569939905,66.856,77.068,76.857,76.362,61.239,60.992
4755.83988,2.10267802371849,66.901,77.052,76.809,76.34,61.252,61.014
4753.91132,2.10353103515612,66.946,77.101,76.83,76.358,61.305,61.083
4751.98275,2.10438474340001,67.034,77.173,76.917,76.407,61.403,61.164
4750.05419,2.10523914044021,67.125,77.253,76.991,76.494,61.484,61.247
4748.12562,2.1060942359819,67.172,77.324,77.035,76.594,61.521,61.358
4746.19706,2.10695002200351,67.171,77.338,77.052,76.64,61.558,61.448
4744.2685,2.10780650378451,67.173,77.305,77.037,76.629,61.61,61.49
4742.33993,2.1086636866202,67.224,77.309,77.029,76.628,61.656,61.545
4740.41137,2.10952156247149,67.297,77.373,77.072,76.689,61.714,61.626
4738.4828,2.11038014108651,67.352,77.443,77.167,76.773,61.806,61.692
4736.55424,2.11123941441448,67.402,77.5,77.283,76.817,61.901,61.743
4734.62567,2.1120993922208,67.461,77.553,77.347,76.831,61.987,61.813
4732.69711,2.11296006644296,67.492,77.61,77.317,76.855,62.051,61.899
4730.76855,2.11382144239544,67.502,77.663,77.251,76.912,62.09,61.988
4728.83998,2.1146835254087,67.541,77.691,77.226,76.991,62.158,62.071
4726.91142,2.11554630740256,67.627,77.726,77.26,77.052,62.247,62.125
4724.98285,2.11640979818583,67.72,77.808,77.341,77.085,62.304,62.159
4723.05429,2.11727398966655,67.75,77.872,77.409,77.113,62.337,62.191
4721.12572,2.11813889167095,67.765,77.865,77.453,77.157,62.417,62.256
4719.19716,2.11900449609526,67.845,77.861,77.519,77.211,62.563,62.362
4717.26859,2.11987081278321,67.942,77.899,77.572,77.245,62.698,62.468
4715.34003,2.12073783361918,68.009,77.94,77.59,77.266,62.766,62.545
4713.41147,2.12160556396321,68.074,77.979,77.625,77.306,62.811,62.582
4711.4829,2.12247400919146,68.15,78.02,77.671,77.34,62.879,62.605
4709.55434,2.12334316117053,68.211,78.043,77.685,77.341,62.971,62.664
4707.62577,2.12421302978805,68.237,78.035,77.674,77.355,63.066,62.738
4705.69721,2.12508360689871,68.255,78.026,77.692,77.409,63.13,62.79
4703.76864,2.12595490240779,68.282,78.064,77.741,77.469,63.152,62.843
4701.84008,2.12682690815805,68.301,78.128,77.767,77.489,63.164,62.899
4699.91151,2.12769963407247,68.308,78.168,77.754,77.468,63.195,62.935
4697.98295,2.12857307198188,68.368,78.196,77.759,77.462,63.246,63.002
4696.05439,2.12944722729244,68.497,78.263,77.841,77.517,63.319,63.125
4694.12582,2.13032210542665,68.618,78.35,77.968,77.62,63.43,63.254
4692.19726,2.13119769819737,68.705,78.396,78.045,77.723,63.575,63.353
4690.26869,2.13207401557202,68.76,78.393,78.046,77.764,63.672,63.407
4688.34013,2.13295104935145,68.781,78.383,78.024,77.706,63.687,63.445
4686.41156,2.13382880952095,68.814,78.429,78.026,77.624,63.7,63.494
4684.483,2.13470728786933,68.846,78.516,78.056,77.629,63.746,63.533
4682.55443,2.13558649439981,68.838,78.554,78.098,77.706,63.793,63.567
4680.62587,2.13646642088914,68.846,78.545,78.138,77.801,63.861,63.64
4678.69731,2.13734707279023,68.925,78.575,78.171,77.885,63.98,63.749
4676.76874,2.13822845557251,69.03,78.656,78.197,77.924,64.105,63.851
4674.84018,2.13911056099462,69.104,78.729,78.223,77.954,64.21,63.934
4672.91161,2.13999339910476,69.166,78.785,78.275,78.004,64.288,64.022
4670.98305,2.14087696164943,69.228,78.851,78.369,78.051,64.325,64.115
4669.05448,2.14176125869493,69.273,78.906,78.452,78.098,64.38,64.195
4667.12592,2.14264628197561,69.311,78.914,78.466,78.136,64.475,64.259
4665.19735,2.1435320415759,69.364,78.888,78.476,78.156,64.548,64.328
4663.26879,2.144418529218,69.438,78.881,78.542,78.2,64.605,64.42
4661.34023,2.14530575040218,69.505,78.907,78.584,78.236,64.674,64.495
4659.41166,2.14619371064543,69.544,78.937,78.567,78.209,64.702,64.505
4657.4831,2.14708240165166,69.585,78.954,78.548,78.177,64.711,64.504
4655.55453,2.14797183355084,69.64,78.972,78.556,78.199,64.777,64.558
4653.62597,2.14886199803462,69.661,79.003,78.575,78.242,64.87,64.631
4651.6974,2.14975290525132,69.657,79.054,78.596,78.292,64.948,64.679
4649.76884,2.15064454688031,69.681,79.157,78.621,78.362,65.031,64.728
4647.84027,2.15153693308828,69.71,79.255,78.651,78.413,65.094,64.796
4645.91171,2.15243005554232,69.722,79.253,78.692,78.413,65.128,64.868
4643.98315,2.15332391979071,69.766,79.189,78.739,78.398,65.159,64.938
4642.05458,2.15421853139866,69.858,79.159,78.787,78.42,65.195,65.008
4640.12602,2.15511388201478,69.972,79.203,78.836,78.492,65.279,65.086
4638.19745,2.15600998185189,70.053,79.283,78.862,78.564,65.404,65.168
4636.26889,2.15690682254627,70.077,79.367,78.866,78.595,65.505,65.234
4634.34032,2.15780441432924,70.107,79.449,78.878,78.622,65.592,65.287
4632.41176,2.15870274882473,70.179,79.487,78.897,78.643,65.68,65.375
4630.48319,2.15960183628266,70.225,79.467,78.918,78.62,65.721,65.491
4628.55463,2.16050166831454,70.216,79.426,78.952,78.596,65.73,65.566
4626.62607,2.1614022505173,70.219,79.411,78.989,78.632,65.768,65.593
4624.6975,2.16230358850498,70.267,79.469,79.048,78.699,65.849,65.641
4622.76894,2.16320567387043,70.323,79.571,79.125,78.74,65.945,65.738
4620.84037,2.16410851691031,70.368,79.646,79.171,78.77,66.016,65.828
4618.91181,2.165012109205,70.433,79.685,79.185,78.81,66.078,65.864
4616.98324,2.16591646106994,70.501,79.706,79.196,78.84,66.166,65.872
4615.05468,2.166821564073,70.562,79.722,79.212,78.867,66.24,65.882
4613.12611,2.16772742854845,70.647,79.755,79.236,78.909,66.283,65.915
4611.19755,2.16863404605166,70.732,79.8,79.244,78.941,66.334,65.982
4609.26899,2.16954142222886,70.781,79.829,79.231,78.969,66.402,66.07
4607.34042,2.17044956274362,70.81,79.84,79.263,79.016,66.467,66.154
4605.41186,2.17135845913247,70.826,79.83,79.353,79.044,66.527,66.226
4603.48329,2.17226812177698,70.835,79.816,79.421,79.031,66.612,66.306
4601.55473,2.17317854220111,70.86,79.844,79.439,79.028,66.695,66.38
4599.62616,2.17408973080543,70.909,79.889,79.438,79.057,66.723,66.432
4597.6976,2.1750016791013,70.973,79.92,79.44,79.12,66.746,66.481
4595.76903,2.17591439750835,71.036,79.944,79.448,79.198,66.839,66.532
4593.84047,2.17682787752532,71.071,79.958,79.471,79.236,66.965,66.597
4591.91191,2.17774212484838,71.086,79.967,79.516,79.226,67.041,66.672
4589.98334,2.17865714519129,71.139,79.994,79.552,79.224,67.07,66.738
4588.05478,2.17957293003376,71.232,80.053,79.577,79.249,67.098,66.793
4586.12621,2.18048948984333,71.302,80.142,79.607,79.278,67.157,66.845
4584.19765,2.181406816087,71.317,80.22,79.63,79.317,67.25,66.904
4582.26908,2.18232491925158,71.302,80.255,79.65,79.368,67.355,66.964
4580.34052,2.18324379079135,71.295,80.277,79.677,79.402,67.435,67.016
4578.41196,2.18416343644184,71.318,80.3,79.709,79.416,67.453,67.078
4576.48339,2.18508386195629,71.377,80.314,79.738,79.436,67.448,67.162
4574.55483,2.18600505876984,71.464,80.332,79.764,79.469,67.484,67.235
4572.62626,2.18692703741766,71.548,80.378,79.805,79.499,67.561,67.287
4570.6977,2.1878497893221,71.621,80.446,79.878,79.535,67.648,67.351
4568.76913,2.18877332503777,71.677,80.498,79.951,79.572,67.739,67.416
4566.84057,2.18969763597419,71.71,80.508,79.975,79.582,67.844,67.474
4564.912,2.19062273270547,71.729,80.495,79.962,79.574,67.941,67.521
4562.98344,2.1915486066283,71.743,80.496,79.963,79.571,67.996,67.549
4561.05488,2.19247526352939,71.777,80.537,79.994,79.604,68.017,67.594
4559.12631,2.19340270921338,71.834,80.591,80.017,79.669,68.042,67.665
4557.19775,2.19433093505762,71.899,80.611,80,79.731,68.089,67.745
4555.26918,2.19525995168523,71.977,80.605,79.996,79.792,68.15,67.835
4553.34062,2.19618975046062,72.028,80.608,80.047,79.831,68.214,67.899
4551.41205,2.1971203420266,72.024,80.652,80.13,79.857,68.297,67.938
4549.48349,2.19805171773467,72.037,80.73,80.21,79.913,68.401,67.996
4547.55492,2.19898388824736,72.121,80.788,80.245,79.942,68.473,68.05
4545.62636,2.1999168449032,72.206,80.828,80.225,79.904,68.516,68.078
4543.6978,2.20085059354079,72.254,80.876,80.197,79.891,68.603,68.133
4541.76923,2.2017851400169,72.293,80.903,80.209,79.955,68.727,68.23
4539.84067,2.20272047565053,72.322,80.923,80.258,80.043,68.81,68.342
4537.9121,2.20365661115384,72.356,80.97,80.312,80.105,68.828,68.446
4535.98354,2.20459353783281,72.404,80.977,80.333,80.126,68.813,68.492
4534.05497,2.20553126641956,72.448,80.938,80.334,80.123,68.82,68.491
4532.12641,2.20646978820699,72.491,80.951,80.363,80.128,68.883,68.501
4530.19784,2.20740911394722,72.519,80.988,80.402,80.132,68.972,68.533
4528.26928,2.20834923492006,72.526,81,80.413,80.145,69.038,68.59
4526.34072,2.20929015701673,72.536,81.036,80.421,80.192,69.064,68.647
4524.41215,2.2102318861468,72.562,81.097,80.441,80.216,69.088,68.674
4522.48359,2.2111744135704,72.599,81.131,80.451,80.193,69.141,68.692
4520.55502,2.2121177500899,72.657,81.152,80.458,80.21,69.229,68.747
4518.62646,2.21306188695226,72.738,81.199,80.485,80.283,69.339,68.853
4516.69789,2.21400683498006,72.807,81.243,80.535,80.342,69.452,68.958
4514.76933,2.21495258540706,72.836,81.248,80.59,80.367,69.554,69.032
4512.84076,2.21589914907611,72.849,81.24,80.623,80.394,69.623,69.104
4510.9122,2.21684651720776,72.913,81.267,80.658,80.435,69.679,69.2
4508.98364,2.21779469574656,73.018,81.339,80.733,80.489,69.759,69.298
4507.05507,2.21874369065564,73.078,81.385,80.787,80.542,69.808,69.348
4505.12651,2.21969349313567,73.08,81.357,80.755,80.56,69.797,69.352
4503.19794,2.2206441140804,73.065,81.332,80.703,80.556,69.805,69.371
4501.26938,2.22159554467722,73.077,81.373,80.717,80.544,69.876,69.43
4499.34081,2.22254779584034,73.136,81.443,80.766,80.518,69.973,69.477
4497.41225,2.22350085874383,73.22,81.485,80.811,80.527,70.075,69.504
4495.48368,2.22445474432242,73.291,81.497,80.859,80.592,70.171,69.553
4493.55512,2.22540944373683,73.315,81.513,80.9,80.661,70.218,69.605
4491.62656,2.2263649629857,73.31,81.529,80.909,80.692,70.203,69.646
4489.69799,2.22732130808647,73.313,81.502,80.888,80.709,70.18,69.7
4487.76943,2.22827847017978,73.328,81.454,80.883,80.723,70.209,69.758
4485.84086,2.22923646025196,73.348,81.475,80.917,80.722,70.304,69.813
4483.9123,2.23019526943023,73.382,81.582,80.983,80.745,70.436,69.878
4481.98373,2.23115490872163,73.438,81.701,81.051,80.821,70.561,69.962
4480.05517,2.23211536923997,73.492,81.773,81.083,80.88,70.635,70.032
4478.1266,2.23307666201308,73.544,81.774,81.084,80.869,70.669,70.075
4476.19804,2.23403877814128,73.615,81.728,81.109,80.867,70.716,70.11
4474.26948,2.23500172367803,73.673,81.69,81.159,80.919,70.778,70.141
4472.34091,2.23596550469584,73.679,81.706,81.157,80.955,70.823,70.189
4470.41235,2.23693011227477,73.667,81.756,81.106,80.945,70.843,70.265
4468.48378,2.2378955574949,73.69,81.789,81.092,80.923,70.867,70.341
4466.55522,2.23886183142274,73.742,81.829,81.137,80.926,70.932,70.404
4464.62665,2.23982894515939,73.804,81.901,81.197,80.963,71.015,70.477
4462.69809,2.24079688975778,73.867,81.95,81.228,81.005,71.067,70.543
4460.76952,2.24176567634008,73.917,81.975,81.248,81.042,71.094,70.581
4458.84096,2.24273529594561,73.966,82.024,81.289,81.087,71.145,70.634
4456.9124,2.24370575468344,73.992,82.066,81.335,81.124,71.212,70.718
4454.98383,2.24467705868194,73.999,82.052,81.36,81.138,71.284,70.793
4453.05527,2.24564919895998,74.046,82.032,81.38,81.168,71.379,70.843
4451.1267,2.24662218669264,74.12,82.06,81.422,81.219,71.461,70.883
4449.19814,2.24759601288514,74.159,82.102,81.471,81.247,71.494,70.922
4447.26957,2.24857068873385,74.163,82.11,81.511,81.253,71.495,70.951
4445.34101,2.24954620523027,74.188,82.094,81.544,81.252,71.511,70.993
4443.41245,2.25052256852726,74.248,82.111,81.571,81.272,71.567,71.063
4441.48388,2.25149978479715,74.295,82.15,81.573,81.306,71.629,71.111
4439.55532,2.25247784501084,74.304,82.163,81.548,81.322,71.657,71.116
4437.62675,2.25345676041817,74.292,82.178,81.539,81.344,71.663,71.125
4435.69819,2.25443652197626,74.306,82.216,81.566,81.38,71.707,71.181
4433.76962,2.25541714095646,74.387,82.257,81.614,81.411,71.799,71.266
4431.84106,2.25639860830208,74.498,82.287,81.66,81.445,71.879,71.339
4429.91249,2.25738093530602,74.557,82.312,81.695,81.473,71.93,71.379
4427.98393,2.25836411289776,74.542,82.33,81.716,81.464,71.972,71.4
4426.05537,2.25934814728719,74.525,82.329,81.713,81.449,72.028,71.434
4424.1268,2.26033304470387,74.549,82.325,81.729,81.473,72.086,71.467
4422.19824,2.26131879605651,74.589,82.343,81.788,81.514,72.131,71.49
4420.26967,2.26230541269216,74.628,82.384,81.829,81.556,72.173,71.534
4418.34111,2.26329288550562,74.671,82.435,81.84,81.606,72.223,71.604
4416.41254,2.26428122586573,74.722,82.456,81.848,81.634,72.263,71.675
4414.48398,2.26527042465335,74.765,82.438,81.823,81.62,72.267,71.711
4412.55541,2.26626049325917,74.781,82.422,81.778,81.591,72.277,71.725
4410.62685,2.26725142255006,74.786,82.424,81.79,81.592,72.347,71.745
4408.69829,2.26824321879373,74.789,82.439,81.826,81.609,72.424,71.764
4406.76972,2.26923588827782,74.777,82.484,81.84,81.614,72.465,71.796
4404.84116,2.27022942184821,74.778,82.553,81.857,81.633,72.501,71.851
4402.91259,2.2712238309505,74.82,82.598,81.868,81.661,72.561,71.906
4400.98403,2.27221910641653,74.888,82.619,81.889,81.686,72.627,71.966
4399.05546,2.27321525971396,74.983,82.658,81.945,81.757,72.694,72.052
4397.1269,2.27421228166055,75.082,82.718,82.023,81.886,72.777,72.149
4395.19833,2.27521018374613,75.141,82.77,82.081,81.975,72.865,72.221
4393.26977,2.27620895677435,75.18,82.809,82.111,81.995,72.956,72.273
4391.34121,2.27720860707155,75.216,82.843,82.144,82.02,73.035,72.335
4389.41264,2.27820914098429,75.249,82.856,82.164,82.069,73.062,72.401
4387.48408,2.27921054929503,75.277,82.837,82.159,82.087,73.041,72.431
4385.55551,2.28021284354921,75.289,82.81,82.167,82.051,73.007,72.427
4383.62695,2.2812160145151,75.294,82.788,82.188,82.01,72.998,72.448
4381.69838,2.28222007376053,75.291,82.769,82.18,82,73.033,72.485
4379.76982,2.28322501203956,75.301,82.758,82.158,81.994,73.112,72.507
4377.84125,2.28423084094244,75.342,82.789,82.184,81.988,73.212,72.538
4375.91269,2.285237551209,75.376,82.868,82.236,82,73.308,72.6
4373.98413,2.28624514922508,75.396,82.937,82.251,82.027,73.378,72.658
4372.05556,2.287253641397,75.44,82.956,82.228,82.042,73.414,72.675
4370.127,2.28826301844317,75.492,82.943,82.197,82.038,73.439,72.695
4368.19843,2.28927329201023,75.526,82.932,82.206,82.052,73.478,72.755
4366.26987,2.29028445280227,75.578,82.932,82.254,82.096,73.51,72.816
4364.3413,2.29129651248861,75.654,82.969,82.301,82.147,73.537,72.864
4362.41274,2.292309461759,75.729,83.053,82.351,82.205,73.612,72.931
4360.48417,2.29332331230548,75.783,83.12,82.411,82.257,73.719,73.014
4358.55561,2.29433805480344,75.789,83.124,82.445,82.259,73.761,73.063
4356.62705,2.29535369569906,75.77,83.092,82.427,82.211,73.719,73.07
4354.69848,2.29637024145929,75.781,83.08,82.4,82.175,73.686,73.089
4352.76992,2.29738768273789,75.83,83.102,82.408,82.206,73.738,73.167
4350.84135,2.29840603128404,75.889,83.106,82.436,82.274,73.828,73.274
4348.91279,2.29942527773706,75.916,83.087,82.458,82.314,73.884,73.328
4346.98422,2.30044543386909,75.914,83.121,82.488,82.332,73.922,73.332
4345.05566,2.30146649030498,75.931,83.22,82.528,82.345,73.979,73.343
4343.12709,2.30248845883992,75.96,83.291,82.534,82.356,74.032,73.351
4341.19853,2.30351133008423,75.986,83.303,82.522,82.389,74.079,73.358
4339.26997,2.30453511054533,76.012,83.312,82.554,82.445,74.162,73.402
4337.3414,2.30555980675167,76.016,83.347,82.616,82.489,74.265,73.48
4335.41284,2.30658540929173,76.004,83.384,82.645,82.495,74.328,73.537
4333.48427,2.30761193001861,76.019,83.402,82.641,82.47,74.352,73.559
4331.55571,2.30863935950624,76.089,83.421,82.645,82.454,74.391,73.601
4329.62714,2.309667709631,76.175,83.42,82.656,82.463,74.427,73.677
4327.69858,2.31069697095217,76.222,83.369,82.662,82.491,74.421,73.754
4325.77001,2.3117271553695,76.244,83.333,82.678,82.557,74.432,73.829
4323.84145,2.31275825342763,76.291,83.389,82.714,82.639,74.493,73.919
4321.91289,2.31379027169611,76.339,83.478,82.745,82.67,74.54,73.985
4319.98432,2.31482321676575,76.345,83.505,82.756,82.643,74.54,73.992
4318.05576,2.31585707915916,76.347,83.488,82.775,82.623,74.557,73.991
4316.12719,2.31689187083479,76.382,83.495,82.791,82.643,74.62,74.018
4314.19863,2.31792758230049,76.417,83.54,82.772,82.655,74.701,74.055
4312.27006,2.31896422553832,76.441,83.587,82.742,82.632,74.764,74.089
4310.3415,2.32000179104138,76.472,83.603,82.736,82.628,74.808,74.123
4308.41294,2.32104028542817,76.52,83.611,82.774,82.689,74.87,74.163
4306.48437,2.32207971533866,76.584,83.633,82.847,82.759,74.954,74.193
4304.55581,2.32312007124377,76.633,83.644,82.92,82.771,75.013,74.212
4302.62724,2.32416136518487,76.646,83.632,82.964,82.754,75.037,74.236
4300.69868,2.325203587618,76.608,83.617,82.954,82.751,75.042,74.252
4298.77011,2.3262467506084,76.578,83.619,82.919,82.77,75.041,74.272
4296.84155,2.32729084459724,76.638,83.657,82.929,82.798,75.063,74.347
4294.91298,2.32833588167367,76.734,83.723,82.975,82.835,75.126,74.465
4292.98442,2.32938185226398,76.769,83.771,83.011,82.895,75.204,74.551
4291.05586,2.33042876305041,76.771,83.772,83.027,82.917,75.242,74.594
4289.12729,2.33147662073699,76.81,83.768,83.037,82.885,75.26,74.625
4287.19873,2.33252541572758,76.861,83.799,83.056,82.865,75.302,74.66
4285.27016,2.33357516017147,76.885,83.822,83.07,82.879,75.369,74.712
4283.3416,2.33462584445751,76.891,83.802,83.057,82.906,75.434,74.753
4281.41303,2.3356774807592,76.901,83.787,83.036,82.924,75.483,74.773
4279.48447,2.33673005945036,76.936,83.798,83.056,82.946,75.522,74.794
4277.5559,2.33778359272874,76.972,83.804,83.1,82.976,75.554,74.81
4275.62734,2.33883807095312,76.982,83.818,83.118,82.984,75.585,74.822
4273.69878,2.33989350087046,76.985,83.856,83.127,82.95,75.606,74.851
4271.77021,2.34094988924978,77.01,83.901,83.166,82.929,75.614,74.927
4269.84165,2.34200722642724,77.059,83.952,83.232,82.99,75.653,75.025
4267.91308,2.34306552466153,77.117,83.992,83.287,83.078,75.744,75.083
4265.98452,2.34412477427368,77.164,83.977,83.303,83.105,75.83,75.108
4264.05595,2.34518498754689,77.19,83.94,83.295,83.092,75.868,75.141
4262.12739,2.34624615478704,77.202,83.926,83.281,83.096,75.889,75.188
4260.19882,2.34730828830191,77.218,83.94,83.279,83.127,75.931,75.234
4258.27026,2.34837137838217,77.256,83.985,83.305,83.151,75.995,75.276
4256.3417,2.34943543184045,77.303,84.027,83.344,83.158,76.051,75.305
4254.41313,2.35050045551171,77.31,84.03,83.345,83.156,76.088,75.318
4252.48457,2.35156643966377,77.288,84.019,83.293,83.151,76.124,75.335
4250.556,2.35263339666623,77.29,84.029,83.26,83.146,76.159,75.367
4248.62744,2.35370131677161,77.345,84.068,83.294,83.174,76.19,75.43
4246.69887,2.35477021237439,77.436,84.119,83.366,83.247,76.229,75.517
4244.77031,2.35584007371179,77.514,84.157,83.416,83.3,76.269,75.59
4242.84174,2.35691091320319,77.537,84.175,83.428,83.307,76.297,75.629
4240.91318,2.35798272107047,77.515,84.18,83.423,83.291,76.312,75.633
4238.98462,2.35905550419289,77.504,84.179,83.423,83.259,76.336,75.62
4237.05605,2.36012926947237,77.534,84.18,83.443,83.25,76.396,75.634
4235.12749,2.36120400710771,77.581,84.188,83.464,83.279,76.468,75.699
4233.19892,2.36227972958096,77.609,84.205,83.466,83.307,76.507,75.772
4231.27036,2.36335642707548,77.616,84.235,83.475,83.326,76.511,75.81
4229.34179,2.36443411209856,77.636,84.28,83.51,83.364,76.524,75.846
4227.41323,2.36551277481809,77.674,84.325,83.554,83.403,76.563,75.901
4225.48466,2.36659242776662,77.712,84.355,83.583,83.433,76.62,75.958
4223.5561,2.36767306109655,77.761,84.389,83.611,83.479,76.693,76.008
4221.62754,2.3687546817548,77.817,84.426,83.645,83.523,76.739,76.032
4219.69897,2.36983729671124,77.828,84.427,83.662,83.512,76.741,76.032
4217.77041,2.37092089609496,77.8,84.393,83.646,83.452,76.75,76.044
4215.84184,2.37200549250206,77.801,84.355,83.626,83.437,76.786,76.081
4213.91328,2.37309107604606,77.843,84.349,83.638,83.497,76.821,76.122
4211.98471,2.37417765934863,77.895,84.376,83.669,83.557,76.852,76.165
4210.05615,2.37526523250765,77.943,84.407,83.714,83.565,76.908,76.216
4208.12758,2.37635380817043,77.962,84.421,83.75,83.53,76.957,76.265
4206.19902,2.37744337641922,77.956,84.42,83.745,83.501,76.966,76.306
4204.27046,2.37853394426961,77.972,84.436,83.719,83.519,77.002,76.359
4202.34189,2.37962551876045,78.008,84.475,83.703,83.553,77.098,76.409
4200.41333,2.38071808995045,78.019,84.499,83.712,83.562,77.168,76.408
4198.48476,2.38181167055135,78.025,84.5,83.753,83.564,77.187,76.399
4196.5562,2.38290625060615,78.067,84.52,83.813,83.6,77.227,76.463
4194.62763,2.3840018428525,78.113,84.571,83.862,83.656,77.29,76.565
4192.69907,2.38509843731761,78.137,84.589,83.865,83.674,77.31,76.617
4190.7705,2.38619604676515,78.162,84.564,83.836,83.66,77.294,76.611
4188.84194,2.38729466120653,78.193,84.549,83.822,83.664,77.291,76.607
4186.91338,2.38839428772706,78.227,84.578,83.85,83.696,77.309,76.651
4184.98481,2.38949493343561,78.28,84.637,83.886,83.743,77.35,76.717
4183.05625,2.39059658831984,78.335,84.668,83.906,83.764,77.414,76.739
4181.12768,2.39169926520876,78.364,84.673,83.913,83.771,77.486,76.724
4179.19912,2.39280295407413,78.383,84.685,83.906,83.801,77.532,76.744
4177.27055,2.39390766777124,78.387,84.691,83.898,83.807,77.523,76.8
4175.34199,2.39501339625596,78.382,84.688,83.904,83.778,77.514,76.851
4173.41342,2.39612015240992,78.406,84.709,83.943,83.776,77.571,76.88
4171.48486,2.39722792617303,78.442,84.718,83.994,83.792,77.643,76.89
4169.5563,2.39833672470138,78.462,84.683,84.002,83.785,77.657,76.913
4167.62773,2.39944655517493,78.479,84.684,83.976,83.776,77.655,76.968
4165.69917,2.40055740750958,78.507,84.746,83.962,83.819,77.7,77.042
4163.7706,2.40166929465326,78.541,84.788,83.966,83.897,77.751,77.107
4161.84204,2.40278220650585,78.588,84.78,83.966,83.935,77.793,77.14
4159.91347,2.40389615604192,78.622,84.768,83.977,83.929,77.864,77.144
4157.98491,2.40501113314526,78.613,84.772,84.011,83.924,77.927,77.145
4156.05635,2.40612714502776,78.598,84.776,84.054,83.914,77.945,77.169
4154.12778,2.40724419892544,78.573,84.787,84.075,83.89,77.948,77.185
4152.19922,2.40836228469789,78.542,84.809,84.054,83.868,77.965,77.181
4150.27065,2.40948141538673,78.576,84.829,84.047,83.876,78.015,77.223
4148.34209,2.41060158083539,78.672,84.857,84.085,83.935,78.084,77.316
4146.41352,2.41172279411244,78.737,84.883,84.112,84.002,78.119,77.376
4144.48496,2.41284504504512,78.749,84.899,84.106,84.026,78.117,77.383
4142.55639,2.41396834672901,78.77,84.915,84.119,84.017,78.138,77.4
4140.62783,2.41509268897514,78.809,84.939,84.175,84.011,78.179,77.448
4138.69927,2.41621807906811,78.834,84.953,84.225,84.016,78.209,77.506
4136.7707,2.417344524317,78.841,84.939,84.224,84.014,78.225,77.557
4134.84214,2.41847201450839,78.838,84.921,84.195,84.003,78.219,77.564
4132.91357,2.41960056280587,78.851,84.93,84.181,84.013,78.216,77.543
4130.98501,2.42073015897969,78.892,84.964,84.196,84.044,78.263,77.555
4129.05644,2.42186081622076,78.937,84.995,84.22,84.065,78.353,77.607
4127.12788,2.42299252428301,78.955,85.015,84.239,84.085,78.425,77.658
4125.19931,2.42412529638477,78.947,85.045,84.254,84.123,78.444,77.696
4123.27075,2.42525912226356,78.961,85.085,84.268,84.161,78.463,77.745
4121.34219,2.42639400927784,79.012,85.098,84.28,84.19,78.497,77.794
4119.41362,2.42752996481087,79.05,85.063,84.288,84.203,78.522,77.818
4117.48506,2.42866697857551,79.051,85.027,84.292,84.176,78.536,77.829
4115.55649,2.42980506385906,79.052,85.025,84.294,84.132,78.54,77.855
4113.62793,2.43094421035789,79.08,85.049,84.294,84.134,78.564,77.897
4111.69936,2.43208443138703,79.113,85.087,84.294,84.179,78.616,77.924
4109.7708,2.43322571662634,79.136,85.117,84.3,84.188,78.663,77.938
4107.84223,2.43436807941867,79.155,85.14,84.324,84.174,78.687,77.96
4105.91367,2.43551150942733,79.172,85.152,84.349,84.207,78.713,77.986
4103.98511,2.43665601408578,79.174,85.136,84.357,84.255,78.758,78.014
4102.05654,2.43780160085263,79.166,85.114,84.364,84.252,78.799,78.039
4100.12798,2.43894825936628,79.159,85.098,84.368,84.208,78.821,78.034
4098.19941,2.44009600303954,79.159,85.088,84.359,84.193,78.855,78.041
4096.27085,2.44124482149417,79.2,85.109,84.376,84.238,78.918,78.122
4094.34228,2.44239472817109,79.279,85.172,84.436,84.313,78.962,78.231
4092.41372,2.4435457126754,79.341,85.249,84.497,84.367,78.969,78.295
4090.48515,2.44469778847626,79.361,85.311,84.516,84.355,78.964,78.316
4088.55659,2.44585094516204,79.35,85.329,84.505,84.31,78.954,78.309
4086.62803,2.44700519024238,79.338,85.295,84.487,84.294,78.96,78.302
4084.69946,2.4481605312524,79.351,85.257,84.478,84.301,79.004,78.324
4082.7709,2.44931695775533,79.374,85.24,84.479,84.285,79.053,78.358
4080.84233,2.4504744832913,79.387,85.232,84.48,84.261,79.071,78.388
4078.91377,2.45163309740672,79.409,85.239,84.49,84.309,79.091,78.434
4076.9852,2.45279281367026,79.45,85.26,84.516,84.393,79.14,78.477
4075.05664,2.4539536216115,79.477,85.275,84.544,84.413,79.172,78.481
4073.12807,2.45511553482776,79.48,85.271,84.556,84.38,79.164,78.477
4071.19951,2.45627854283172,79.479,85.25,84.547,84.354,79.164,78.489
4069.27095,2.4574426532104,79.489,85.241,84.545,84.357,79.205,78.503
4067.34238,2.45860787357665,79.51,85.266,84.56,84.38,79.264,78.527
4065.41382,2.45977419341778,79.534,85.307,84.566,84.414,79.298,78.573
4063.48525,2.4609416264031,79.572,85.33,84.56,84.444,79.305,78.619
4061.55669,2.46211016200293,79.627,85.336,84.565,84.461,79.332,78.659
4059.62812,2.46327981391557,79.662,85.356,84.594,84.447,79.394,78.714
4057.69956,2.46445057159432,79.654,85.382,84.624,84.408,79.443,78.758
4055.77099,2.46562244876652,79.63,85.383,84.637,84.394,79.451,78.761
4053.84243,2.46679543486844,79.625,85.378,84.622,84.414,79.452,78.76
4051.91387,2.46796953756571,79.65,85.389,84.598,84.45,79.486,78.794
4049.9853,2.46914476455013,79.701,85.399,84.602,84.477,79.53,78.818
4048.05674,2.47032110523233,79.743,85.417,84.64,84.487,79.544,78.813
4046.12817,2.47149857341272,79.743,85.446,84.682,84.507,79.558,78.838
4044.19961,2.47267715848477,79.725,85.454,84.684,84.542,79.6,78.913
4042.27104,2.47385687427828,79.728,85.461,84.674,84.571,79.653,78.97
4040.34248,2.47503771016956,79.756,85.477,84.706,84.579,79.698,78.995
4038.41391,2.47621968001789,79.801,85.478,84.753,84.572,79.721,79.034
4036.48535,2.47740277318237,79.867,85.477,84.774,84.575,79.733,79.068
4034.55679,2.47858699740846,79.921,85.485,84.766,84.597,79.757,79.059
4032.62822,2.47977236046818,79.931,85.483,84.743,84.603,79.785,79.047
4030.69966,2.48095885169475,79.933,85.473,84.727,84.58,79.807,79.079
4028.77109,2.48214648502157,79.961,85.483,84.744,84.574,79.823,79.152
4026.84253,2.48333524976454,80.006,85.517,84.78,84.598,79.842,79.221
4024.91396,2.4845251598869,80.037,85.542,84.798,84.632,79.863,79.244
4022.9854,2.4857162046872,80.025,85.533,84.787,84.647,79.886,79.221
4021.05684,2.48690839197389,79.998,85.507,84.763,84.618,79.926,79.194
4019.12827,2.48810172958227,80.014,85.504,84.763,84.591,79.964,79.209
4017.19971,2.4892962067848,80.049,85.533,84.791,84.608,79.969,79.249
4015.27114,2.49049183761971,80.055,85.559,84.812,84.623,79.955,79.282
4013.34258,2.49168861134202,80.052,85.559,84.814,84.617,79.957,79.312
4011.41401,2.49288654202013,80.06,85.54,84.814,84.617,79.992,79.338
4009.48545,2.49408561889157,80.083,85.522,84.838,84.633,80.053,79.365
4007.55688,2.49528585605502,80.136,85.531,84.878,84.668,80.113,79.425
4005.62832,2.4964872427305,80.197,85.575,84.902,84.728,80.151,79.506
4003.69976,2.49768978680859,80.227,85.622,84.901,84.769,80.166,79.551
4001.77119,2.49889349620711,80.232,85.644,84.887,84.766,80.172,79.553
3999.84263,2.50009836011973,80.25,85.653,84.879,84.753,80.201,79.561
3997.91406,2.50130439272124,80.291,85.66,84.882,84.746,80.251,79.584
3995.9855,2.50251158318768,80.317,85.675,84.896,84.736,80.29,79.614
3994.05693,2.50371994572446,80.322,85.698,84.903,84.737,80.316,79.672
3992.12837,2.50492946948998,80.336,85.702,84.886,84.755,80.33,79.715
3990.1998,2.50614016872037,80.35,85.689,84.859,84.77,80.333,79.678
3988.27124,2.50735203255634,80.369,85.695,84.866,84.769,80.351,79.65
3986.34268,2.50856506897194,80.411,85.718,84.916,84.778,80.38,79.7
3984.41411,2.50977928596885,80.445,85.727,84.96,84.801,80.4,79.762
3982.48555,2.51099467266115,80.444,85.728,84.973,84.804,80.429,79.798
3980.55698,2.51221124336223,80.423,85.725,84.969,84.783,80.469,79.82
3978.62842,2.5134289871684,80.4,85.704,84.949,84.761,80.512,79.832
3976.69985,2.51464791842412,80.401,85.697,84.917,84.76,80.555,79.855
3974.77129,2.51586802620787,80.443,85.719,84.9,84.788,80.574,79.898
3972.84272,2.5170893248953,80.488,85.751,84.902,84.818,80.565,79.936
3970.91416,2.51831180354702,80.506,85.783,84.916,84.832,80.573,79.964
3968.9856,2.51953547022191,80.52,85.804,84.943,84.848,80.619,79.993
3967.05703,2.52076033300686,80.527,85.793,84.978,84.867,80.669,80.012
3965.12847,2.5219863809356,80.536,85.765,85.005,84.867,80.714,80.03
3963.1999,2.52321362846219,80.557,85.76,84.995,84.848,80.741,80.039
3961.27134,2.52444206460242,80.562,85.775,84.943,84.831,80.726,80.036
3959.34277,2.5256717038419,80.574,85.786,84.933,84.837,80.718,80.059
3957.41421,2.52690253517839,80.624,85.805,85.001,84.872,80.766,80.107
3955.48564,2.52813457312918,80.68,85.836,85.053,84.913,80.832,80.158
3953.55708,2.52936780667398,80.716,85.867,85.037,84.924,80.866,80.189
3951.62852,2.53060224395789,80.733,85.867,84.995,84.893,80.873,80.19
3949.69995,2.53183789315439,80.726,85.818,84.956,84.86,80.886,80.18
3947.77139,2.53307474321607,80.713,85.765,84.943,84.885,80.916,80.199
3945.84282,2.53431280873981,80.728,85.756,84.956,84.916,80.957,80.252
3943.91426,2.53555207866005,80.762,85.777,84.965,84.895,80.981,80.283
3941.98569,2.53679256760569,80.796,85.799,84.987,84.88,80.981,80.276
3940.05713,2.53803426449301,80.823,85.822,85.029,84.898,80.985,80.285
3938.12856,2.53927718398304,80.83,85.849,85.06,84.907,81.003,80.334
3936.2,2.54052131497383,80.818,85.861,85.064,84.89,81.031,80.377
3934.27144,2.54176666569808,80.806,85.839,85.042,84.848,81.05,80.361
3932.34287,2.54301324441732,80.803,85.808,85.017,84.814,81.054,80.327
3930.41431,2.54426104000217,80.801,85.808,85.028,84.847,81.059,80.35
3928.48574,2.54551006719449,80.814,85.836,85.063,84.923,81.081,80.42
3926.55718,2.54676031484661,80.848,85.871,85.064,84.957,81.11,80.484
3924.62861,2.54801179773288,80.886,85.894,85.034,84.931,81.143,80.534
3922.70005,2.54926450468728,80.93,85.911,85.035,84.915,81.198,80.575
3920.77148,2.55051845051679,80.973,85.939,85.063,84.946,81.265,80.586
3918.84292,2.55177362403697,81.002,85.965,85.092,84.992,81.329,80.59
3916.91436,2.55303003356959,80.99,85.964,85.115,85.024,81.364,80.62
3914.98579,2.55428768746566,80.943,85.953,85.119,85.039,81.342,80.648
3913.05723,2.55554657451304,80.93,85.962,85.114,85.036,81.31,80.657
3911.12866,2.5568067096008,80.967,85.979,85.124,85.032,81.328,80.666
3909.2001,2.55806808149831,81.008,85.961,85.12,85.004,81.385,80.691
3907.27153,2.55933070512763,81.016,85.885,85.062,84.903,81.421,80.706
3905.34297,2.56059456923959,80.999,85.779,84.995,84.752,81.42,80.679
3903.4144,2.56185968878938,81.006,85.714,84.986,84.682,81.426,80.646
3901.48584,2.56312605250927,81.067,85.748,85.029,84.739,81.466,80.669
3899.55728,2.56439366881155,81.13,85.847,85.101,84.845,81.501,80.731
3897.62871,2.56566254613821,81.125,85.901,85.166,84.967,81.507,80.779
3895.70015,2.56693267319355,81.097,85.866,85.151,85.019,81.5,80.791
3893.77158,2.56820406501606,81.13,85.827,85.077,84.96,81.499,80.791
3891.84302,2.56947671029136,81.218,85.9,85.083,84.922,81.547,80.84
3889.91445,2.57075062409149,81.235,85.993,85.164,84.976,81.633,80.919
3887.98589,2.57202579508333,81.18,85.966,85.171,84.982,81.656,80.946
3886.05733,2.57330223175066,81.151,85.902,85.108,84.919,81.62,80.923
3884.12876,2.57457994260726,81.174,85.91,85.063,84.899,81.603,80.914
3882.2002,2.57585891629185,81.209,85.94,85.044,84.931,81.618,80.943
3880.27163,2.57713916796078,81.219,85.962,85.065,84.993,81.65,80.967
3878.34307,2.57842068623393,81.214,85.982,85.132,85.042,81.695,80.989
3876.4145,2.57970348630158,81.216,85.956,85.162,85.01,81.725,81.003
3874.48594,2.58098755676476,81.215,85.879,85.124,84.907,81.727,80.984
3872.55737,2.58227291284777,81.257,85.842,85.078,84.812,81.747,80.998
3870.62881,2.58355954313273,81.343,85.907,85.092,84.818,81.818,81.055
3868.70025,2.58484745619669,81.354,85.981,85.132,84.905,81.861,81.075
3866.77168,2.58613666064711,81.34,85.955,85.115,84.92,81.861,81.077
3864.84312,2.58742714503765,81.388,85.892,85.07,84.885,81.873,81.084
3862.91455,2.58871892467826,81.431,85.912,85.094,84.937,81.893,81.105
3860.98599,2.59001198810359,81.416,85.987,85.176,85.046,81.919,81.154
3859.05742,2.59130635065803,81.403,86.024,85.211,85.078,81.968,81.22
3857.12886,2.59260200085719,81.442,86.005,85.159,84.988,82.043,81.296
3855.20029,2.59389895408002,81.554,85.999,85.1,84.83,82.171,81.374
3853.27173,2.59519719882304,81.632,86.059,85.154,84.809,82.224,81.372
3851.34317,2.5964967437581,81.543,86.053,85.217,84.964,82.063,81.312
3849.4146,2.59779759758796,81.452,86.014,85.206,85.089,81.96,81.294
3847.48604,2.59909974878038,81.427,86.002,85.158,85.157,81.98,81.307
3845.55747,2.60040321280129,81.464,86.004,85.091,85.144,82.056,81.353
3843.62891,2.60170797809927,81.512,85.993,85.034,85.033,82.116,81.399
3841.70034,2.60301406017524,81.527,85.957,85.013,84.868,82.132,81.391
3839.77178,2.60432144745853,81.545,85.944,85.02,84.767,82.121,81.382
3837.84321,2.60563015548517,81.56,86.021,85.074,84.845,82.112,81.428
3835.91465,2.60694017266521,81.565,86.108,85.17,84.998,82.143,81.467
3833.98609,2.60825150776695,81.59,86.124,85.243,85.1,82.193,81.471
3832.05752,2.60956416959002,81.615,86.116,85.267,85.154,82.226,81.461
3830.12896,2.61087814651546,81.616,86.111,85.268,85.173,82.241,81.45
3828.20039,2.61219345416764,81.607,86.086,85.261,85.151,82.241,81.45
3826.27183,2.61351008090818,81.615,86.037,85.222,85.074,82.221,81.473
3824.34326,2.61482804239701,81.661,85.983,85.161,84.966,82.203,81.522
3822.4147,2.61614732697632,81.746,85.964,85.111,84.887,82.235,81.584
3820.48613,2.6174679503417,81.764,86.013,85.098,84.927,82.296,81.594
3818.55757,2.61878990081587,81.7,86.043,85.113,85.002,82.325,81.56
3816.62901,2.62011318726522,81.653,86.056,85.181,85.066,82.353,81.549
3814.70044,2.62143781858793,81.626,86.096,85.278,85.179,82.378,81.581
3812.77188,2.62276378307742,81.63,86.111,85.309,85.265,82.393,81.644
3810.84331,2.624091096519,81.659,86.081,85.288,85.258,82.398,81.679
3808.91475,2.62541974718652,81.683,86.05,85.265,85.168,82.392,81.659
3806.98618,2.62674975090138,81.693,86.05,85.255,85.093,82.388,81.631
3805.05762,2.62808109591781,81.714,86.04,85.229,85.073,82.404,81.673
3803.12905,2.62941379809344,81.785,86.029,85.194,85.049,82.466,81.779
3801.20049,2.63074784566283,81.839,86.057,85.197,85.06,82.531,81.852
3799.27193,2.63208324759213,81.818,86.072,85.23,85.119,82.539,81.852
3797.34336,2.63342001287974,81.806,86.1,85.296,85.193,82.544,81.863
3795.4148,2.63475812973064,81.803,86.156,85.374,85.282,82.557,81.891
3793.48623,2.63609761409362,81.787,86.176,85.386,85.351,82.562,81.898
3791.55767,2.63743845415386,81.782,86.159,85.36,85.388,82.545,81.888
3789.6291,2.63878066589683,81.795,86.137,85.345,85.395,82.528,81.885
3787.70054,2.6401242374879,81.81,86.125,85.334,85.361,82.548,81.892
3785.77197,2.64146918494935,81.821,86.124,85.322,85.309,82.601,81.9
3783.84341,2.64281549642669,81.822,86.125,85.319,85.294,82.641,81.918
3781.91485,2.64416318098754,81.827,86.12,85.302,85.296,82.645,81.959
3779.98628,2.64551224773229,81.868,86.133,85.281,85.296,82.637,82.009
3778.05772,2.64686268477656,81.916,86.18,85.308,85.347,82.645,82.036
3776.12915,2.64821450823524,81.931,86.198,85.356,85.419,82.681,82.048
3774.20059,2.64956770620398,81.929,86.16,85.375,85.414,82.723,82.062
3772.27202,2.65092229483493,81.935,86.111,85.361,85.316,82.742,82.074
3770.34346,2.65227826220373,81.956,86.111,85.344,85.227,82.755,82.079
3768.41489,2.65363562449993,81.979,86.145,85.343,85.231,82.787,82.087
3766.48633,2.65499436977911,81.99,86.152,85.344,85.279,82.809,82.108
3764.55777,2.65635450721215,81.972,86.126,85.333,85.32,82.796,82.127
3762.6292,2.65771604600315,81.955,86.068,85.286,85.308,82.791,82.147
3760.70064,2.65907897417754,81.98,86.023,85.228,85.227,82.838,82.186
3758.77207,2.66044330801894,82.002,86.041,85.22,85.157,82.897,82.225
3756.84351,2.6618090355326,81.979,86.044,85.227,85.132,82.905,82.217
3754.91494,2.66317617304002,81.98,85.983,85.192,85.07,82.885,82.186
3752.98638,2.66454470852623,82.079,85.927,85.127,84.962,82.896,82.195
3751.05781,2.66591465835073,82.229,85.962,85.092,84.921,82.981,82.272
3749.12925,2.6672860104783,82.26,85.999,85.11,84.993,83.075,82.327
3747.20069,2.66865877418484,82.263,85.978,85.14,85.042,83.144,82.354
3745.27212,2.67003295878004,82.294,85.999,85.19,85.037,83.181,82.377
3743.34356,2.67140855219819,82.247,86.037,85.212,84.995,83.147,82.36
3741.41499,2.6727855708944,82.192,86.011,85.183,84.931,83.12,82.344
3739.48643,2.6741640027826,82.228,85.96,85.126,84.822,83.146,82.359
3737.55786,2.67554386435639,82.356,85.912,85.035,84.654,83.227,82.416
3735.6293,2.67692514350929,82.488,85.903,84.973,84.559,83.326,82.506
3733.70074,2.67830784960018,82.453,85.923,85.023,84.629,83.308,82.519
3731.77217,2.67969199202212,82.317,85.911,85.086,84.68,83.209,82.457
3729.84361,2.68107755863791,82.24,85.889,85.087,84.663,83.156,82.429
3727.91504,2.68246456603796,82.259,85.887,85.047,84.629,83.166,82.453
3725.98648,2.68385300206457,82.311,85.889,85.022,84.602,83.201,82.489
3724.05791,2.68524288334711,82.312,85.889,85.031,84.623,83.223,82.51
3722.12935,2.68663419770729,82.301,85.931,85.073,84.751,83.245,82.522
3720.20078,2.6880269618136,82.311,86.008,85.156,84.956,83.268,82.542
3718.27222,2.68942116346716,82.29,86.067,85.245,85.127,83.272,82.568
3716.34366,2.69081681213518,82.247,86.066,85.284,85.173,83.261,82.586
3714.41509,2.69221391731962,82.263,85.999,85.252,85.059,83.259,82.614
3712.48653,2.69361246679055,82.367,85.928,85.195,84.852,83.297,82.638
3710.55796,2.69501247731487,82.418,85.948,85.207,84.797,83.365,82.617
3708.6294,2.69641393664193,82.354,86.009,85.253,84.902,83.392,82.622
3706.70083,2.69781686157822,82.328,86.031,85.259,84.952,83.39,82.664
3704.77227,2.69922123985235,82.38,86.04,85.239,84.949,83.396,82.696
3702.8437,2.70062708831053,82.429,86.056,85.225,84.979,83.411,82.706
3700.91514,2.70203439466056,82.396,86.055,85.233,85.03,83.411,82.702
3698.98658,2.70344316847995,82.366,86.052,85.261,85.055,83.413,82.715
3697.05801,2.70485341938143,82.377,86.064,85.291,85.051,83.428,82.731
3695.12945,2.70626513504148,82.364,86.043,85.294,85.009,83.427,82.72
3693.20088,2.70767833240633,82.344,85.973,85.259,84.92,83.407,82.698
3691.27232,2.70909299913153,82.388,85.948,85.212,84.827,83.404,82.7
3689.34375,2.71050915220356,82.439,86.057,85.211,84.864,83.442,82.74
3687.41519,2.71192677925699,82.409,86.132,85.248,84.998,83.477,82.778
3685.48662,2.71334589731871,82.379,86.106,85.283,85.098,83.487,82.793
3683.55806,2.71476649400227,82.382,86.079,85.298,85.154,83.484,82.805
3681.6295,2.71618857899743,82.385,86.052,85.263,85.129,83.477,82.798
3679.70093,2.7176121620297,82.383,85.975,85.199,85.027,83.476,82.774
3677.77237,2.71903723068103,82.426,85.911,85.187,84.964,83.524,82.807
3675.8438,2.72046380207995,82.5,86.004,85.274,85.077,83.633,82.898
3673.91524,2.72189186378726,82.499,86.103,85.317,85.197,83.659,82.922
3671.98667,2.72332143297241,82.486,86.053,85.258,85.14,83.615,82.896
3670.05811,2.72475249717504,82.499,86.02,85.242,85.089,83.592,82.875
3668.12954,2.72618507360566,82.497,86.096,85.329,85.215,83.596,82.901
3666.20098,2.72761914978267,82.482,86.16,85.401,85.357,83.604,82.942
3664.27242,2.72905473551009,82.454,86.165,85.414,85.423,83.61,82.943
3662.34385,2.73049184062824,82.416,86.143,85.387,85.437,83.612,82.901
3660.41529,2.73193045262359,82.395,86.124,85.352,85.406,83.607,82.87
3658.48672,2.73337058881001,82.41,86.113,85.327,85.335,83.624,82.893
3656.55816,2.73481223665262,82.428,86.103,85.332,85.278,83.673,82.943
3654.62959,2.7362554135069,82.431,86.079,85.34,85.246,83.69,82.978
3652.70103,2.73770010681657,82.463,86.02,85.272,85.159,83.663,83.007
3650.77246,2.73914633397886,82.54,85.956,85.124,84.993,83.659,83.018
3648.8439,2.74059408241608,82.576,85.978,85.092,84.895,83.71,82.965
3646.91534,2.74204336204854,82.516,86.045,85.224,84.985,83.732,82.95
3644.98677,2.74349418283348,82.471,86.044,85.299,85.092,83.725,82.993
3643.05821,2.74494653216096,82.466,86.002,85.311,85.145,83.729,83.014
3641.12964,2.74640042753325,82.486,85.99,85.316,85.151,83.756,83.02
3639.20108,2.74785585631888,82.519,86.023,85.316,85.125,83.774,83.046
3637.27251,2.74931283606243,82.56,86.05,85.281,85.075,83.779,83.082
3635.34395,2.7507713541108,82.616,86.023,85.214,84.999,83.807,83.115
3633.41538,2.75223142805104,82.665,85.945,85.149,84.895,83.848,83.144
3631.48682,2.75369304520841,82.695,85.877,85.097,84.771,83.893,83.172
3629.55826,2.75515621562168,82.716,85.89,85.081,84.681,83.963,83.164
3627.62969,2.75662094936708,82.681,85.914,85.108,84.729,83.981,83.119
3625.70113,2.75808723373733,82.632,85.861,85.125,84.817,83.945,83.123
3623.77256,2.75955508642629,82.637,85.819,85.13,84.873,83.93,83.164
3621.844,2.76102449470491,82.68,85.821,85.125,84.899,83.943,83.194
3619.91543,2.76249547631006,82.723,85.857,85.118,84.896,83.978,83.195
3617.98687,2.7639680184909,82.737,85.902,85.135,84.9,84.013,83.188
3616.0583,2.76544213902746,82.715,85.92,85.135,84.921,84.007,83.193
3614.12974,2.76691782514703,82.684,85.93,85.108,84.951,83.973,83.201
3612.20118,2.76839508700897,82.672,85.936,85.097,84.965,83.967,83.216
3610.27261,2.7698739348107,82.667,85.913,85.101,84.918,83.99,83.235
3608.34405,2.77135435574665,82.647,85.879,85.11,84.856,83.992,83.239
3606.41548,2.77283636770548,82.626,85.873,85.154,84.884,83.972,83.241
3604.48692,2.77431995785963,82.638,85.885,85.19,84.946,83.99,83.267
3602.55835,2.77580514414152,82.687,85.888,85.164,84.953,84.054,83.303
3600.62979,2.77729191370158,82.744,85.889,85.112,84.936,84.104,83.333
3598.70123,2.77878027679447,82.769,85.885,85.098,84.935,84.113,83.361
3596.77266,2.78027024371343,82.764,85.866,85.11,84.933,84.116,83.374
3594.8441,2.78176180157576,82.752,85.874,85.143,84.965,84.133,83.367
3592.91553,2.78325496842393,82.735,85.909,85.19,85.034,84.15,83.359
3590.98697,2.78474973135311,82.732,85.904,85.199,85.037,84.15,83.359
3589.0584,2.78624610845006,82.759,85.863,85.153,84.977,84.138,83.343
3587.12984,2.78774408678778,82.753,85.859,85.131,85.016,84.131,83.323
3585.20127,2.78924368449752,82.703,85.9,85.178,85.152,84.134,83.35
3583.27271,2.79074488863004,82.678,85.947,85.215,85.229,84.144,83.386
3581.34415,2.79224770956458,82.663,85.963,85.203,85.234,84.138,83.394
3579.41558,2.79375215771956,82.651,85.933,85.173,85.223,84.119,83.404
3577.48702,2.79525822011228,82.678,85.929,85.179,85.247,84.131,83.445
3575.55845,2.79676591498595,82.724,85.983,85.229,85.288,84.178,83.481
3573.62989,2.79827522933551,82.735,86.037,85.27,85.308,84.217,83.485
3571.70132,2.79978618144924,82.741,86.037,85.268,85.29,84.242,83.508
3569.77276,2.80129875829967,82.78,85.983,85.195,85.184,84.247,83.542
3567.84419,2.80281297822033,82.802,85.93,85.037,84.999,84.207,83.508
3565.91563,2.80432882816131,82.77,85.967,84.947,84.966,84.168,83.444
3563.98707,2.80584631862876,82.749,86.029,85.022,85.115,84.179,83.461
3562.0585,2.80736546016861,82.755,86.04,85.124,85.256,84.215,83.514
3560.12994,2.8088862396972,82.748,86.041,85.169,85.324,84.243,83.541
3558.20137,2.81040867566188,82.713,86.04,85.161,85.337,84.245,83.546
3556.27281,2.81193275495645,82.695,86.02,85.138,85.332,84.242,83.552
3554.34424,2.81345849607409,82.732,86.004,85.131,85.338,84.258,83.554
3552.41568,2.81498588588597,82.78,86.009,85.138,85.348,84.294,83.543
3550.48711,2.81651494293131,82.766,86.004,85.116,85.33,84.295,83.523
3548.55855,2.8180456540586,82.733,85.955,85.041,85.253,84.247,83.511
3546.62999,2.81957802990326,82.752,85.898,84.971,85.188,84.226,83.516
3544.70142,2.8211120811411,82.801,85.922,85.002,85.244,84.27,83.538
3542.77286,2.82264779458653,82.819,86.003,85.095,85.335,84.303,83.567
3540.84429,2.8241851888946,82.811,86.047,85.147,85.352,84.307,83.602
3538.91573,2.82572425085691,82.813,86.043,85.146,85.334,84.325,83.645
3536.98716,2.82726499917517,82.824,86.016,85.132,85.338,84.342,83.665
3535.0586,2.82880742061815,82.807,85.979,85.105,85.353,84.321,83.642
3533.13003,2.83035153393435,82.772,85.947,85.038,85.337,84.28,83.618
3531.20147,2.83189732586966,82.751,85.902,84.956,85.276,84.244,83.606
3529.27291,2.83344480719118,82.753,85.851,84.904,85.214,84.227,83.595
3527.34434,2.8349939887071,82.777,85.863,84.902,85.218,84.252,83.609
3525.41578,2.83654485712888,82.813,85.913,84.912,85.255,84.295,83.644
3523.48721,2.83809743132287,82.836,85.931,84.916,85.283,84.318,83.663
3521.55865,2.83965169797754,82.835,85.933,84.936,85.318,84.338,83.676
3519.63008,2.84120767600668,82.811,85.943,84.952,85.343,84.352,83.694
3517.70152,2.84276535207569,82.782,85.94,84.931,85.344,84.334,83.698
3515.77295,2.84432474514601,82.78,85.923,84.893,85.334,84.319,83.679
3513.84439,2.84588584185995,82.81,85.924,84.876,85.324,84.355,83.655
3511.91583,2.84744865311877,82.835,85.935,84.869,85.31,84.406,83.646
3509.98726,2.84901318986554,82.814,85.924,84.844,85.289,84.423,83.658
3508.0587,2.8505794387078,82.786,85.907,84.822,85.286,84.427,83.686
3506.13013,2.85214741872687,82.798,85.893,84.796,85.28,84.431,83.699
3504.20157,2.85371711650709,82.819,85.871,84.747,85.235,84.4,83.674
3502.273,2.85528855117805,82.822,85.849,84.715,85.199,84.355,83.652
3500.34444,2.85686170930081,82.835,85.858,84.725,85.229,84.369,83.678
3498.41587,2.85843661005345,82.871,85.896,84.75,85.283,84.433,83.737
3496.48731,2.86001323997369,82.897,85.922,84.754,85.31,84.471,83.779
3494.55875,2.86159161009956,82.892,85.911,84.739,85.316,84.47,83.769
3492.63018,2.86317173151152,82.881,85.884,84.714,85.313,84.466,83.738
3490.70162,2.86475359071223,82.886,85.862,84.68,85.308,84.46,83.735
3488.77305,2.86633720700176,82.904,85.862,84.65,85.319,84.463,83.765
3486.84449,2.8679225668593,82.91,85.881,84.634,85.337,84.493,83.798
3484.91592,2.86950968963406,82.89,85.874,84.618,85.324,84.517,83.802
3482.98736,2.87109856178175,82.886,85.84,84.596,85.283,84.516,83.792
3481.05879,2.87268920270088,82.915,85.839,84.586,85.27,84.524,83.81
3479.13023,2.87428159882362,82.926,85.852,84.581,85.281,84.542,83.833
3477.20167,2.87587576132736,82.893,85.824,84.556,85.269,84.546,83.812
3475.2731,2.87747170143262,82.838,85.773,84.521,85.242,84.539,83.765
3473.34454,2.87906940553614,82.819,85.74,84.513,85.231,84.54,83.757
3471.41597,2.88066889316062,82.867,85.727,84.542,85.244,84.561,83.808
3469.48741,2.88227015067912,82.927,85.716,84.554,85.257,84.579,83.841
3467.55884,2.88387319766433,82.953,85.717,84.524,85.256,84.569,83.824
3465.63028,2.88547802046559,82.969,85.724,84.488,85.25,84.547,83.811
3463.70171,2.8870846387058,82.98,85.704,84.453,85.25,84.533,83.814
3461.77315,2.88869303871052,82.961,85.676,84.418,85.248,84.535,83.805
3459.84459,2.89030323179921,82.92,85.674,84.393,85.224,84.542,83.779
3457.91602,2.89191522933515,82.896,85.685,84.38,85.187,84.54,83.76
3455.98746,2.89352901760818,82.905,85.701,84.384,85.183,84.545,83.772
3454.05889,2.89514461636756,82.915,85.708,84.392,85.195,84.551,83.799
3452.13033,2.8967620118792,82.914,85.684,84.386,85.175,84.543,83.82
3450.20176,2.89838122394326,82.933,85.643,84.373,85.147,84.542,83.852
3448.2732,2.90000223880173,82.969,85.625,84.359,85.15,84.579,83.888
3446.34464,2.90162506788642,82.989,85.637,84.339,85.164,84.631,83.889
3444.41607,2.9032497226736,82.978,85.633,84.326,85.163,84.643,83.855
3442.48751,2.90487618936924,82.957,85.619,84.329,85.165,84.632,83.835
3440.55894,2.90650448790161,82.962,85.643,84.339,85.196,84.641,83.859
3438.63038,2.9081346044526,82.999,85.693,84.345,85.235,84.667,83.904
3436.70181,2.9097665590021,83.036,85.737,84.351,85.258,84.698,83.944
3434.77325,2.91140033770788,83.058,85.775,84.377,85.269,84.72,83.984
3432.84468,2.91303596060163,83.062,85.787,84.399,85.258,84.72,84.007
3430.91612,2.91467341381695,83.045,85.756,84.39,85.226,84.708,83.978
3428.98756,2.91631270893266,83.005,85.704,84.363,85.193,84.685,83.92
3427.05899,2.91795385757279,82.96,85.65,84.332,85.165,84.65,83.888
3425.13043,2.91959684583457,82.942,85.616,84.29,85.131,84.616,83.883
3423.20186,2.92124169388013,82.947,85.604,84.243,85.085,84.596,83.877
3421.2733,2.92288838778241,82.954,85.593,84.21,85.042,84.582,83.87
3419.34473,2.92453694775607,82.958,85.587,84.208,85.027,84.586,83.873
3417.41617,2.92618735984971,82.96,85.609,84.228,85.053,84.629,83.893
3415.4876,2.92783964433072,82.961,85.647,84.246,85.075,84.683,83.92
3413.55904,2.92949378722332,82.953,85.665,84.241,85.063,84.709,83.925
3411.63048,2.93114980025621,82.938,85.656,84.234,85.046,84.717,83.923
3409.70191,2.93280769520407,82.94,85.64,84.251,85.042,84.715,83.938
3407.77335,2.93446745805439,82.962,85.641,84.27,85.042,84.704,83.95
3405.84478,2.93612910920738,83.006,85.678,84.28,85.065,84.722,83.957
3403.91622,2.93779263462601,83.055,85.714,84.285,85.119,84.767,83.979
3401.98765,2.93945805476396,83.06,85.709,84.274,85.141,84.774,83.998
3400.05909,2.94112535555963,83.014,85.674,84.24,85.086,84.731,83.977
3398.13052,2.94279455752041,82.965,85.645,84.21,85.009,84.696,83.931
3396.20196,2.94446564656008,82.955,85.63,84.201,84.975,84.706,83.918
3394.2734,2.9461386345602,82.986,85.621,84.205,84.971,84.734,83.953
3392.34483,2.94781353344908,83.018,85.608,84.207,84.973,84.733,83.973
3390.41627,2.94949032910345,83.015,85.587,84.204,84.977,84.703,83.954
3388.4877,2.95116904216592,82.988,85.58,84.197,84.969,84.686,83.928
3386.55914,2.95284965848847,82.971,85.582,84.184,84.932,84.693,83.919
3384.63057,2.95453219876815,82.984,85.587,84.181,84.903,84.707,83.936
3382.70201,2.95621664883216,83.011,85.609,84.205,84.917,84.729,83.96
3380.77344,2.95790302943222,83.017,85.623,84.225,84.933,84.752,83.97
3378.84488,2.95959132637069,83.014,85.612,84.233,84.916,84.768,83.979
3376.91632,2.961281551685,83.027,85.604,84.26,84.885,84.787,83.994
3374.98775,2.96297371746016,83.042,85.617,84.294,84.854,84.797,83.996
3373.05919,2.96466780946112,83.054,85.636,84.303,84.843,84.801,84.001
3371.13062,2.96636384857731,83.074,85.643,84.3,84.855,84.82,84.028
3369.20206,2.96806182054869,83.085,85.626,84.29,84.861,84.818,84.042
3367.27349,2.96976174632017,83.06,85.603,84.259,84.848,84.777,84.034
3365.34493,2.97146361160667,83.024,85.591,84.244,84.835,84.754,84.031
3363.41636,2.97316743740879,83.007,85.577,84.265,84.819,84.771,84.04
3361.4878,2.97487320941638,82.999,85.553,84.292,84.796,84.798,84.036
3359.55924,2.9765809398259,82.981,85.518,84.296,84.762,84.815,84.011
3357.63067,2.97829064088219,82.962,85.488,84.266,84.716,84.81,83.992
3355.70211,2.98000229823737,82.975,85.506,84.243,84.714,84.81,84.009
3353.77354,2.98171593303226,83.016,85.555,84.255,84.773,84.862,84.049
3351.84498,2.98343153089377,83.024,85.572,84.28,84.808,84.909,84.064
3349.91641,2.98514911301921,83.001,85.566,84.302,84.758,84.908,84.055
3347.98785,2.98686866501024,82.997,85.572,84.31,84.666,84.907,84.051
3346.05928,2.98859020812088,83.022,85.583,84.304,84.616,84.923,84.057
3344.13072,2.99031372792748,83.056,85.579,84.302,84.622,84.926,84.067
3342.20216,2.99203923678872,83.061,85.547,84.285,84.623,84.896,84.06
3340.27359,2.99376674711247,83.036,85.508,84.26,84.596,84.868,84.045
3338.34503,2.99549624443702,83.013,85.489,84.266,84.566,84.868,84.042
3336.41646,2.99722775015922,83.007,85.474,84.284,84.55,84.881,84.042
3334.4879,2.99896124979191,83.003,85.455,84.278,84.538,84.882,84.045
3332.55933,3.00069676478948,82.988,85.45,84.276,84.512,84.878,84.064
3330.63077,3.00243428063928,82.983,85.464,84.303,84.471,84.893,84.09
3328.7022,3.00417381885349,82.991,85.489,84.343,84.454,84.914,84.103
3326.77364,3.0059153648939,82.998,85.507,84.364,84.461,84.915,84.098
3324.84508,3.0076589312847,83.004,85.499,84.359,84.456,84.901,84.083
3322.91651,3.00940453060014,83.008,85.479,84.356,84.441,84.892,84.076
3320.98795,3.01115214826359,83.001,85.474,84.371,84.448,84.894,84.092
3319.05938,3.01290180593274,82.988,85.493,84.389,84.46,84.892,84.11
3317.13082,3.0146534890053,82.996,85.514,84.396,84.436,84.889,84.12
3315.20225,3.01640721919756,83.009,85.507,84.406,84.391,84.888,84.128
3313.27369,3.01816298188152,83.004,85.475,84.424,84.333,84.883,84.123
3311.34513,3.01992078971243,83.021,85.467,84.46,84.286,84.9,84.116
3309.41656,3.02168065539625,83.082,85.529,84.521,84.305,84.945,84.144
3307.488,3.0234425642663,83.127,85.603,84.556,84.342,84.983,84.188
3305.55943,3.02520653818649,83.101,85.611,84.53,84.315,84.986,84.186
3303.63087,3.02697256246428,83.054,85.592,84.493,84.257,84.967,84.164
3301.7023,3.02874065902308,83.038,85.597,84.49,84.236,84.947,84.162
3299.77374,3.03051081314442,83.033,85.6,84.495,84.235,84.946,84.162
3297.84517,3.03228304681144,83.017,85.58,84.487,84.23,84.954,84.156
3295.91661,3.03405734527974,82.997,85.567,84.48,84.231,84.959,84.162
3293.98805,3.03583372137613,82.998,85.573,84.479,84.225,84.981,84.18
3292.05948,3.03761218797906,83.009,85.576,84.487,84.193,85.005,84.182
3290.13092,3.03939273030509,83.009,85.573,84.492,84.153,85.012,84.181
3288.20235,3.04117537048777,83.004,85.569,84.47,84.134,85.018,84.194
3286.27379,3.04296009371757,82.997,85.551,84.414,84.116,85.013,84.195
3284.34522,3.04474692218865,82.982,85.529,84.352,84.08,84.988,84.193
3282.41666,3.04653584106535,82.962,85.538,84.315,84.056,84.966,84.212
3280.48809,3.04832687260267,82.954,85.568,84.29,84.046,84.963,84.232
3278.55953,3.05012000193878,82.964,85.596,84.266,84.038,84.962,84.228
3276.63097,3.05191524207561,82.983,85.628,84.258,84.046,84.971,84.221
3274.7024,3.05371260606765,83.001,85.667,84.266,84.065,85.014,84.225
3272.77384,3.05551207901369,83.009,85.695,84.271,84.071,85.059,84.218
3270.84527,3.05731368332199,82.997,85.685,84.26,84.052,85.079,84.207
3268.91671,3.05911740406503,82.965,85.645,84.245,84.006,85.066,84.214
3266.98814,3.06092326371286,82.916,85.605,84.23,83.931,85.034,84.231
3265.05958,3.06273124731157,82.869,85.592,84.221,83.87,85.012,84.258
3263.13101,3.06454137739324,82.869,85.607,84.232,83.878,85.013,84.317
3261.20245,3.06635363897755,82.916,85.618,84.248,83.909,85.022,84.365
3259.27389,3.0681680452452,82.953,85.611,84.266,83.909,85.027,84.352
3257.34532,3.06998460943036,82.96,85.59,84.291,83.886,85.043,84.326
3255.41676,3.071803316513,82.956,85.571,84.303,83.873,85.059,84.326
3253.48819,3.0736241891814,82.953,85.558,84.29,83.886,85.06,84.334
3251.55963,3.07544721238897,82.949,85.532,84.28,83.905,85.052,84.339
3249.63106,3.07727240888693,82.959,85.505,84.314,83.905,85.061,84.357
3247.7025,3.07909976360212,82.996,85.497,84.366,83.881,85.101,84.399
3245.77393,3.08092929934895,83.027,85.508,84.383,83.856,85.134,84.434
3243.84537,3.08276100102762,83.026,85.509,84.36,83.847,85.138,84.434
3241.91681,3.08459488200131,82.995,85.48,84.338,83.839,85.125,84.416
3239.98824,3.08643095568767,82.956,85.439,84.324,83.818,85.107,84.403
3238.05968,3.0882692069468,82.935,85.422,84.308,83.792,85.094,84.4
3236.13111,3.09010965875236,82.935,85.437,84.316,83.787,85.095,84.419
3234.20255,3.09195229593768,82.948,85.442,84.338,83.791,85.106,84.458
3232.27398,3.09379714154058,82.954,85.405,84.336,83.768,85.098,84.473
3230.34542,3.09564418036756,82.947,85.352,84.329,83.739,85.086,84.458
3228.41685,3.09749343552088,82.93,85.328,84.342,83.745,85.091,84.448
3226.48829,3.09934489178016,82.908,85.333,84.364,83.76,85.079,84.455
3224.55973,3.10119856269495,82.904,85.347,84.385,83.743,85.055,84.476
3222.63116,3.10305446187022,82.919,85.374,84.406,83.718,85.06,84.498
3220.7026,3.10491257404518,82.912,85.378,84.402,83.7,85.073,84.494
3218.77403,3.1067729224844,82.875,85.325,84.369,83.673,85.054,84.458
3216.84547,3.10863549190008,82.858,85.264,84.358,83.657,85.024,84.438
3214.9169,3.11050030562221,82.881,85.258,84.389,83.673,85.02,84.464
3212.98834,3.11236734833591,82.902,85.295,84.435,83.694,85.045,84.505
3211.05977,3.11423664343688,82.91,85.331,84.472,83.697,85.088,84.534
3209.13121,3.11610817558314,82.92,85.363,84.508,83.693,85.127,84.557
3207.20265,3.11798195851453,82.928,85.381,84.551,83.69,85.138,84.564
3205.27408,3.11985800602737,82.924,85.384,84.586,83.687,85.128,84.56
3203.34552,3.1217363027389,82.907,85.379,84.606,83.691,85.122,84.562
3201.41695,3.12361687221029,82.874,85.362,84.608,83.687,85.113,84.546
3199.48839,3.12549969903157,82.843,85.354,84.592,83.673,85.095,84.505
3197.55982,3.1273848068306,82.836,85.357,84.574,83.68,85.087,84.499
3195.63126,3.12927218017012,82.861,85.355,84.569,83.713,85.096,84.545
3193.70269,3.13116184274498,82.89,85.349,84.572,83.737,85.106,84.588
3191.77413,3.13305377909057,82.886,85.338,84.555,83.728,85.099,84.58
3189.84557,3.13494800314111,82.859,85.321,84.517,83.714,85.079,84.542
3187.917,3.1368445288883,82.832,85.298,84.49,83.705,85.062,84.518
3185.98844,3.13874334082644,82.82,85.279,84.496,83.714,85.05,84.512
3184.05987,3.1406444628191,82.838,85.268,84.512,83.745,85.036,84.511
3182.13131,3.14254787933311,82.857,85.259,84.495,83.748,85.023,84.509
3180.20274,3.14445361430008,82.854,85.251,84.46,83.706,85.024,84.509
3178.27418,3.14636165215929,82.832,85.23,84.444,83.679,85.037,84.497
3176.34562,3.14827200699904,82.809,85.213,84.451,83.708,85.045,84.465
3174.41705,3.15018469296591,82.804,85.22,84.458,83.739,85.047,84.441
3172.48849,3.15209969445784,82.791,85.203,84.438,83.72,85.038,84.433
3170.55992,3.15401703557774,82.755,85.145,84.402,83.677,85.017,84.421
3168.63136,3.15593670069591,82.734,85.094,84.373,83.651,85.01,84.415
3166.70279,3.15785871398433,82.743,85.078,84.363,83.658,85.028,84.434
3164.77423,3.1597830597856,82.761,85.073,84.381,83.682,85.047,84.481
3162.84566,3.16170976234104,82.771,85.065,84.423,83.717,85.063,84.535
3160.9171,3.16363880596552,82.773,85.065,84.459,83.754,85.086,84.562
3158.98854,3.16557020494921,82.762,85.062,84.457,83.757,85.091,84.543
3157.05997,3.16750397364165,82.737,85.041,84.427,83.732,85.065,84.517
3155.13141,3.16944009631599,82.735,85.024,84.41,83.74,85.05,84.539
3153.20284,3.1713785973883,82.763,85.014,84.411,83.776,85.06,84.572
3151.27428,3.17331946110384,82.773,84.988,84.396,83.775,85.056,84.564
3149.34571,3.17526271194914,82.752,84.964,84.375,83.75,85.043,84.557
3147.41715,3.17720833414154,82.741,84.979,84.387,83.754,85.048,84.581
3145.48858,3.17915635223829,82.75,85.001,84.407,83.772,85.051,84.598
3143.56002,3.18110675042877,82.744,84.987,84.407,83.773,85.032,84.594
3141.63146,3.18305954320944,82.744,84.97,84.422,83.787,85.027,84.632
3139.70289,3.18501474513724,82.762,84.991,84.468,83.835,85.052,84.718
3137.77433,3.18697234035948,82.763,85.006,84.487,83.854,85.062,84.768
3135.84576,3.18893235361168,82.744,84.992,84.474,83.817,85.05,84.762
3133.9172,3.19089476901304,82.734,84.989,84.463,83.787,85.041,84.758
3131.98863,3.19285961137094,82.738,85.001,84.447,83.794,85.038,84.784
3130.06007,3.19482686477643,82.733,85.005,84.431,83.808,85.028,84.809
3128.1315,3.19679655410906,82.718,85.006,84.432,83.8,85.026,84.818
3126.20294,3.19876866343168,82.715,85.013,84.453,83.79,85.045,84.829
3124.27438,3.20074320745158,82.719,85.028,84.478,83.786,85.067,84.849
3122.34581,3.20272020093764,82.722,85.051,84.476,83.791,85.073,84.867
3120.41725,3.20469962791034,82.718,85.089,84.45,83.805,85.056,84.85
3118.48868,3.20668151343105,82.7,85.115,84.41,83.795,85.037,84.796
3116.56012,3.20866584149193,82.669,85.109,84.367,83.75,85.032,84.745
3114.63155,3.21065263722767,82.638,85.092,84.334,83.699,85.035,84.723
3112.70299,3.21264188460204,82.625,85.097,84.323,83.684,85.045,84.72
3110.77442,3.21463360882336,82.638,85.126,84.329,83.703,85.062,84.717
3108.84586,3.216627793827,82.654,85.148,84.327,83.704,85.074,84.701
3106.9173,3.21862445453569,82.649,85.148,84.309,83.671,85.073,84.674
3104.98873,3.22062360593496,82.633,85.143,84.278,83.632,85.062,84.647
3103.06017,3.22262523191743,82.618,85.146,84.244,83.605,85.047,84.618
3101.1316,3.22462935787698,82.617,85.147,84.222,83.6,85.034,84.597
3099.20304,3.22663596767768,82.632,85.129,84.222,83.62,85.035,84.592
3097.27447,3.22864508678819,82.639,85.111,84.234,83.643,85.046,84.592
3095.34591,3.23065669904402,82.625,85.114,84.246,83.663,85.063,84.594
3093.41734,3.23267082998895,82.603,85.127,84.256,83.689,85.08,84.581
3091.48878,3.23468746342984,82.596,85.128,84.27,83.712,85.083,84.556
3089.56022,3.23670661450969,82.593,85.123,84.287,83.726,85.07,84.536
3087.63165,3.23872829843547,82.582,85.122,84.299,83.729,85.06,84.525
3085.70309,3.24075249897099,82.584,85.121,84.304,83.721,85.064,84.52
3083.77452,3.24277924184937,82.6,85.123,84.306,83.717,85.071,84.515
3081.84596,3.24480851080565,82.62,85.135,84.315,83.713,85.066,84.521
3079.91739,3.24684033164929,82.643,85.149,84.341,83.716,85.054,84.535
3077.98883,3.24887468808651,82.65,85.152,84.382,83.743,85.068,84.539
3076.06026,3.25091160600345,82.612,85.134,84.403,83.761,85.09,84.519
3074.1317,3.25295106907749,82.558,85.105,84.386,83.748,85.078,84.477
3072.20314,3.25499309267681,82.535,85.091,84.377,83.748,85.052,84.447
3070.27457,3.2570376922348,82.538,85.097,84.418,83.781,85.046,84.458
3068.34601,3.25908485138545,82.553,85.104,84.471,83.813,85.056,84.502
3066.41744,3.26113459620814,82.559,85.095,84.489,83.831,85.067,84.531
3064.48888,3.26318691030786,82.544,85.072,84.469,83.832,85.074,84.524
3062.56031,3.26524181984191,82.522,85.05,84.456,83.823,85.067,84.504
3060.63175,3.26729930838625,82.507,85.037,84.474,83.83,85.043,84.502
3058.70318,3.26935940217645,82.504,85.031,84.502,83.862,85.022,84.51
3056.77462,3.27142208475939,82.508,85.038,84.522,83.881,85.017,84.51
3054.84606,3.27348737173355,82.512,85.056,84.535,83.853,85.033,84.514
3052.91749,3.27555527876386,82.504,85.071,84.543,83.815,85.05,84.508
3050.98893,3.27762578935349,82.478,85.061,84.542,83.806,85.05,84.485
3049.06036,3.27969892993525,82.441,85.042,84.53,83.812,85.04,84.463
3047.1318,3.28177468398315,82.428,85.048,84.521,83.824,85.03,84.457
3045.20323,3.28385307800951,82.451,85.066,84.528,83.859,85.027,84.462
3043.27467,3.28593409545909,82.468,85.081,84.547,83.896,85.023,84.453
3041.3461,3.28801776292412,82.461,85.084,84.561,83.897,85.017,84.433
3039.41754,3.29010406382007,82.447,85.058,84.557,83.87,85.005,84.414
3037.48898,3.29219301398091,82.442,85.025,84.552,83.856,84.996,84.413
3035.56041,3.29428462930837,82.439,85.029,84.571,83.872,84.993,84.43
3033.63185,3.29637889317387,82.428,85.058,84.586,83.886,84.985,84.432
3031.70328,3.29847583237104,82.414,85.063,84.565,83.873,84.975,84.406
3029.77472,3.30057543024189,82.396,85.054,84.544,83.861,84.972,84.371
3027.84615,3.30267771366124,82.389,85.056,84.552,83.872,84.971,84.358
3025.91759,3.30478266594167,82.384,85.064,84.571,83.879,84.956,84.378
3023.98903,3.30689030310404,82.371,85.079,84.588,83.857,84.948,84.414
3022.06046,3.309000641238,82.374,85.111,84.613,83.814,84.967,84.433
3020.1319,3.31111366361185,82.389,85.14,84.633,83.76,84.976,84.423
3018.20333,3.31322939730505,82.388,85.141,84.638,83.697,84.965,84.411
3016.27477,3.31534782555636,82.372,85.128,84.641,83.643,84.957,84.409
3014.3462,3.31746897552776,82.353,85.102,84.638,83.598,84.95,84.405
3012.41764,3.31959283042839,82.335,85.075,84.624,83.553,84.93,84.386
3010.48907,3.32171941750315,82.337,85.084,84.621,83.52,84.922,84.369
3008.56051,3.32384871993151,82.356,85.113,84.635,83.501,84.941,84.381
3006.63195,3.32598075397955,82.358,85.122,84.642,83.48,84.956,84.396
3004.70338,3.32811553598346,82.332,85.116,84.629,83.439,84.947,84.387
3002.77482,3.33025304907812,82.288,85.117,84.609,83.389,84.921,84.37
3000.84625,3.33239332071745,82.249,85.113,84.596,83.357,84.903,84.361
2998.91769,3.33453633400655,82.24,85.089,84.593,83.362,84.913,84.354
2996.98912,3.33668211648363,82.249,85.054,84.596,83.39,84.93,84.357
2995.06056,3.33883065122396,82.254,85.036,84.602,83.408,84.947,84.378
2993.13199,3.34098196585043,82.266,85.053,84.617,83.422,84.972,84.403
2991.20343,3.34313604340846,82.283,85.067,84.62,83.426,84.996,84.412
2989.27487,3.34529290041501,82.277,85.045,84.592,83.406,84.99,84.394
2987.3463,3.34745255345857,82.252,85.001,84.565,83.394,84.967,84.38
2985.41774,3.34961498553968,82.222,84.965,84.564,83.415,84.959,84.386
2983.48917,3.35178022449467,82.194,84.95,84.579,83.453,84.965,84.392
2981.56061,3.3539482532941,82.186,84.946,84.59,83.471,84.974,84.396
2979.63204,3.3561190998604,82.188,84.941,84.591,83.471,84.976,84.398
2977.70348,3.35829274713411,82.187,84.921,84.566,83.463,84.968,84.393
2975.77491,3.36046922312414,82.176,84.896,84.525,83.45,84.953,84.394
2973.84635,3.36264851074098,82.166,84.883,84.511,83.448,84.937,84.416
2971.91779,3.36483062675835,82.177,84.875,84.541,83.463,84.928,84.447
2969.98922,3.36701558802291,82.192,84.865,84.582,83.485,84.932,84.461
2968.06066,3.36920337739998,82.181,84.842,84.588,83.481,84.933,84.449
2966.13209,3.37139402311648,82.146,84.804,84.561,83.446,84.923,84.422
2964.20353,3.37358750800759,82.119,84.775,84.542,83.419,84.92,84.406
2962.27496,3.37578386038817,82.116,84.768,84.544,83.422,84.932,84.409
2960.3464,3.37798306306316,82.131,84.78,84.542,83.443,84.943,84.422
2958.41783,3.3801851444358,82.138,84.79,84.524,83.458,84.947,84.439
2956.48927,3.38239008728078,82.124,84.78,84.516,83.459,84.946,84.451
2954.56071,3.38459790863461,82.108,84.753,84.525,83.456,84.938,84.46
2952.63214,3.3868086256082,82.094,84.731,84.525,83.451,84.916,84.456
2950.70358,3.38902222093078,82.082,84.724,84.507,83.446,84.896,84.441
2948.77501,3.39123872322833,82.076,84.727,84.482,83.438,84.895,84.437
2946.84645,3.39345811519973,82.074,84.72,84.463,83.439,84.902,84.453
2944.91788,3.3956804255608,82.068,84.694,84.443,83.45,84.904,84.472
2942.98932,3.39790563698002,82.052,84.673,84.416,83.454,84.905,84.477
2941.06075,3.40013377826351,82.033,84.658,84.393,83.435,84.901,84.476
2939.13219,3.40236483204929,82.012,84.637,84.384,83.403,84.879,84.471
2937.20363,3.40459881564289,81.997,84.613,84.392,83.379,84.859,84.459
2935.27506,3.40683574642576,81.998,84.586,84.397,83.366,84.852,84.443
2933.3465,3.40907560699017,82.009,84.565,84.38,83.353,84.844,84.427
2931.41793,3.41131842636986,82.017,84.561,84.351,83.338,84.84,84.423
2929.48937,3.41356418712658,82.018,84.565,84.326,83.32,84.834,84.425
2927.5608,3.41581291838585,82.016,84.56,84.309,83.291,84.821,84.417
2925.63224,3.41806460267884,82.01,84.547,84.306,83.265,84.805,84.395
2923.70367,3.42031926922334,81.991,84.529,84.301,83.249,84.793,84.38
2921.77511,3.4225769005199,81.959,84.514,84.292,83.237,84.788,84.385
2919.84655,3.4248375141495,81.933,84.504,84.296,83.233,84.797,84.395
2917.91798,3.42710112777056,81.933,84.486,84.297,83.229,84.806,84.396
2915.98942,3.42936772383763,81.944,84.468,84.272,83.227,84.79,84.392
2914.06085,3.43163733180109,81.935,84.441,84.232,83.216,84.75,84.378
2912.13229,3.43390993408476,81.897,84.402,84.196,83.184,84.711,84.353
2910.20372,3.43618556023288,81.85,84.37,84.173,83.161,84.692,84.341
2908.27516,3.4384641926385,81.818,84.346,84.157,83.167,84.686,84.342
2906.34659,3.44074586094014,81.816,84.316,84.136,83.175,84.691,84.338
2904.41803,3.44303054750008,81.83,84.277,84.108,83.165,84.703,84.331
2902.48947,3.44531827018136,81.834,84.241,84.089,83.162,84.696,84.324
2900.5609,3.44760904692606,81.827,84.211,84.083,83.171,84.657,84.317
2898.63234,3.4499028600502,81.828,84.191,84.076,83.188,84.633,84.324
2896.70377,3.45219973943004,81.836,84.18,84.062,83.213,84.651,84.346
2894.77521,3.45449966735068,81.824,84.155,84.03,83.228,84.664,84.349
2892.84664,3.45680267378433,81.799,84.113,83.976,83.223,84.642,84.329
2890.91808,3.45910874098515,81.776,84.069,83.913,83.199,84.607,84.309
2888.98952,3.46141788704031,81.752,84.03,83.869,83.17,84.583,84.297
2887.06095,3.46373013011727,81.743,83.992,83.87,83.159,84.584,84.296
2885.13239,3.46604545242376,81.753,83.952,83.889,83.175,84.596,84.307
2883.20382,3.46836388417382,81.76,83.922,83.889,83.214,84.593,84.314
2881.27526,3.47068540754416,81.747,83.906,83.868,83.259,84.57,84.294
2879.34669,3.4730100528464,81.723,83.886,83.843,83.292,84.532,84.256
2877.41813,3.47533780222619,81.707,83.86,83.825,83.319,84.514,84.236
2875.48956,3.47766868609323,81.719,83.852,83.828,83.364,84.544,84.246
2873.561,3.48000268656207,81.759,83.848,83.84,83.417,84.583,84.265
2871.63244,3.48233982201427,81.781,83.811,83.826,83.435,84.583,84.267
2869.70387,3.48468011091333,81.745,83.757,83.786,83.414,84.547,84.238
2867.77531,3.48702353532711,81.682,83.715,83.745,83.39,84.508,84.201
2865.84674,3.4893701259126,81.645,83.693,83.717,83.394,84.485,84.178
2863.91818,3.49171986470647,81.639,83.678,83.69,83.417,84.477,84.164
2861.98961,3.49407278246548,81.637,83.649,83.648,83.436,84.466,84.148
2860.06105,3.49642886119511,81.628,83.612,83.61,83.449,84.451,84.133
2858.13248,3.49878813175238,81.619,83.58,83.593,83.454,84.432,84.115
2856.20392,3.50115057611153,81.606,83.541,83.577,83.442,84.401,84.087
2854.27536,3.50351621295571,81.589,83.494,83.546,83.424,84.373,84.07
2852.34679,3.50588506105178,81.573,83.474,83.518,83.434,84.373,84.075
2850.41823,3.50825710232705,81.563,83.483,83.497,83.465,84.385,84.071
2848.48966,3.51063236789141,81.557,83.479,83.471,83.479,84.383,84.045
2846.5611,3.51301083964086,81.55,83.454,83.447,83.471,84.367,84.02
2844.63253,3.51539254878731,81.544,83.426,83.422,83.456,84.336,84.007
2842.70397,3.51777747719542,81.536,83.396,83.392,83.451,84.297,84.001
2840.7754,3.52016565617965,81.524,83.361,83.36,83.45,84.279,83.994
2838.84684,3.52255706757326,81.51,83.322,83.327,83.439,84.27,83.978
2836.91828,3.52495173036849,81.504,83.282,83.293,83.428,84.257,83.953
2834.98971,3.52734966364305,81.507,83.253,83.263,83.427,84.249,83.93
2833.06115,3.52975084918305,81.491,83.218,83.222,83.418,84.234,83.912
2831.13258,3.53215531856159,81.439,83.165,83.168,83.387,84.207,83.881
2829.20402,3.53456305353334,81.397,83.128,83.139,83.363,84.201,83.846
2827.27545,3.53697408577576,81.404,83.114,83.145,83.366,84.211,83.836
2825.34689,3.53938839701202,81.433,83.105,83.157,83.375,84.207,83.851
2823.41832,3.54180601902449,81.442,83.09,83.151,83.372,84.193,83.864
2821.48976,3.5442269335048,81.419,83.063,83.123,83.357,84.18,83.846
2819.5612,3.54665115976202,81.382,83.004,83.087,83.327,84.156,83.803
2817.63263,3.54907871719245,81.349,82.925,83.049,83.292,84.116,83.762
2815.70407,3.55150958744042,81.312,82.862,83.015,83.274,84.078,83.725
2813.7755,3.55394380255283,81.271,82.835,83.003,83.282,84.059,83.7
2811.84694,3.55638134414244,81.26,82.836,83.003,83.301,84.06,83.704
2809.91837,3.55882224436292,81.276,82.823,83,83.306,84.063,83.712
2807.98981,3.5612664847954,81.268,82.774,82.979,83.284,84.044,83.679
2806.06124,3.56371409770088,81.236,82.724,82.948,83.261,84.015,83.628
2804.13268,3.56616506462883,81.225,82.703,82.909,83.257,83.989,83.607
2802.20412,3.56861940521307,81.23,82.687,82.854,83.254,83.959,83.605
2800.27555,3.57107713917654,81.226,82.657,82.799,83.237,83.942,83.595
2798.34699,3.5735382480212,81.215,82.639,82.781,83.224,83.95,83.591
2796.41842,3.57600276427875,81.206,82.626,82.795,83.22,83.961,83.602
2794.48986,3.57847066941943,81.201,82.595,82.8,83.211,83.96,83.607
2792.56129,3.58094199608418,81.2,82.549,82.779,83.2,83.958,83.595
2790.63273,3.58341672571152,81.204,82.5,82.743,83.195,83.95,83.578
2788.70416,3.5858948910522,81.198,82.456,82.697,83.183,83.923,83.56
2786.7756,3.58837647351297,81.169,82.422,82.645,83.161,83.896,83.535
2784.84704,3.59086149306068,81.134,82.389,82.604,83.141,83.877,83.512
2782.91847,3.59334996975316,81.106,82.342,82.563,83.114,83.84,83.491
2780.98991,3.59584188494952,81.082,82.282,82.508,83.081,83.791,83.468
2779.06134,3.59833727167749,81.069,82.238,82.461,83.074,83.764,83.45
2777.13278,3.60083611126437,81.072,82.22,82.44,83.084,83.769,83.447
2775.20421,3.60333843684966,81.075,82.197,82.423,83.075,83.779,83.439
2773.27565,3.60584422972884,81.064,82.146,82.389,83.046,83.77,83.418
2771.34708,3.6083535231538,81.043,82.088,82.347,83.018,83.744,83.388
2769.41852,3.61086629838815,81.016,82.047,82.312,83.013,83.724,83.361
2767.48996,3.61338257574022,80.984,82.001,82.265,83.025,83.711,83.347
2765.56139,3.61590237561134,80.953,81.933,82.191,83.03,83.697,83.336
2763.63283,3.61842567921731,80.939,81.869,82.121,83.021,83.685,83.323
2761.70426,3.62095252009352,80.949,81.833,82.086,83.014,83.68,83.329
2759.7757,3.62348287942386,80.962,81.803,82.068,83.02,83.678,83.347
2757.84713,3.62601679085817,80.95,81.751,82.039,83.024,83.668,83.342
2755.91857,3.62855423554841,80.925,81.686,82.007,83.02,83.654,83.319
2753.99001,3.63109523407458,80.924,81.642,81.986,83.019,83.645,83.32
2752.06144,3.63363980711128,80.941,81.628,81.968,83.018,83.629,83.334
2750.13288,3.63618793576258,80.942,81.603,81.928,83.005,83.604,83.319
2748.20431,3.63873965396699,80.917,81.556,81.849,82.976,83.582,83.275
2746.27575,3.64129494279662,80.888,81.509,81.77,82.941,83.56,83.234
2744.34718,3.64385383630653,80.869,81.462,81.726,82.907,83.542,83.22
2742.41862,3.64641631553683,80.846,81.401,81.704,82.878,83.527,83.219
2740.49005,3.64898241465974,80.81,81.325,81.662,82.842,83.504,83.202
2738.56149,3.65155211468339,80.785,81.254,81.607,82.799,83.476,83.167
2736.63293,3.65412543654512,80.795,81.218,81.574,82.777,83.459,83.148
2734.70436,3.65670240127895,80.818,81.2,81.559,82.77,83.438,83.153
2732.7758,3.65928298984498,80.807,81.149,81.532,82.746,83.394,83.146
2730.84723,3.66186723671101,80.768,81.066,81.491,82.702,83.352,83.109
2728.91867,3.66445512280511,80.738,81.007,81.464,82.667,83.342,83.082
2726.9901,3.6670466827144,80.714,80.973,81.449,82.648,83.344,83.083
2725.06154,3.66964189733491,80.679,80.938,81.427,82.632,83.336,83.088
2723.13297,3.67224080137372,80.665,80.902,81.418,82.619,83.334,83.082
2721.20441,3.67484337569481,80.676,80.852,81.417,82.61,83.326,83.059
2719.27585,3.67744964160219,80.68,80.777,81.39,82.587,83.29,83.008
2717.34728,3.68005962049871,80.663,80.7,81.348,82.544,83.244,82.961
2715.41872,3.68267329320025,80.636,80.632,81.315,82.495,83.213,82.938
2713.49015,3.68529069471654,80.61,80.564,81.288,82.459,83.194,82.924
2711.56159,3.68791180583142,80.59,80.503,81.265,82.443,83.175,82.91
2709.63302,3.69053666167679,80.576,80.461,81.251,82.442,83.158,82.907
2707.70446,3.6931652430044,80.572,80.436,81.243,82.445,83.141,82.914
2705.77589,3.69579758506903,80.575,80.398,81.235,82.44,83.123,82.91
2703.84733,3.69843366859031,80.565,80.336,81.214,82.416,83.103,82.884
2701.91877,3.70107351524857,80.544,80.272,81.175,82.379,83.071,82.856
2699.9902,3.7037171468252,80.535,80.226,81.134,82.34,83.027,82.84
2698.06164,3.70636454399166,80.53,80.184,81.109,82.307,82.979,82.814
2696.13307,3.70901574231275,80.509,80.132,81.09,82.282,82.928,82.77
2694.20451,3.71167072242782,80.483,80.073,81.069,82.265,82.883,82.737
2692.27594,3.71432952002684,80.461,80.031,81.052,82.244,82.858,82.73
2690.34738,3.71699211571704,80.451,80.011,81.034,82.217,82.837,82.729
2688.41881,3.71965854531423,80.448,79.994,81.002,82.185,82.796,82.716
2686.49025,3.72232878939352,80.428,79.962,80.965,82.142,82.744,82.687
2684.56169,3.72500287002159,80.392,79.93,80.947,82.104,82.699,82.653
2682.63312,3.72768080936837,80.368,79.905,80.939,82.097,82.664,82.628
2680.70456,3.73036258796083,80.357,79.88,80.921,82.094,82.633,82.61
2678.77599,3.73304824193232,80.346,79.854,80.902,82.075,82.605,82.587
2676.84743,3.73573775177766,80.332,79.823,80.884,82.046,82.583,82.552
2674.91886,3.73843115375844,80.318,79.796,80.863,82.015,82.559,82.514
2672.9903,3.74112842833736,80.305,79.77,80.828,81.981,82.519,82.487
2671.06173,3.74382961190493,80.286,79.738,80.779,81.951,82.475,82.466
2669.13317,3.74653468489173,80.274,79.701,80.744,81.922,82.449,82.439
2667.20461,3.74924366976105,80.267,79.656,80.727,81.876,82.43,82.402
2665.27604,3.75195658908186,80.252,79.61,80.697,81.83,82.403,82.368
2663.34748,3.75467342323654,80.232,79.582,80.656,81.812,82.377,82.365
2661.41891,3.75739420894098,80.215,79.575,80.627,81.81,82.364,82.372
2659.49035,3.76011892654546,80.203,79.572,80.612,81.81,82.36,82.35
2657.56178,3.76284761289726,80.19,79.549,80.604,81.79,82.354,82.307
2655.63322,3.76558024831456,80.166,79.498,80.593,81.741,82.344,82.271
2653.70465,3.76831686977675,80.135,79.442,80.567,81.693,82.322,82.242
2651.77609,3.77105745756988,80.112,79.414,80.537,81.664,82.289,82.223
2649.84753,3.77380203456461,80.096,79.415,80.525,81.639,82.256,82.216
2647.91896,3.77655062373963,80.068,79.418,80.525,81.604,82.226,82.209
2645.9904,3.77930320533287,80.048,79.408,80.521,81.571,82.206,82.197
2644.06183,3.78205981665716,80.058,79.399,80.508,81.546,82.208,82.187
2642.13327,3.78482043791834,80.074,79.4,80.483,81.519,82.21,82.176
2640.2047,3.7875851065639,80.07,79.396,80.448,81.483,82.189,82.155
2638.27614,3.79035380276759,80.051,79.382,80.418,81.446,82.156,82.125
2636.34757,3.79312656411233,80.036,79.362,80.409,81.407,82.138,82.101
2634.41901,3.7959033707398,80.029,79.34,80.416,81.363,82.135,82.084
2632.49045,3.79868424593905,80.013,79.314,80.414,81.314,82.126,82.061
2630.56188,3.80146921310971,79.981,79.29,80.401,81.263,82.099,82.037
2628.63332,3.80425825234537,79.952,79.288,80.397,81.221,82.076,82.028
2626.70475,3.80705140157073,79.937,79.297,80.406,81.182,82.058,82.031
2624.77619,3.80984864084736,79.92,79.281,80.406,81.141,82.033,82.025
2622.84762,3.81265000823799,79.897,79.245,80.392,81.098,82.012,82.016
2620.91906,3.81545548377217,79.88,79.242,80.39,81.063,82.009,82.009
2618.99049,3.81826510565145,79.871,79.275,80.409,81.032,82.012,82
2617.06193,3.82107885387336,79.855,79.297,80.421,80.988,81.995,81.982
2615.13337,3.82389675215685,79.825,79.295,80.407,80.927,81.959,81.956
2613.2048,3.82671882433401,79.792,79.286,80.384,80.863,81.928,81.926
2611.27624,3.82954505035438,79.773,79.277,80.372,80.809,81.917,81.902
2609.34767,3.83237546876994,79.778,79.274,80.367,80.778,81.92,81.889
2607.41911,3.83521005949826,79.793,79.288,80.359,80.773,81.926,81.881
2605.49054,3.83804886123287,79.788,79.31,80.341,80.776,81.915,81.868
2603.56198,3.84089185385938,79.764,79.323,80.311,80.768,81.887,81.851
2601.63342,3.84373906143933,79.744,79.338,80.289,80.74,81.864,81.832
2599.70485,3.84659050814942,79.718,79.36,80.271,80.693,81.839,81.81
2597.77629,3.84944617382739,79.677,79.374,80.242,80.642,81.808,81.779
2595.84772,3.85230609752409,79.657,79.372,80.218,80.605,81.788,81.754
2593.91916,3.85517025904539,79.659,79.367,80.206,80.579,81.776,81.743
2591.99059,3.85803869758648,79.658,79.38,80.188,80.552,81.765,81.743
2590.06203,3.86091139292135,79.653,79.412,80.163,80.522,81.767,81.744
2588.13346,3.86378838439035,79.641,79.443,80.133,80.49,81.779,81.735
2586.2049,3.86666965173564,79.619,79.463,80.103,80.46,81.786,81.709
2584.27634,3.86955521947007,79.592,79.478,80.094,80.443,81.778,81.68
2582.34777,3.87244511222437,79.567,79.489,80.093,80.421,81.758,81.652
2580.41921,3.87533930969302,79.542,79.5,80.077,80.384,81.739,81.619
2578.49064,3.87823785158282,79.524,79.539,80.071,80.356,81.742,81.601
2576.56208,3.88114071755647,79.526,79.602,80.095,80.34,81.766,81.601
2574.63351,3.88404794746884,79.528,79.658,80.12,80.315,81.784,81.596
2572.70495,3.8869595209509,79.501,79.703,80.124,80.282,81.79,81.588
2570.77638,3.88987547800638,79.45,79.739,80.132,80.24,81.792,81.579
2568.84782,3.89279579823456,79.404,79.758,80.148,80.185,81.788,81.559
2566.91926,3.89572050661227,79.377,79.774,80.161,80.142,81.786,81.537
2564.99069,3.89864962823705,79.382,79.814,80.196,80.137,81.799,81.535
2563.06213,3.90158314266069,79.405,79.879,80.279,80.146,81.824,81.55
2561.13356,3.90452109026286,79.412,79.934,80.379,80.138,81.854,81.556
2559.205,3.90746345056375,79.398,79.952,80.453,80.113,81.883,81.558
2557.27643,3.91041026409492,79.373,79.946,80.487,80.071,81.894,81.563
2555.34787,3.91336151034497,79.334,79.937,80.493,80.012,81.887,81.558
2553.4193,3.91631722999822,79.289,79.93,80.478,79.956,81.884,81.534
2551.49074,3.91927740251176,79.264,79.929,80.446,79.922,81.892,81.509
2549.56218,3.92224205333953,79.261,79.942,80.406,79.907,81.9,81.502
2547.63361,3.92521120805908,79.257,79.965,80.35,79.891,81.908,81.509
2545.70505,3.92818484608026,79.248,79.981,80.272,79.867,81.924,81.522
2543.77648,3.93116300847314,79.236,79.996,80.181,79.854,81.952,81.535
2541.84792,3.93414567461613,79.219,80.022,80.077,79.851,81.985,81.546
2539.91935,3.93713288573513,79.199,80.056,79.952,79.834,82.003,81.559
2537.99079,3.94012462117721,79.169,80.082,79.815,79.795,82.006,81.569
2536.06222,3.94312092232501,79.134,80.083,79.69,79.747,82.02,81.562
2534.13366,3.94612176849425,79.109,80.062,79.589,79.699,82.043,81.546
2532.2051,3.94912718562963,79.096,80.041,79.503,79.653,82.064,81.537
2530.27653,3.95213719980243,79.084,80.028,79.422,79.613,82.078,81.535
2528.34797,3.95515179028146,79.072,80.016,79.361,79.59,82.087,81.548
2526.4194,3.95817099884524,79.063,79.999,79.34,79.602,82.107,81.58
2524.49084,3.9611948047314,79.05,79.977,79.346,79.621,82.136,81.611
2522.56227,3.96422324987839,79.031,79.945,79.361,79.599,82.151,81.615
2520.63371,3.96725631349269,79.019,79.901,79.382,79.554,82.145,81.602
2518.70514,3.97029403767366,79.011,79.856,79.413,79.528,82.14,81.589
2516.77658,3.97333640159668,78.981,79.814,79.46,79.509,82.143,81.574
2514.84802,3.97638343171131,78.936,79.782,79.53,79.476,82.138,81.558
2512.91945,3.97943515459678,78.905,79.779,79.633,79.45,82.122,81.564
2510.99089,3.98249154938193,78.893,79.804,79.763,79.445,82.115,81.588
2509.06232,3.98555265857247,78.89,79.835,79.909,79.445,82.118,81.605
2507.13376,3.9886184612663,78.888,79.86,80.056,79.434,82.113,81.607
2505.20519,3.99168900013336,78.869,79.875,80.184,79.421,82.095,81.603
2503.27663,3.99476425424065,78.842,79.89,80.284,79.42,82.082,81.598
2501.34806,3.99784426642328,78.818,79.906,80.355,79.413,82.071,81.584
2499.4195,4.00092901571745,78.793,79.926,80.394,79.383,82.041,81.563
2497.49094,4.00401852909224,78.777,79.951,80.415,79.348,82,81.559
2495.56237,4.0071128336496,78.768,79.954,80.422,79.324,81.964,81.567
2493.63381,4.0102119083796,78.743,79.914,80.406,79.305,81.937,81.56
2491.70524,4.01331579653459,78.702,79.846,80.358,79.291,81.92,81.525
2489.77668,4.01642447707399,78.675,79.773,80.289,79.289,81.907,81.472
2487.84811,4.01953799341874,78.677,79.693,80.224,79.302,81.888,81.441
2485.91955,4.02265632449771,78.686,79.6,80.162,79.323,81.855,81.443
2483.99098,4.02577951390146,78.674,79.484,80.088,79.337,81.82,81.435
2482.06242,4.02890754052833,78.645,79.339,80.02,79.343,81.809,81.391
2480.13386,4.03204043188217,78.608,79.176,79.974,79.343,81.811,81.346
2478.20529,4.03517821560295,78.561,79.002,79.93,79.327,81.802,81.331
2476.27673,4.03832087054342,78.52,78.829,79.869,79.298,81.786,81.334
2474.34816,4.04146844072259,78.503,78.659,79.804,79.273,81.765,81.334
2472.4196,4.0446209049629,78.49,78.492,79.751,79.257,81.747,81.317
2470.49103,4.04777830745656,78.477,78.315,79.716,79.25,81.744,81.288
2468.56247,4.05094062699576,78.467,78.122,79.686,79.238,81.74,81.262
2466.63391,4.05410789151115,78.452,77.94,79.647,79.209,81.723,81.256
2464.70534,4.05728012907214,78.431,77.799,79.602,79.175,81.716,81.255
2462.77678,4.06045731842575,78.41,77.693,79.559,79.148,81.731,81.238
2460.84821,4.06363950420168,78.376,77.601,79.514,79.11,81.736,81.21
2458.91965,4.06682666511694,78.341,77.539,79.473,79.055,81.729,81.19
2456.99108,4.07001884597807,78.33,77.533,79.449,79.013,81.727,81.184
2455.06252,4.07321602547213,78.329,77.565,79.439,78.988,81.71,81.18
2453.13395,4.07641824858361,78.32,77.6,79.425,78.962,81.668,81.173
2451.20539,4.07962549396972,78.305,77.631,79.401,78.938,81.64,81.168
2449.27683,4.08283779012436,78.292,77.662,79.376,78.925,81.635,81.159
2447.34826,4.08605516568369,78.28,77.696,79.356,78.915,81.631,81.15
2445.4197,4.08927759926036,78.253,77.737,79.334,78.902,81.617,81.149
2443.49113,4.09250513628834,78.211,77.781,79.307,78.893,81.592,81.148
2441.56257,4.09573775535067,78.184,77.825,79.286,78.898,81.557,81.137
2439.634,4.09897550206302,78.181,77.853,79.279,78.918,81.513,81.116
2437.70544,4.10221835497893,78.166,77.861,79.279,78.931,81.459,81.097
2435.77687,4.10546635989691,78.13,77.866,79.263,78.934,81.39,81.089
2433.84831,4.10871949534111,78.105,77.874,79.232,78.943,81.303,81.09
2431.91975,4.11197779038556,78.095,77.873,79.206,78.957,81.202,81.084
2429.99118,4.11524127425022,78.078,77.861,79.189,78.965,81.086,81.069
2428.06262,4.11850992541535,78.049,77.848,79.166,78.97,80.951,81.048
2426.13405,4.12178379014136,78.028,77.856,79.157,78.987,80.814,81.042
2424.20549,4.12506284687937,78.019,77.9,79.187,79.015,80.702,81.063
2422.27692,4.12834714207656,77.994,77.954,79.218,79.031,80.612,81.067
2420.34836,4.13163665415503,77.952,77.995,79.207,79.02,80.539,81.026
2418.41979,4.13493142974984,77.911,78.038,79.164,78.982,80.483,80.964
2416.49123,4.13823144725421,77.869,78.083,79.113,78.929,80.452,80.913
2414.56267,4.14153673633992,77.831,78.123,79.081,78.884,80.465,80.881
2412.6341,4.14484732682838,77.813,78.171,79.074,78.84,80.521,80.856
2410.70554,4.14816319706969,77.811,78.241,79.068,78.779,80.585,80.837
2408.77697,4.1514843941737,77.816,78.332,79.057,78.721,80.653,80.836
2406.84841,4.1548108964619,77.822,78.418,79.058,78.672,80.729,80.843
2404.91984,4.15814275123615,77.817,78.474,79.058,78.616,80.799,80.844
2402.99128,4.16147993678945,77.805,78.514,79.041,78.561,80.857,80.843
2401.06271,4.16482250061682,77.79,78.559,79.014,78.511,80.907,80.837
2399.13415,4.16817042098292,77.761,78.592,78.972,78.45,80.938,80.816
2397.20559,4.17152372817552,77.716,78.603,78.918,78.381,80.956,80.781
2395.27702,4.1748824526359,77.681,78.605,78.869,78.3,80.981,80.755
2393.34846,4.17824657258643,77.671,78.604,78.828,78.203,81.017,80.748
2391.41989,4.18161613601031,77.67,78.6,78.794,78.1,81.044,80.745
2389.49133,4.18499112110191,77.665,78.586,78.75,77.968,81.05,80.73
2387.56276,4.18837157604184,77.666,78.539,78.663,77.767,81.047,80.713
2385.6342,4.19175747899657,77.696,78.462,78.525,77.487,81.07,80.712
2383.70563,4.19514887834535,77.765,78.39,78.368,77.152,81.137,80.733
2381.77707,4.19854575222693,77.871,78.324,78.224,76.786,81.242,80.783
2379.84851,4.20194813156406,78.018,78.225,78.094,76.384,81.382,80.864
2377.91994,4.20535604743699,78.232,78.105,77.959,75.925,81.592,80.999
2375.99138,4.20876947794314,78.587,78.037,77.863,75.448,81.971,81.282
2374.06281,4.21218847196381,79.166,78.091,77.911,75.026,82.598,81.787
2372.13425,4.21561300756903,80.097,78.354,78.177,74.708,83.483,82.556
2370.20568,4.21904313384314,81.763,79.052,78.863,74.647,84.76,83.893
2368.27712,4.22247882882895,84.703,80.519,80.462,75.185,87.034,86.318
2366.34855,4.22592014181512,89.127,83.149,83.583,76.866,91.367,90.23
2364.41999,4.2293670508174,94.487,87.262,87.882,79.865,97.694,95.5
2362.49143,4.23281958741328,99.307,91.319,90.712,82.601,102.879,100.049
2360.56286,4.23627778334189,100.767,92.244,90.211,82.821,103.756,100.548
2358.6343,4.23974161657871,97.134,89.809,87.365,80.693,100.298,96.396
2356.70573,4.24321113692884,91.02,86.08,83.691,78.339,94.314,90.844
2354.77717,4.24668632234107,85.603,82.544,80.768,76.343,88.814,86.712
2352.8486,4.25016722282938,81.79,79.957,78.942,75.128,85.139,83.957
2350.92004,4.2536538163161,79.921,78.732,78.05,74.826,83.387,82.549
2348.99147,4.25714615302541,79.386,78.366,77.716,74.831,82.851,82.135
2347.06291,4.2606442108533,79.714,78.479,77.761,74.826,83.109,82.353
2345.13435,4.26414802205255,80.938,79.124,78.164,74.752,84.288,83.205
2343.20578,4.26765761904189,82.576,80.261,78.554,74.64,86.103,84.579
2341.27722,4.27117297967816,83.302,81.055,78.731,74.664,86.994,85.463
2339.34865,4.27469415471696,83.313,81.099,79.195,74.89,86.762,85.378
2337.42009,4.27822112198924,83.05,80.808,79.524,74.909,86.165,84.781
2335.49152,4.28175393246557,82.416,80.577,79.297,74.473,85.442,84.183
2333.56296,4.28529256395122,81.708,80.506,78.984,74.076,84.885,83.902
2331.6344,4.28883704923894,81.256,80.35,78.766,73.967,84.592,83.699
2329.70583,4.29238742129087,80.861,79.916,78.347,73.81,84.153,83.2
2327.77727,4.29594365787411,80.295,79.526,77.916,73.624,83.49,82.574
2325.8487,4.29950581050264,79.667,79.448,77.786,73.718,82.94,82.084
2323.92014,4.30307385691834,79.122,79.463,77.823,74.024,82.558,81.734
2321.99157,4.30664784885502,78.686,79.363,77.81,74.281,82.166,81.445
2320.06301,4.31022776402957,78.342,79.217,77.701,74.419,81.762,81.121
2318.13444,4.31381365439703,78.046,79.132,77.547,74.502,81.458,80.765
2316.20588,4.31740549764946,77.796,79.135,77.459,74.626,81.276,80.512
2314.27732,4.32100332729355,77.63,79.193,77.473,74.823,81.19,80.435
2312.34875,4.32460717700996,77.507,79.246,77.487,74.998,81.15,80.427
2310.42019,4.3282170244539,77.37,79.281,77.479,75.123,81.102,80.363
2308.49162,4.33183292213987,77.238,79.335,77.541,75.322,81.018,80.264
2306.56306,4.33545484769881,77.125,79.405,77.67,75.604,80.917,80.184
2304.63449,4.33908285387155,77.024,79.449,77.759,75.827,80.834,80.142
2302.70593,4.34271691826494,76.938,79.454,77.776,75.933,80.784,80.123
2300.77736,4.34635709384762,76.853,79.455,77.77,76,80.762,80.091
2298.8488,4.35000335820259,76.771,79.476,77.779,76.079,80.752,80.049
2296.92024,4.35365574557347,76.713,79.518,77.815,76.163,80.744,80.03
2294.99167,4.35731429038259,76.665,79.589,77.865,76.261,80.755,80.032
2293.06311,4.36097897017758,76.625,79.664,77.897,76.38,80.782,80.029
2291.13454,4.36464983850316,76.594,79.718,77.909,76.501,80.795,80.009
2289.20598,4.36832687288367,76.546,79.764,77.928,76.62,80.786,79.99
2287.27741,4.37201012709691,76.481,79.818,77.968,76.739,80.766,79.993
2285.34885,4.3756995786442,76.423,79.862,78.008,76.832,80.762,80.013
2283.42028,4.37939528153792,76.378,79.879,78.014,76.867,80.777,80.014
2281.49172,4.3830972132566,76.34,79.881,77.978,76.847,80.799,80.004
2279.56316,4.38680540880473,76.312,79.885,77.929,76.811,80.827,80.016
2277.63459,4.39051990337045,76.295,79.893,77.904,76.781,80.854,80.031
2275.70603,4.39424067439853,76.286,79.898,77.898,76.749,80.869,80.025
2273.77746,4.39796777649472,76.27,79.899,77.893,76.712,80.877,80.012
2271.8489,4.40170118708159,76.237,79.892,77.873,76.684,80.884,80.004
2269.92033,4.40544096100501,76.206,79.875,77.836,76.676,80.898,79.992
2267.99177,4.40918707566562,76.189,79.868,77.788,76.666,80.904,79.984
2266.0632,4.412939586151,76.159,79.884,77.748,76.637,80.888,79.979
2264.13464,4.41669846984012,76.113,79.908,77.729,76.609,80.869,79.968
2262.20608,4.42046376252335,76.075,79.923,77.723,76.6,80.866,79.955
2260.27751,4.4242355001798,76.051,79.933,77.719,76.599,80.869,79.957
2258.34895,4.42801366015646,76.03,79.938,77.709,76.598,80.872,79.967
2256.42038,4.43179829815223,75.999,79.924,77.678,76.569,80.87,79.962
2254.49182,4.43558939149311,75.959,79.889,77.627,76.526,80.861,79.933
2252.56325,4.43938699612541,75.934,79.866,77.59,76.51,80.856,79.906
2250.63469,4.44319108935444,75.917,79.87,77.571,76.512,80.847,79.89
2248.70612,4.44700172737556,75.895,79.887,77.549,76.505,80.826,79.872
2246.77756,4.45081888747367,75.875,79.895,77.519,76.495,80.808,79.856
2244.849,4.45464260625102,75.858,79.889,77.481,76.474,80.792,79.851
2242.92043,4.45847292050392,75.832,79.872,77.44,76.444,80.766,79.849
2240.99187,4.46230980748717,75.793,79.845,77.399,76.415,80.738,79.825
2239.0633,4.46615332402617,75.746,79.809,77.354,76.384,80.705,79.783
2237.13474,4.47000344735606,75.713,79.775,77.307,76.352,80.679,79.751
2235.20617,4.47386023455725,75.698,79.737,77.263,76.332,80.679,79.745
2233.27761,4.47772366284548,75.689,79.685,77.218,76.321,80.689,79.748
2231.34904,4.48159378955791,75.676,79.627,77.17,76.3,80.672,79.738
2229.42048,4.48547059189122,75.657,79.568,77.124,76.268,80.642,79.717
2227.49192,4.48935410728673,75.634,79.508,77.09,76.246,80.63,79.7
2225.56335,4.49324437338528,75.608,79.449,77.069,76.232,80.64,79.688
2223.63479,4.49714136735556,75.582,79.385,77.035,76.203,80.642,79.669
2221.70622,4.50104514718422,75.55,79.31,76.984,76.163,80.625,79.646
2219.77766,4.50495569002168,75.513,79.232,76.937,76.132,80.618,79.632
2217.84909,4.50887305411749,75.474,79.145,76.884,76.108,80.62,79.619
2215.92053,4.51279721660415,75.438,79.048,76.813,76.08,80.603,79.588
2213.99196,4.51672823599594,75.41,78.958,76.748,76.05,80.564,79.551
2212.0634,4.52066608940775,75.39,78.886,76.705,76.029,80.527,79.528
2210.13484,4.52461081514827,75.375,78.827,76.678,76.02,80.513,79.515
2208.20627,4.52856245173147,75.358,78.765,76.659,76.013,80.523,79.504
2206.27771,4.53252097624646,75.334,78.692,76.629,76.002,80.534,79.492
2204.34914,4.53648644787731,75.305,78.618,76.578,75.992,80.532,79.477
2202.42058,4.54045884369642,75.273,78.547,76.527,75.98,80.517,79.453
2200.49201,4.54443822315901,75.235,78.477,76.492,75.963,80.494,79.424
2198.56345,4.54842456332111,75.198,78.413,76.46,75.937,80.471,79.397
2196.63488,4.55241792391096,75.168,78.361,76.416,75.914,80.454,79.368
2194.70632,4.55641828196859,75.139,78.303,76.361,75.899,80.434,79.335
2192.77776,4.56042567669968,75.105,78.232,76.302,75.879,80.405,79.309
2190.84919,4.56444014752106,75.074,78.156,76.243,75.836,80.372,79.29
2188.92063,4.56846167144946,75.052,78.079,76.186,75.788,80.337,79.272
2186.99206,4.572490308904,75.039,78.008,76.132,75.763,80.305,79.238
2185.0635,4.57652603688634,75.022,77.957,76.077,75.75,80.274,79.192
2183.13493,4.58056891609535,74.987,77.912,76.021,75.735,80.227,79.146
2181.20637,4.584618923518,74.943,77.846,75.975,75.717,80.167,79.097
2179.27781,4.5886760990789,74.912,77.772,75.943,75.7,80.118,79.054
2177.34924,4.59274048291858,74.898,77.722,75.918,75.684,80.084,79.027
2175.42068,4.59681205200274,74.889,77.683,75.889,75.664,80.048,79.009
2173.49211,4.60089086773819,74.872,77.63,75.862,75.643,80.009,78.982
2171.56355,4.60497690707693,74.841,77.569,75.837,75.624,79.967,78.946
2169.63498,4.60907023171243,74.81,77.509,75.805,75.595,79.92,78.911
2167.70642,4.61317081858345,74.785,77.452,75.766,75.56,79.863,78.876
2165.77785,4.61727872967211,74.752,77.388,75.717,75.525,79.798,78.84
2163.84929,4.62139394190434,74.716,77.312,75.666,75.491,79.742,78.813
2161.92073,4.62551649615756,74.689,77.237,75.623,75.462,79.701,78.786
2159.99216,4.6296464335315,74.666,77.175,75.581,75.442,79.668,78.74
2158.0636,4.6337837309336,74.642,77.12,75.534,75.412,79.64,78.685
2156.13503,4.63792845107665,74.619,77.06,75.493,75.37,79.613,78.64
2154.20647,4.64208057085633,74.592,76.995,75.464,75.328,79.584,78.605
2152.2779,4.64624015328132,74.559,76.939,75.435,75.284,79.557,78.575
2150.34934,4.650407175236,74.53,76.896,75.4,75.245,79.53,78.558
2148.42077,4.65458170002704,74.51,76.856,75.363,75.214,79.494,78.537
2146.49221,4.65876370452796,74.479,76.803,75.32,75.18,79.45,78.494
2144.56365,4.66295323060241,74.435,76.735,75.273,75.137,79.405,78.436
2142.63508,4.66715032034293,74.401,76.685,75.243,75.095,79.366,78.394
2140.70652,4.67135495060762,74.385,76.651,75.23,75.058,79.329,78.373
2138.77795,4.67556718545747,74.365,76.596,75.207,75.014,79.286,78.347
2136.84939,4.67978700174092,74.332,76.538,75.171,74.968,79.239,78.314
2134.92082,4.68401446382447,74.297,76.502,75.128,74.927,79.203,78.279
2132.99226,4.68824954854735,74.273,76.473,75.086,74.887,79.182,78.241
2131.06369,4.69249232058381,74.266,76.441,75.057,74.855,79.164,78.209
2129.13513,4.69674275676434,74.253,76.405,75.035,74.832,79.136,78.175
2127.20657,4.70100089997372,74.211,76.362,74.999,74.793,79.088,78.127
2125.278,4.70526679333245,74.156,76.325,74.958,74.738,79.041,78.084
2123.34944,4.7095404136589,74.116,76.303,74.928,74.691,79.011,78.06
2121.42087,4.71382182640638,74.094,76.282,74.904,74.654,78.994,78.04
2119.49231,4.71811100838578,74.068,76.253,74.872,74.611,78.981,78.006
2117.56374,4.72240802536598,74.031,76.22,74.837,74.557,78.958,77.968
2115.63518,4.72671285415097,73.999,76.184,74.806,74.501,78.925,77.935
2113.70661,4.73102556082748,73.975,76.152,74.774,74.452,78.888,77.905
2111.77805,4.7353461221931,73.945,76.127,74.741,74.412,78.85,77.867
2109.84949,4.73967458219022,73.911,76.096,74.709,74.38,78.809,77.826
2107.92092,4.74401098500412,73.89,76.057,74.683,74.353,78.77,77.802
2105.99236,4.74835530742381,73.88,76.018,74.654,74.322,78.736,77.789
2104.06379,4.75270761634085,73.858,75.974,74.611,74.268,78.707,77.754
2102.13523,4.75706788853922,73.82,75.931,74.569,74.2,78.681,77.701
2100.20666,4.76143619123653,73.786,75.899,74.54,74.147,78.658,77.665
2098.2781,4.7658125012123,73.757,75.867,74.504,74.109,78.622,77.646
2096.34953,4.77019688601261,73.721,75.833,74.448,74.061,78.582,77.623
2094.42097,4.77458932241306,73.695,75.807,74.393,74.011,78.554,77.589
2092.49241,4.77898985545185,73.688,75.787,74.359,73.976,78.544,77.552
2090.56384,4.78339853041752,73.672,75.76,74.348,73.952,78.54,77.519
2088.63528,4.7878153240809,73.631,75.718,74.331,73.927,78.516,77.489
2086.70671,4.79224030481984,73.586,75.669,74.292,73.89,78.468,77.462
2084.77815,4.79667344940276,73.556,75.637,74.259,73.844,78.434,77.441
2082.84958,4.80111482654451,73.524,75.618,74.244,73.802,78.412,77.414
2080.92102,4.8055644130117,73.475,75.584,74.219,73.761,78.375,77.37
2078.99245,4.81002227785868,73.428,75.534,74.186,73.718,78.331,77.326
2077.06389,4.81448839785087,73.398,75.479,74.158,73.679,78.287,77.296
2075.13533,4.81896281916226,73.376,75.414,74.124,73.644,78.242,77.267
2073.20676,4.82344558822488,73.353,75.359,74.089,73.61,78.213,77.239
2071.2782,4.82793668180354,73.333,75.336,74.076,73.577,78.198,77.231
2069.34963,4.83243616981245,73.317,75.329,74.07,73.545,78.181,77.228
2067.42107,4.83694402901679,73.292,75.308,74.052,73.506,78.152,77.207
2065.4925,4.84146032967924,73.246,75.269,74.024,73.473,78.109,77.164
2063.56394,4.84598504856603,73.195,75.231,73.991,73.451,78.059,77.112
2061.63537,4.85051825629088,73.162,75.209,73.955,73.425,78.013,77.069
2059.70681,4.85505992962173,73.141,75.191,73.932,73.394,77.979,77.039
2057.77825,4.85961011591021,73.11,75.172,73.924,73.363,77.956,77.013
2055.84968,4.86416886277405,73.073,75.151,73.912,73.332,77.929,76.991
2053.92112,4.86873614698504,73.037,75.133,73.876,73.3,77.899,76.969
2051.99255,4.87331204004615,73.007,75.119,73.823,73.272,77.871,76.938
2050.06399,4.87789651873257,72.984,75.102,73.769,73.239,77.841,76.898
2048.13542,4.88248965490768,72.957,75.08,73.727,73.207,77.801,76.867
2046.20686,4.88709142535081,72.928,75.068,73.699,73.185,77.764,76.847
2044.2783,4.89170187835971,72.902,75.064,73.672,73.148,77.734,76.819
2042.34973,4.89632106250481,72.866,75.054,73.641,73.089,77.701,76.773
2040.42117,4.90094895457294,72.825,75.036,73.616,73.044,77.67,76.736
2038.4926,4.90558562734052,72.799,75.011,73.585,73.018,77.645,76.719
2036.56404,4.91023105760033,72.774,74.977,73.539,72.985,77.614,76.698
2034.63547,4.91488531849885,72.744,74.946,73.5,72.945,77.577,76.674
2032.70691,4.91954838683556,72.714,74.921,73.477,72.916,77.545,76.652
2030.77834,4.92422033612984,72.678,74.887,73.447,72.883,77.508,76.612
2028.84978,4.92890114318863,72.637,74.842,73.401,72.835,77.459,76.557
2026.92122,4.93359085756673,72.59,74.798,73.353,72.785,77.408,76.507
2024.99265,4.93828952910027,72.544,74.757,73.312,72.745,77.359,76.466
2023.06409,4.94299713460882,72.516,74.721,73.279,72.718,77.322,76.433
2021.13552,4.94771374855655,72.496,74.689,73.241,72.689,77.293,76.407
2019.20696,4.95243934777246,72.476,74.66,73.2,72.645,77.263,76.382
2017.27839,4.9571740071037,72.455,74.643,73.17,72.606,77.238,76.355
2015.34983,4.96191770338949,72.433,74.64,73.152,72.6,77.225,76.335
2013.42126,4.96667051186298,72.404,74.637,73.133,72.607,77.212,76.328
2011.4927,4.97143240937439,72.37,74.622,73.114,72.605,77.191,76.312
2009.56414,4.97620344678324,72.339,74.593,73.103,72.587,77.163,76.276
2007.63557,4.98098367523943,72.301,74.55,73.088,72.552,77.117,76.23
2005.70701,4.98577307161129,72.257,74.504,73.054,72.511,77.06,76.189
2003.77844,4.99057171211005,72.223,74.474,73.014,72.485,77.026,76.161
2001.84988,4.99537957361718,72.196,74.46,72.984,72.477,77.009,76.143
1999.92131,5.00019673274045,72.157,74.443,72.952,72.461,76.975,76.117
1997.99275,5.00502316637535,72.119,74.418,72.914,72.429,76.93,76.081
1996.06418,5.0098589515293,72.09,74.39,72.869,72.387,76.892,76.04
1994.13562,5.01470406511268,72.057,74.349,72.809,72.332,76.857,75.997
1992.20706,5.01955855933971,72.021,74.307,72.755,72.282,76.813,75.974
1990.27849,5.02442248672446,71.989,74.287,72.727,72.247,76.762,75.971
1988.34993,5.02929582420133,71.949,74.281,72.7,72.217,76.723,75.953
1986.42136,5.0341786497906,71.908,74.269,72.666,72.198,76.704,75.924
1984.4928,5.03907094044383,71.871,74.244,72.626,72.189,76.69,75.901
1982.56423,5.04397277459203,71.83,74.203,72.571,72.172,76.664,75.87
1980.63567,5.04888412920484,71.783,74.161,72.511,72.145,76.629,75.824
1978.7071,5.05380508312726,71.75,74.134,72.468,72.112,76.593,75.787
1976.77854,5.05873561334797,71.733,74.115,72.439,72.076,76.561,75.766
1974.84998,5.06367577348837,71.721,74.088,72.406,72.045,76.525,75.745
1972.92141,5.06862561747961,71.701,74.051,72.372,72.007,76.482,75.711
1970.99285,5.07358512234075,71.662,74.004,72.334,71.941,76.438,75.661
1969.06428,5.07855436796609,71.614,73.945,72.289,71.855,76.397,75.612
1967.13572,5.08353333139617,71.578,73.889,72.266,71.796,76.369,75.585
1965.20715,5.08852209295086,71.55,73.855,72.277,71.794,76.347,75.569
1963.27859,5.09352062969321,71.512,73.828,72.274,71.803,76.319,75.54
1961.35002,5.09852902237205,71.473,73.788,72.24,71.782,76.289,75.502
1959.42146,5.10354724807393,71.452,73.735,72.188,71.744,76.251,75.463
1957.4929,5.10857536188254,71.431,73.673,72.117,71.712,76.203,75.422
1955.56433,5.11361341920161,71.392,73.613,72.024,71.685,76.161,75.383
1953.63577,5.11866139715491,71.341,73.56,71.925,71.659,76.13,75.353
1951.7072,5.12371937757877,71.299,73.511,71.839,71.627,76.1,75.327
1949.77864,5.12878733762311,71.268,73.466,71.762,71.584,76.07,75.299
1947.85007,5.13386535956538,71.241,73.415,71.672,71.537,76.044,75.272
1945.92151,5.13895342058273,71.224,73.33,71.567,71.488,76.015,75.248
1943.99294,5.14405160339728,71.208,73.203,71.463,71.423,75.978,75.212
1942.06438,5.14915988521452,71.171,73.073,71.388,71.381,75.937,75.165
1940.13582,5.15427832263826,71.119,72.974,71.358,71.379,75.896,75.129
1938.20725,5.15940697260316,71.07,72.874,71.343,71.363,75.85,75.098
1936.27869,5.16454581235927,71.031,72.752,71.327,71.322,75.812,75.063
1934.35012,5.16969492575625,71.005,72.636,71.333,71.289,75.797,75.038
1932.42156,5.1748542900753,70.974,72.537,71.354,71.256,75.78,75.02
1930.49299,5.1800239896235,70.932,72.454,71.367,71.208,75.739,74.996
1928.56443,5.18520400171438,70.892,72.403,71.365,71.157,75.701,74.961
1926.63586,5.19039441111617,70.854,72.377,71.333,71.099,75.662,74.905
1924.7073,5.19559519517591,70.822,72.359,71.264,71.015,75.606,74.832
1922.77874,5.20080641207839,70.802,72.377,71.2,70.938,75.566,74.782
1920.85017,5.20602812035048,70.784,72.437,71.171,70.896,75.552,74.762
1918.92161,5.21126029739172,70.748,72.497,71.138,70.861,75.533,74.729
1916.99304,5.21650302913985,70.699,72.535,71.095,70.839,75.5,74.681
1915.06448,5.22175629303093,70.65,72.545,71.054,70.829,75.461,74.642
1913.13591,5.22702017547724,70.608,72.536,70.998,70.798,75.421,74.608
1911.20735,5.23229465395265,70.584,72.528,70.925,70.746,75.38,74.57
1909.27878,5.23757981534787,70.57,72.518,70.866,70.703,75.339,74.528
1907.35022,5.24287563717585,70.542,72.492,70.834,70.685,75.309,74.495
1905.42166,5.2481821792663,70.495,72.458,70.797,70.673,75.288,74.48
1903.49309,5.25349950180276,70.447,72.415,70.735,70.647,75.256,74.466
1901.56453,5.25882758235925,70.404,72.354,70.659,70.605,75.21,74.431
1899.63596,5.26416650903997,70.369,72.278,70.596,70.548,75.166,74.392
1897.7074,5.26951625946129,70.338,72.192,70.553,70.47,75.131,74.368
1895.77883,5.27487692221988,70.311,72.103,70.516,70.373,75.096,74.353
1893.85027,5.2802484749758,70.29,72.035,70.481,70.282,75.059,74.335
1891.92171,5.28563097888443,70.261,71.979,70.434,70.19,75.011,74.298
1889.99314,5.29102449546457,70.21,71.923,70.379,70.083,74.955,74.244
1888.06458,5.2964290024444,70.161,71.883,70.352,69.992,74.922,74.201
1886.13601,5.30184458966986,70.131,71.851,70.341,69.926,74.905,74.169
1884.20745,5.3072712349163,70.097,71.821,70.314,69.89,74.876,74.137
1882.27888,5.31270902853673,70.057,71.808,70.277,69.905,74.836,74.117
1880.35032,5.31815794835507,70.025,71.797,70.239,69.94,74.8,74.097
1878.42175,5.32361808523565,69.991,71.765,70.192,69.956,74.759,74.053
1876.49319,5.32908941705246,69.955,71.722,70.151,69.967,74.716,74.005
1874.56463,5.33457200672777,69.918,71.687,70.124,69.973,74.683,73.972
1872.63606,5.34006591756008,69.888,71.644,70.088,69.94,74.659,73.936
1870.7075,5.34557112750123,69.863,71.581,70.014,69.853,74.63,73.88
1868.77893,5.35108772871278,69.828,71.539,69.925,69.778,74.59,73.817
1866.85037,5.35661569920036,69.783,71.558,69.893,69.803,74.554,73.789
1864.9218,5.36215513165217,69.74,71.587,69.898,69.863,74.526,73.792
1862.99324,5.36770600412914,69.699,71.592,69.887,69.874,74.487,73.781
1861.06467,5.37326840985058,69.651,71.581,69.848,69.833,74.436,73.736
1859.13611,5.37884232693431,69.597,71.563,69.793,69.771,74.385,73.678
1857.20755,5.3844278201432,69.56,71.55,69.748,69.722,74.355,73.643
1855.27898,5.39002495462974,69.542,71.542,69.718,69.691,74.343,73.635
1853.35042,5.39563370860002,69.515,71.524,69.675,69.655,74.323,73.614
1851.42185,5.40125417662107,69.472,71.484,69.598,69.592,74.275,73.556
1849.49329,5.40688633695989,69.441,71.428,69.502,69.504,74.211,73.491
1847.56472,5.4125302847307,69.43,71.364,69.405,69.397,74.158,73.444
1845.63616,5.41818599826306,69.416,71.308,69.317,69.289,74.119,73.407
1843.70759,5.42385357322307,69.375,71.276,69.271,69.238,74.086,73.371
1841.77903,5.42953298800454,69.323,71.249,69.258,69.243,74.064,73.339
1839.85047,5.43522430928857,69.275,71.195,69.213,69.22,74.027,73.296
1837.9219,5.44092760415989,69.225,71.122,69.137,69.165,73.968,73.235
1835.99334,5.44664285111187,69.184,71.065,69.071,69.125,73.919,73.18
1834.06477,5.45237014721132,69.159,71.029,69.014,69.086,73.902,73.148
1832.13621,5.45810947102017,69.142,70.979,68.929,69.007,73.886,73.121
1830.20764,5.46386092017406,69.111,70.902,68.837,68.916,73.848,73.082
1828.27908,5.46962447330525,69.066,70.837,68.791,68.884,73.811,73.044
1826.35051,5.47540022862315,69.03,70.792,68.753,68.888,73.782,73.014
1824.42195,5.48118816483216,69.002,70.745,68.7,68.894,73.746,72.978
1822.49339,5.48698835061344,68.968,70.693,68.666,68.894,73.707,72.945
1820.56482,5.49280085506651,68.924,70.621,68.636,68.864,73.666,72.912
1818.63626,5.49862565700741,68.882,70.538,68.59,68.819,73.62,72.87
1816.70769,5.50446285610207,68.848,70.467,68.544,68.798,73.571,72.827
1814.77913,5.51031243124336,68.814,70.4,68.494,68.772,73.524,72.784
1812.85056,5.51617448268874,68.78,70.326,68.425,68.706,73.485,72.742
1810.922,5.52204898940982,68.75,70.262,68.356,68.635,73.461,72.71
1808.99343,5.52793605226084,68.708,70.219,68.313,68.604,73.438,72.681
1807.06487,5.53383565029406,68.653,70.172,68.279,68.587,73.402,72.637
1805.13631,5.539747854277,68.602,70.112,68.228,68.539,73.355,72.575
1803.20774,5.54567273541095,68.565,70.046,68.159,68.454,73.302,72.512
1801.27918,5.55161027287286,68.539,69.991,68.1,68.377,73.254,72.462
1799.35061,5.55756056903218,68.52,69.962,68.079,68.347,73.222,72.432
1797.42205,5.56352360315153,68.506,69.935,68.06,68.319,73.191,72.405
1795.49348,5.56949947821587,68.488,69.887,68.018,68.255,73.158,72.363
1793.56492,5.57548817357556,68.45,69.831,67.978,68.166,73.129,72.303
1791.63635,5.58148979283659,68.386,69.813,67.988,68.126,73.095,72.247
1789.70779,5.58750431543912,68.333,69.853,68.033,68.165,73.067,72.223
1787.77923,5.5935318143281,68.305,69.888,68.049,68.182,73.042,72.206
1785.85066,5.59957236289848,68.283,69.89,68.03,68.134,72.997,72.167
1783.9221,5.60562594072914,68.257,69.872,67.993,68.063,72.934,72.112
1781.99353,5.61169265300307,68.23,69.85,67.94,67.985,72.871,72.05
1780.06497,5.61777247939439,68.19,69.835,67.877,67.912,72.817,71.985
1778.1364,5.62386552572682,68.139,69.807,67.811,67.856,72.777,71.93
1776.20784,5.62997177177193,68.104,69.752,67.726,67.773,72.742,71.876
1774.27927,5.63609132399997,68.094,69.691,67.628,67.641,72.717,71.808
1772.35071,5.64222416228219,68.089,69.659,67.556,67.517,72.708,71.736
1770.42215,5.64837036183715,68.066,69.658,67.543,67.485,72.685,71.688
1768.49358,5.65452999835035,68.026,69.661,67.56,67.507,72.644,71.672
1766.56502,5.66070305184691,67.966,69.655,67.56,67.516,72.595,71.662
1764.63645,5.66688963043918,67.904,69.626,67.516,67.474,72.537,71.627
1762.70789,5.67308971425776,67.862,69.587,67.453,67.381,72.472,71.566
1760.77932,5.67930341208233,67.829,69.571,67.422,67.299,72.421,71.513
1758.85076,5.68553070415139,67.785,69.568,67.403,67.251,72.389,71.474
1756.9222,5.69177166752176,67.738,69.565,67.365,67.21,72.347,71.436
1754.99363,5.69802637973108,67.715,69.564,67.318,67.171,72.309,71.404
1753.06507,5.70429482118425,67.716,69.541,67.258,67.085,72.289,71.365
1751.1365,5.7105771023561,67.705,69.493,67.173,66.92,72.259,71.3
1749.20794,5.71687320376559,67.655,69.479,67.112,66.786,72.211,71.241
1747.27937,5.72318323657653,67.6,69.537,67.104,66.77,72.165,71.226
1745.35081,5.72950718142446,67.562,69.604,67.099,66.78,72.127,71.22
1743.42224,5.73584515016856,67.529,69.638,67.083,66.756,72.103,71.197
1741.49368,5.74219712356349,67.494,69.653,67.065,66.706,72.086,71.167
1739.56512,5.74856318112426,67.453,69.659,67.031,66.659,72.05,71.145
1737.63655,5.75494340286523,67.427,69.638,66.988,66.633,72.004,71.145
1735.70799,5.76133776972473,67.422,69.577,66.933,66.577,71.976,71.161
1733.77942,5.76774639532865,67.397,69.488,66.869,66.498,71.943,71.137
1731.85086,5.77416926074108,67.344,69.431,66.862,66.504,71.908,71.076
1729.92229,5.78060648030612,67.298,69.418,66.893,66.567,71.889,71.038
1727.99373,5.78705803521637,67.254,69.411,66.922,66.618,71.86,71.013
1726.06516,5.79352404054086,67.219,69.382,66.921,66.615,71.812,70.98
1724.1366,5.80000447760346,67.187,69.333,66.893,66.567,71.76,70.927
1722.20804,5.80649942848949,67.145,69.273,66.853,66.504,71.72,70.87
1720.27947,5.81300897580322,67.114,69.199,66.776,66.399,71.689,70.827
1718.35091,5.81953310107072,67.104,69.106,66.634,66.216,71.654,70.76
1716.42234,5.82607192120326,67.068,69.036,66.543,66.119,71.612,70.67
1714.49378,5.83262541786533,66.996,69.029,66.605,66.214,71.582,70.655
1712.56521,5.83919370871723,66.938,69.039,66.688,66.315,71.56,70.676
1710.63665,5.84577677556482,66.903,69.023,66.709,66.334,71.525,70.662
1708.70808,5.85237473682456,66.882,68.971,66.664,66.275,71.474,70.608
1706.77952,5.85898757444664,66.863,68.895,66.598,66.186,71.427,70.552
1704.85096,5.86561537320541,66.852,68.833,66.558,66.14,71.406,70.539
1702.92239,5.87225821841476,66.868,68.811,66.546,66.132,71.431,70.569
1700.99383,5.87891609224708,66.883,68.805,66.517,66.075,71.479,70.569
1699.06526,5.88558911504082,66.828,68.741,66.451,65.939,71.45,70.476
1697.1367,5.8922772691204,66.757,68.648,66.406,65.883,71.343,70.389
1695.20813,5.89898067560589,66.698,68.607,66.416,65.981,71.261,70.354
1693.27957,5.90569931697694,66.639,68.592,66.434,66.083,71.231,70.337
1691.351,5.91243331514275,66.596,68.552,66.414,66.082,71.213,70.306
1689.42244,5.91918265274137,66.572,68.486,66.36,66.01,71.182,70.258
1687.49388,5.92594741736189,66.575,68.421,66.297,65.915,71.151,70.232
1685.56531,5.93272769715461,66.598,68.349,66.218,65.778,71.115,70.209
1683.63675,5.93952347500136,66.544,68.262,66.134,65.665,71.039,70.129
1681.70818,5.94633487481758,66.438,68.228,66.105,65.694,70.986,70.086
1679.77962,5.95316187965181,66.387,68.225,66.105,65.752,70.971,70.1
1677.85105,5.96000461423557,66.369,68.205,66.099,65.771,70.961,70.112
1675.92249,5.96686306178754,66.341,68.153,66.068,65.735,70.946,70.093
1673.99392,5.97373734786325,66.294,68.088,66.01,65.672,70.924,70.058
1672.06536,5.98062745585496,66.264,68.024,65.938,65.588,70.902,70.036
1670.1368,5.98753347629967,66.246,67.961,65.869,65.513,70.884,70.035
1668.20823,5.99445550031845,66.207,67.936,65.863,65.557,70.862,70.045
1666.27967,6.0013935115706,66.167,67.919,65.875,65.616,70.837,70.042
1664.3511,6.00834763770697,66.134,67.881,65.839,65.579,70.808,70.019
1662.42254,6.01531786256941,66.093,67.855,65.796,65.512,70.769,69.999
1660.49397,6.02230431466126,66.054,67.859,65.802,65.505,70.742,70.009
1658.56541,6.0293069780106,66.034,67.856,65.808,65.485,70.727,70.02
1656.63684,6.03632598198167,66.041,67.851,65.782,65.398,70.718,70.021
1654.70828,6.0433613107925,66.096,67.9,65.79,65.271,70.735,70.024
1652.77972,6.05041305806923,66.112,68.02,65.93,65.214,70.745,70.002
1650.85115,6.05748131804615,66.024,68.019,65.99,65.196,70.676,69.939
1648.92259,6.06456607523341,65.964,67.949,65.969,65.099,70.604,69.878
1646.99402,6.07166746118483,65.908,67.931,66.062,65.037,70.554,69.83
1645.06546,6.07878546061018,65.827,67.983,66.292,65.135,70.537,69.836
1643.13689,6.08592020595436,65.777,67.998,66.462,65.223,70.529,69.866
1641.20833,6.09307168213069,65.76,67.964,66.56,65.22,70.506,69.869
1639.27976,6.10024002248402,65.758,67.895,66.603,65.134,70.47,69.833
1637.3512,6.10742521213531,65.773,67.815,66.607,65.027,70.441,69.777
1635.42264,6.11462734794964,65.763,67.79,66.595,65.05,70.403,69.741
1633.49407,6.12184652742572,65.687,67.804,66.566,65.153,70.36,69.729
1631.56551,6.12908273600366,65.626,67.784,66.52,65.18,70.334,69.711
1629.63694,6.1363361093177,65.605,67.723,66.447,65.14,70.312,69.67
1627.70838,6.143606633026,65.595,67.646,66.355,65.083,70.272,69.608
1625.77981,6.15089444369469,65.582,67.589,66.265,65.045,70.224,69.546
1623.85125,6.15819952720423,65.565,67.562,66.185,65.023,70.188,69.486
1621.92269,6.1655219830484,65.531,67.56,66.142,65.038,70.17,69.446
1619.99412,6.17286191137533,65.5,67.546,66.112,65.053,70.162,69.434
1618.06556,6.18021929840717,65.494,67.499,66.045,65.034,70.165,69.423
1616.13699,6.18759428308117,65.483,67.466,65.974,65.05,70.189,69.406
1614.20843,6.19498685185283,65.441,67.462,65.948,65.117,70.222,69.396
1612.27986,6.20239714462476,65.395,67.442,65.904,65.147,70.265,69.399
1610.3513,6.20982514809036,65.366,67.403,65.816,65.128,70.341,69.426
1608.42273,6.21727100312739,65.362,67.365,65.722,65.112,70.444,69.487
1606.49417,6.22473469667182,65.36,67.332,65.645,65.119,70.521,69.568
1604.56561,6.23221633174601,65.338,67.293,65.564,65.113,70.544,69.659
1602.63704,6.23971601205473,65.303,67.26,65.48,65.086,70.528,69.77
1600.70848,6.24723372490661,65.271,67.248,65.407,65.076,70.497,69.91
1598.77991,6.25476961366121,65.25,67.24,65.336,65.08,70.468,70.061
1596.85135,6.26232366588161,65.236,67.213,65.258,65.063,70.441,70.182
1594.92278,6.26989602593801,65.218,67.179,65.196,65.037,70.41,70.248
1592.99422,6.27748668165287,65.194,67.152,65.172,65.028,70.376,70.265
1591.06565,6.28509577841744,65.173,67.132,65.181,65.029,70.339,70.244
1589.13709,6.29272330431857,65.155,67.123,65.21,65.03,70.307,70.192
1587.20853,6.30036936608449,65.146,67.12,65.248,65.037,70.298,70.143
1585.27996,6.30803407115548,65.145,67.11,65.288,65.043,70.302,70.111
1583.3514,6.31571740802452,65.141,67.094,65.32,65.038,70.283,70.073
1581.42283,6.32341952468209,65.141,67.068,65.332,65.012,70.248,70.024
1579.49427,6.33114040989842,65.159,67.025,65.324,64.944,70.23,69.989
1577.5657,6.33888021272268,65.18,66.967,65.302,64.829,70.224,69.952
1575.63714,6.34663892220769,65.15,66.92,65.295,64.77,70.212,69.887
1573.70857,6.35441668847238,65.092,66.894,65.303,64.801,70.205,69.844
1571.78001,6.36221350085754,65.062,66.856,65.293,64.791,70.199,69.822
1569.85145,6.37002946998584,65.063,66.83,65.294,64.756,70.201,69.794
1567.92288,6.37786470722336,65.08,66.857,65.338,64.774,70.219,69.778
1565.99432,6.38571920235318,65.093,66.875,65.369,64.786,70.22,69.771
1564.06575,6.39359310821812,65.108,66.848,65.366,64.761,70.2,69.758
1562.13719,6.40148641490316,65.145,66.8,65.34,64.711,70.194,69.755
1560.20862,6.40939927636088,65.203,66.746,65.275,64.616,70.214,69.754
1558.28006,6.41733168298387,65.157,66.711,65.195,64.571,70.183,69.666
1556.35149,6.42528378984621,65.071,66.699,65.206,64.664,70.111,69.57
1554.42293,6.433255587654,65.054,66.699,65.249,64.794,70.086,69.528
1552.49437,6.44124719112508,65.061,66.709,65.276,64.93,70.086,69.504
1550.5658,6.44925871575395,65.072,66.716,65.279,65.039,70.092,69.508
1548.63724,6.45729015272809,65.07,66.713,65.27,65.103,70.094,69.532
1546.70867,6.4653416599779,65.059,66.671,65.214,65.075,70.085,69.536
1544.78011,6.47341322901937,65.062,66.587,65.086,64.954,70.071,69.514
1542.85154,6.48150501894693,65.091,66.529,64.949,64.811,70.07,69.515
1540.92298,6.4896170216113,65.125,66.53,64.895,64.719,70.088,69.551
1538.99441,6.49774939728339,65.078,66.542,64.956,64.777,70.08,69.573
1537.06585,6.50590213815498,65.009,66.531,64.986,64.833,70.045,69.577
1535.13729,6.51407536325302,64.976,66.506,64.947,64.788,70.024,69.567
1533.20872,6.52226919241628,64.96,66.507,64.906,64.726,70.032,69.555
1531.28016,6.53048361836021,64.937,66.521,64.901,64.72,70.033,69.556
1529.35159,6.5387188043529,64.925,66.491,64.877,64.667,70.012,69.557
1527.42303,6.54697474346711,64.931,66.41,64.822,64.521,69.986,69.55
1525.49446,6.55525160019264,64.934,66.317,64.757,64.356,69.973,69.541
1523.5659,6.5635493679663,64.929,66.253,64.682,64.218,69.982,69.53
1521.63733,6.5718682125129,64.918,66.227,64.617,64.125,69.993,69.509
1519.70877,6.58020812764014,64.896,66.212,64.596,64.11,69.967,69.492
1517.78021,6.58856923691211,64.87,66.187,64.601,64.115,69.913,69.468
1515.85164,6.59695166474207,64.826,66.181,64.636,64.151,69.866,69.443
1513.92308,6.60535540550713,64.776,66.173,64.655,64.169,69.846,69.431
1511.99451,6.61378062807913,64.741,66.105,64.595,64.074,69.836,69.402
1510.06595,6.62222732722369,64.74,65.984,64.466,63.868,69.828,69.349
1508.13738,6.63069567309578,64.77,65.892,64.339,63.671,69.841,69.304
1506.20882,6.63918566085677,64.72,65.938,64.408,63.782,69.827,69.269
1504.28025,6.64769746195897,64.609,65.981,64.529,63.974,69.753,69.218
1502.35169,6.65623107196691,64.549,65.966,64.545,64.007,69.693,69.179
1500.42313,6.66478661922521,64.514,65.919,64.5,63.944,69.64,69.154
1498.49456,6.67336423296725,64.458,65.832,64.415,63.835,69.566,69.115
1496.566,6.68196390937653,64.348,65.735,64.34,63.757,69.479,69.046
1494.63743,6.69058582321199,64.24,65.662,64.312,63.726,69.416,68.984
1492.70887,6.69922997107936,64.177,65.575,64.261,63.645,69.36,68.917
1490.7803,6.70789652908615,64.118,65.444,64.144,63.471,69.277,68.814
1488.85174,6.71658549426822,64.029,65.336,64.051,63.342,69.182,68.715
1486.92317,6.72529704409677,63.925,65.311,64.031,63.354,69.11,68.667
1484.99461,6.73403117604582,63.819,65.287,63.986,63.351,69.042,68.625
1483.06605,6.74278802350037,63.713,65.219,63.898,63.268,68.968,68.568
1481.13748,6.75156772077633,63.607,65.108,63.79,63.144,68.883,68.488
1479.20892,6.7603702660203,63.512,64.975,63.678,63.022,68.793,68.39
1477.28035,6.76919584018024,63.433,64.821,63.542,62.874,68.695,68.282
1475.35179,6.77804444186156,63.356,64.647,63.371,62.666,68.59,68.17
1473.42322,6.78691625343057,63.22,64.486,63.197,62.448,68.464,68.039
1471.49466,6.79581127396004,63.003,64.374,63.085,62.345,68.319,67.896
1469.5661,6.8047296409464,62.827,64.281,63.027,62.316,68.205,67.803
1467.63753,6.81367149285151,62.697,64.158,62.941,62.224,68.099,67.721
1465.70897,6.82263682946554,62.556,63.994,62.786,62.04,67.957,67.587
1463.7804,6.83162583677169,62.384,63.82,62.599,61.854,67.793,67.424
1461.85184,6.84063851504952,62.232,63.667,62.446,61.695,67.671,67.306
1459.92327,6.84967505175803,62.115,63.497,62.292,61.468,67.577,67.201
1457.99471,6.85873544767525,61.973,63.257,62.068,61.152,67.442,67.038
1456.06614,6.867819891753,61.762,63.039,61.843,60.97,67.231,66.843
1454.13758,6.876928385277,61.573,62.911,61.718,60.917,67.056,66.71
1452.20902,6.88606107129124,61.411,62.78,61.612,60.823,66.916,66.596
1450.28045,6.89521809385213,61.243,62.618,61.469,60.668,66.771,66.459
1448.35189,6.90439945502471,61.04,62.44,61.287,60.47,66.599,66.283
1446.42332,6.91360534756865,60.819,62.27,61.105,60.303,66.407,66.095
1444.49476,6.92283577408062,60.618,62.102,60.935,60.175,66.229,65.932
1442.56619,6.93209092887447,60.425,61.911,60.746,60.018,66.061,65.777
1440.63763,6.94137081508832,60.24,61.706,60.545,59.804,65.898,65.623
1438.70906,6.95067562860833,60.066,61.487,60.336,59.542,65.736,65.455
1436.7805,6.96000537312415,59.831,61.234,60.086,59.253,65.53,65.23
1434.85194,6.96936019754066,59.569,61.02,59.858,59.043,65.307,65.011
1432.92337,6.97874025182519,59.366,60.844,59.677,58.885,65.119,64.848
1430.99481,6.98814554051388,59.173,60.634,59.478,58.686,64.926,64.674
1429.06624,6.99757626350476,58.967,60.415,59.27,58.473,64.726,64.483
1427.13768,7.00703242591142,58.772,60.22,59.078,58.284,64.544,64.302
1425.20911,7.01651422926984,58.581,60.009,58.872,58.085,64.36,64.114
1423.28055,7.02602167928172,58.379,59.773,58.651,57.868,64.17,63.927
1421.35198,7.03555497914036,58.179,59.539,58.432,57.644,63.991,63.746
1419.42342,7.04511413514651,57.951,59.282,58.173,57.371,63.772,63.509
1417.49486,7.0546993024017,57.701,59.061,57.941,57.145,63.528,63.275
1415.56629,7.06431063712318,57.492,58.909,57.795,57.029,63.335,63.122
1413.63773,7.07394814653115,57.304,58.743,57.643,56.904,63.156,62.971
1411.70916,7.08361203804897,57.107,58.557,57.459,56.73,62.97,62.791
1409.7806,7.09330231952405,56.899,58.378,57.265,56.535,62.785,62.608
1407.85203,7.10301920010727,56.702,58.199,57.065,56.334,62.604,62.427
1405.92347,7.11276268828488,56.503,57.994,56.847,56.118,62.408,62.234
1403.9949,7.12253299495604,56.293,57.777,56.635,55.913,62.201,62.045
1402.06634,7.13233012925765,56.102,57.573,56.445,55.717,62.011,61.868
1400.13778,7.14215425284789,55.92,57.356,56.227,55.479,61.816,61.67
1398.20921,7.15200552855749,55.737,57.139,55.989,55.234,61.619,61.471
1396.28065,7.16188396652206,55.556,56.949,55.78,55.046,61.435,61.292
1394.35208,7.17178978210439,55.357,56.774,55.607,54.9,61.251,61.106
1392.42352,7.18172298612135,55.167,56.615,55.469,54.776,61.092,60.936
1390.49495,7.1916837957592,55.01,56.46,55.332,54.632,60.958,60.788
1388.56639,7.20167222252874,54.851,56.284,55.163,54.445,60.805,60.628
1386.63782,7.21168848546191,54.673,56.116,54.999,54.275,60.627,60.463
1384.70926,7.22173259677631,54.51,55.984,54.882,54.171,60.471,60.335
1382.7807,7.23180472507318,54.361,55.845,54.767,54.067,60.325,60.215
1380.85213,7.24190504018704,54.222,55.687,54.626,53.924,60.179,60.078
1378.92357,7.25203355542034,54.104,55.535,54.473,53.769,60.054,59.948
1376.995,7.26219049451886,54.002,55.4,54.326,53.616,59.947,59.834
1375.06644,7.27237587152516,53.896,55.273,54.193,53.476,59.833,59.716
1373.13787,7.2825899121113,53.783,55.169,54.084,53.387,59.718,59.6
1371.20931,7.29283263107366,53.679,55.087,53.995,53.337,59.63,59.511
1369.28074,7.30310425603445,53.581,54.999,53.908,53.272,59.554,59.429
1367.35218,7.31340480255789,53.492,54.91,53.826,53.189,59.476,59.336
1365.42362,7.32373444660347,53.418,54.81,53.737,53.082,59.387,59.238
1363.49505,7.33409336542879,53.342,54.702,53.632,52.956,59.282,59.139
1361.56649,7.34448157577674,53.249,54.632,53.555,52.887,59.183,59.054
1359.63792,7.35489931025166,53.164,54.594,53.51,52.875,59.112,58.991
1357.70936,7.3653465864005,53.105,54.537,53.461,52.842,59.051,58.933
1355.78079,7.37582363886422,53.053,54.467,53.407,52.776,58.988,58.868
1353.85223,7.3863304860088,52.992,54.41,53.358,52.713,58.929,58.807
1351.92366,7.39686736453743,52.929,54.362,53.308,52.664,58.873,58.756
1349.9951,7.4074342936504,52.873,54.313,53.247,52.622,58.81,58.7
1348.06654,7.4180314571119,52.823,54.262,53.179,52.588,58.744,58.649
1346.13797,7.42865904005367,52.774,54.201,53.122,52.554,58.686,58.615
1344.20941,7.43931706295673,52.732,54.133,53.066,52.499,58.634,58.583
1342.28084,7.45000576779447,52.681,54.057,52.977,52.397,58.576,58.525
1340.35228,7.46072517592166,52.608,53.969,52.861,52.265,58.509,58.436
1338.42371,7.47147553146679,52.535,53.902,52.784,52.186,58.449,58.353
1336.49515,7.48225685667472,52.488,53.871,52.772,52.191,58.407,58.305
1334.56659,7.49306934171041,52.449,53.839,52.768,52.207,58.37,58.275
1332.63802,7.50391317816372,52.402,53.782,52.737,52.179,58.326,58.242
1330.70946,7.51478838964593,52.349,53.713,52.688,52.121,58.275,58.204
1328.78089,7.52569522579453,52.285,53.648,52.624,52.059,58.224,58.157
1326.85233,7.53663371115307,52.211,53.589,52.558,51.997,58.177,58.095
1324.92376,7.54760409761238,52.144,53.529,52.496,51.933,58.12,58.023
1322.9952,7.55860641066574,52.092,53.472,52.423,51.866,58.047,57.958
1321.06663,7.5696409044864,52.055,53.407,52.339,51.786,57.979,57.908
1319.13807,7.58070760553518,52.022,53.333,52.271,51.706,57.933,57.857
1317.20951,7.59180671266183,51.973,53.272,52.219,51.648,57.889,57.803
1315.28094,7.60293842621942,51.9,53.225,52.158,51.608,57.833,57.752
1313.35238,7.61410277415419,51.829,53.186,52.1,51.578,57.784,57.704
1311.42381,7.62530001647599,51.779,53.15,52.057,51.544,57.746,57.665
1309.49525,7.63653018214461,51.739,53.105,52.016,51.497,57.707,57.628
1307.56668,7.64779353355808,51.696,53.055,51.972,51.446,57.662,57.587
1305.63812,7.65909010070876,51.654,53.012,51.939,51.401,57.617,57.547
1303.70955,7.67042014841419,51.618,52.965,51.916,51.356,57.581,57.507
1301.78099,7.68178370771876,51.587,52.915,51.884,51.312,57.55,57.465
1299.85243,7.69318098670632,51.565,52.876,51.837,51.276,57.521,57.436
1297.92386,7.70461219504818,51.553,52.854,51.795,51.256,57.495,57.428
1295.9953,7.71607736540403,51.546,52.843,51.778,51.249,57.474,57.428
1294.06673,7.7275767687807,51.54,52.839,51.77,51.244,57.459,57.422
1292.13817,7.73911043894014,51.532,52.84,51.757,51.238,57.45,57.407
1290.2096,7.75067864942255,51.528,52.848,51.756,51.236,57.443,57.401
1288.28104,7.76228143511295,51.542,52.859,51.767,51.239,57.45,57.406
1286.35247,7.7739190721187,51.573,52.87,51.791,51.251,57.482,57.417
1284.42391,7.78559159646911,51.614,52.88,51.827,51.266,57.52,57.441
1282.49535,7.79729922607517,51.66,52.899,51.86,51.295,57.551,57.484
1280.56678,7.80904218052572,51.709,52.941,51.894,51.348,57.591,57.54
1278.63822,7.82082049760721,51.763,52.995,51.943,51.42,57.652,57.601
1276.70965,7.83263445999645,51.82,53.052,52.006,51.495,57.725,57.665
1274.78109,7.84448410667906,51.887,53.112,52.073,51.556,57.796,57.737
1272.85252,7.8563697230218,51.981,53.179,52.149,51.613,57.869,57.818
1270.92396,7.86829134923226,52.089,53.262,52.237,51.691,57.958,57.901
1268.99539,7.88024927340359,52.195,53.36,52.33,51.793,58.069,57.99
1267.06683,7.8922435369885,52.301,53.467,52.426,51.906,58.196,58.099
1265.13827,7.90427436836608,52.418,53.588,52.535,52.026,58.325,58.228
1263.2097,7.91634199769049,52.553,53.717,52.659,52.149,58.451,58.358
1261.28114,7.92844646832664,52.705,53.849,52.792,52.272,58.586,58.492
1259.35257,7.94058807534732,52.865,53.994,52.93,52.405,58.74,58.648
1257.42401,7.95276686342263,53.026,54.15,53.073,52.562,58.903,58.824
1255.49544,7.96498313048433,53.197,54.314,53.23,52.739,59.076,59.01
1253.56688,7.97723692253261,53.376,54.482,53.4,52.91,59.258,59.186
1251.63831,7.98952854039759,53.551,54.639,53.567,53.063,59.431,59.345
1249.70975,8.0018580314349,53.718,54.782,53.709,53.215,59.603,59.506
1247.78119,8.01422563518529,53.876,54.921,53.83,53.361,59.776,59.675
1245.85262,8.02663159306917,54.026,55.062,53.959,53.49,59.934,59.833
1243.92406,8.03907595452411,54.155,55.196,54.099,53.601,60.07,59.974
1241.99549,8.05155902780291,54.259,55.303,54.211,53.685,60.189,60.095
1240.06693,8.06408086376435,54.346,55.372,54.277,53.744,60.295,60.194
1238.13836,8.0766417737029,54.41,55.407,54.317,53.785,60.374,60.272
1236.2098,8.08924180992579,54.443,55.427,54.338,53.81,60.423,60.332
1234.28123,8.10188128681176,54.45,55.433,54.327,53.801,60.459,60.364
1232.35267,8.11456025814429,54.428,55.4,54.278,53.743,60.48,60.36
1230.42411,8.12727897537704,54.359,55.32,54.192,53.649,60.462,60.322
1228.49554,8.14003769195613,54.239,55.195,54.069,53.528,60.393,60.255
1226.56698,8.15283646393286,54.086,55.034,53.905,53.366,60.274,60.155
1224.63841,8.16567561358785,53.902,54.842,53.697,53.161,60.116,60.015
1222.70985,8.17855519852073,53.671,54.604,53.447,52.922,59.932,59.824
1220.78128,8.19147554425147,53.388,54.311,53.154,52.643,59.721,59.584
1218.85272,8.20443670995787,53.076,53.979,52.832,52.316,59.459,59.311
1216.92415,8.21743902444536,52.744,53.629,52.492,51.952,59.153,59.023
1214.99559,8.23048254850045,52.383,53.264,52.115,51.559,58.833,58.718
1213.06703,8.24356754630451,51.986,52.868,51.69,51.138,58.485,58.38
1211.13846,8.25669428415311,51.553,52.431,51.239,50.679,58.093,57.991
1209.2099,8.26986282530436,51.086,51.958,50.765,50.186,57.68,57.566
1207.28133,8.28307350698449,50.591,51.456,50.251,49.686,57.26,57.138
1205.35277,8.29632639413937,50.08,50.925,49.713,49.175,56.814,56.706
1203.4242,8.30962182744871,49.563,50.378,49.175,48.644,56.332,56.249
1201.49564,8.3229598735789,49.027,49.829,48.622,48.095,55.824,55.749
1199.56708,8.33634080721855,48.463,49.27,48.035,47.52,55.286,55.207
1197.63851,8.34976490527179,47.882,48.69,47.42,46.92,54.727,54.65
1195.70995,8.36323223704879,47.289,48.087,46.798,46.306,54.171,54.098
1193.78138,8.37674315208368,46.679,47.458,46.184,45.672,53.62,53.537
1191.85282,8.39029772149216,46.047,46.807,45.566,45.013,53.057,52.96
1189.92425,8.40389629844085,45.393,46.144,44.918,44.335,52.461,52.367
1187.99569,8.41753895588628,44.73,45.484,44.247,43.658,51.837,51.759
1186.06712,8.43122605068084,44.069,44.839,43.574,42.995,51.209,51.139
1184.13856,8.4449576576579,43.41,44.2,42.895,42.331,50.59,50.512
1182.21,8.4587340658597,42.754,43.549,42.207,41.654,49.966,49.883
1180.28143,8.47255556668379,42.088,42.871,41.518,40.961,49.313,49.241
1178.35287,8.48642223784799,41.398,42.172,40.828,40.257,48.637,48.581
1176.4243,8.50033444565877,40.697,41.461,40.128,39.555,47.961,47.927
1174.49574,8.51429226980423,40.006,40.747,39.426,38.857,47.298,47.287
1172.56717,8.52829608047102,39.326,40.041,38.736,38.156,46.638,46.636
1170.63861,8.54234595935632,38.635,39.343,38.049,37.454,45.971,45.963
1168.71004,8.55644228058484,37.922,38.658,37.364,36.76,45.305,45.291
1166.78148,8.57058512790244,37.221,37.98,36.68,36.065,44.652,44.634
1164.85292,8.58477480573256,36.558,37.295,35.983,35.366,43.997,43.972
1162.92435,8.59901162100527,35.91,36.601,35.285,34.684,43.318,43.301
1160.99579,8.61329566061562,35.244,35.898,34.602,34.009,42.62,42.633
1159.06722,8.62762730879405,34.55,35.199,33.922,33.317,41.928,41.958
1157.13866,8.6420066545871,33.845,34.514,33.236,32.622,41.257,41.261
1155.21009,8.65643408637471,33.153,33.839,32.548,31.936,40.603,40.561
1153.28153,8.67090969539762,32.465,33.155,31.855,31.245,39.929,39.882
1151.35296,8.68543387424826,31.769,32.456,31.157,30.553,39.215,39.208
1149.4244,8.70000671640519,31.089,31.757,30.471,29.871,38.502,38.513
1147.49584,8.7146285427928,30.426,31.08,29.805,29.195,37.824,37.82
1145.56727,8.72929967700631,29.755,30.416,29.142,28.517,37.157,37.145
1143.63871,8.74402021596489,29.076,29.735,28.46,27.835,36.469,36.452
1141.71014,8.75879056307585,28.402,29.042,27.77,27.151,35.758,35.732
1139.78158,8.77361081760946,27.724,28.361,27.088,26.459,35.049,35.029
1137.85301,8.78848138741576,27.032,27.684,26.394,25.756,34.346,34.347
1135.92445,8.80340237416318,26.335,26.989,25.693,25.055,33.628,33.656
1133.99588,8.81837419021311,25.644,26.267,25.014,24.369,32.896,32.948
1132.06732,8.83339693968023,24.947,25.535,24.338,23.69,32.178,32.225
1130.13876,8.84847096121188,24.221,24.822,23.64,23.012,31.467,31.491
1128.21019,8.86359659630445,23.493,24.142,22.939,22.336,30.736,30.748
1126.28163,8.87877395283452,22.799,23.47,22.25,21.649,29.998,29.986
1124.35306,8.89400345475113,22.116,22.785,21.562,20.945,29.264,29.22
1122.4245,8.90928521250204,21.403,22.084,20.858,20.243,28.506,28.467
1120.49593,8.92461965479875,20.674,21.362,20.124,19.547,27.712,27.709
1118.56737,8.94000689471212,19.963,20.633,19.386,18.857,26.901,26.929
1116.6388,8.95544736579098,19.255,19.913,18.679,18.165,26.09,26.14
1114.71024,8.97094118378243,18.531,19.189,17.994,17.467,25.297,25.356
1112.78168,8.98648870639208,17.804,18.449,17.304,16.75,24.51,24.563
1110.85311,9.00209029436845,17.084,17.709,16.605,16.023,23.709,23.752
1108.92455,9.01774606757511,16.373,16.993,15.921,15.315,22.908,22.947
1106.99598,9.03345647199189,15.686,16.301,15.255,14.633,22.115,22.167
1105.06742,9.04922163029655,15.023,15.615,14.592,13.985,21.323,21.382
1103.13885,9.06504199358041,14.362,14.933,13.935,13.378,20.542,20.584
1101.21029,9.08091768739284,13.715,14.287,13.314,12.787,19.799,19.811
1099.28172,9.09684916801855,13.113,13.701,12.746,12.21,19.085,19.085
1097.35316,9.11283656393718,12.544,13.154,12.227,11.679,18.379,18.399
1095.4246,9.1288802533739,11.996,12.627,11.734,11.204,17.701,17.74
1093.49603,9.14498061780801,11.498,12.143,11.25,10.77,17.069,17.115
1091.56747,9.16113779022748,11.064,11.732,10.815,10.375,16.481,16.533
1089.6389,9.17735224026969,10.678,11.375,10.465,10.026,15.945,16
1087.71034,9.19362410400548,10.354,11.05,10.186,9.737,15.477,15.529
1085.78177,9.20995385656549,10.095,10.758,9.948,9.496,15.074,15.119
1083.85321,9.2263416371669,9.876,10.522,9.747,9.283,14.716,14.752
1081.92464,9.24278792652324,9.693,10.353,9.595,9.122,14.402,14.428
1079.99608,9.259292867063,9.565,10.235,9.488,9.045,14.134,14.164
1078.06752,9.27585685913253,9.507,10.168,9.427,9.036,13.911,13.969
1076.13895,9.29248030656264,9.497,10.148,9.424,9.053,13.745,13.821
1074.21039,9.30916335672382,9.492,10.162,9.477,9.083,13.642,13.704
1072.28182,9.32590650469109,9.486,10.215,9.571,9.144,13.571,13.631
1070.35326,9.34270990121523,9.528,10.314,9.696,9.256,13.524,13.598
1068.42469,9.35957404728264,9.647,10.443,9.837,9.41,13.539,13.586
1066.49613,9.37649909709471,9.81,10.597,9.983,9.592,13.616,13.62
1064.56756,9.39348555764747,9.995,10.781,10.154,9.81,13.725,13.716
1062.639,9.4105335866649,10.197,10.986,10.368,10.047,13.857,13.848
1060.71044,9.42764360837252,10.422,11.224,10.603,10.286,14.008,14.004
1058.78187,9.44481605073196,10.668,11.486,10.842,10.544,14.168,14.168
1056.85331,9.46205107688976,10.928,11.742,11.113,10.825,14.34,14.338
1054.92474,9.47934920930947,11.198,11.996,11.42,11.107,14.532,14.535
1052.99618,9.49671061484763,11.485,12.274,11.71,11.388,14.753,14.763
1051.06761,9.51413582233782,11.781,12.573,11.98,11.687,15.003,15.017
1049.13905,9.53162500242461,12.06,12.872,12.27,11.993,15.259,15.283
1047.21049,9.54917859923271,12.332,13.176,12.581,12.295,15.516,15.547
1045.28192,9.56679706083504,12.625,13.489,12.893,12.602,15.785,15.818
1043.35336,9.58448056370854,12.929,13.799,13.199,12.91,16.063,16.088
1041.42479,9.60222965308902,13.227,14.095,13.495,13.216,16.335,16.344
1039.49623,9.62004450944474,13.523,14.371,13.779,13.514,16.602,16.595
1037.56766,9.63792568476932,13.813,14.65,14.06,13.795,16.875,16.853
1035.6391,9.65587336360707,14.073,14.937,14.354,14.057,17.136,17.115
1033.71053,9.67388810482563,14.313,15.2,14.651,14.317,17.381,17.374
1031.78197,9.69197009713205,14.567,15.428,14.929,14.578,17.63,17.621
1029.85341,9.71011981210025,14.835,15.658,15.19,14.839,17.877,17.861
1027.92484,9.72833772554811,15.091,15.902,15.437,15.087,18.113,18.105
1025.99628,9.74662403259396,15.327,16.136,15.66,15.31,18.337,18.341
1024.06771,9.76497930981536,15.555,16.36,15.858,15.533,18.534,18.552
1022.13915,9.78340375671943,15.769,16.583,16.043,15.762,18.714,18.736
1020.21058,9.80189795718449,15.949,16.796,16.23,15.957,18.904,18.918
1018.28202,9.82046211520066,16.109,16.976,16.413,16.11,19.092,19.105
1016.35345,9.83909682207504,16.278,17.116,16.579,16.258,19.26,19.272
1014.42489,9.85780228637726,16.452,17.243,16.739,16.412,19.416,19.417
1012.49633,9.87657900942713,16.609,17.38,16.895,16.566,19.579,19.563
1010.56776,9.89542749711311,16.754,17.535,17.043,16.733,19.744,19.705
1008.6392,9.91434796506025,16.899,17.691,17.187,16.896,19.883,19.831
1006.71063,9.93334102372595,17.046,17.833,17.33,17.035,20.001,19.948
1004.78207,9.95240689356648,17.179,17.952,17.467,17.162,20.116,20.056
1002.8535,9.97154619293845,17.296,18.06,17.591,17.278,20.217,20.143
1000.92494,9.99075914723436,17.409,18.174,17.7,17.387,20.298,20.228
998.99637,10.0100463828512,17.523,18.309,17.809,17.509,20.385,20.328
997.06781,10.0294081302254,17.637,18.45,17.927,17.636,20.494,20.428
995.13925,10.0488449229593,17.753,18.574,18.045,17.748,20.613,20.521
993.21068,10.0683572995812,17.872,18.681,18.15,17.858,20.725,20.622
991.28212,10.0879454983007,17.997,18.783,18.25,17.974,20.821,20.735
989.35355,10.1076101662545,18.129,18.896,18.36,18.09,20.907,20.851
987.42499,10.1273515469767,18.269,19.032,18.487,18.209,21.012,20.977
985.49642,10.147170296164,18.41,19.184,18.627,18.342,21.144,21.116
983.56786,10.1670666627923,18.547,19.327,18.777,18.49,21.285,21.256
981.63929,10.1870413112743,18.676,19.454,18.937,18.647,21.424,21.388
979.71073,10.2070944961479,18.805,19.594,19.104,18.812,21.562,21.52
977.78217,10.2272267861051,18.952,19.768,19.271,18.982,21.703,21.669
975.8536,10.2474387551575,19.127,19.965,19.439,19.156,21.85,21.833
973.92504,10.2677306664176,19.31,20.165,19.605,19.336,22.009,21.991
971.99647,10.2881032067946,19.481,20.342,19.772,19.514,22.173,22.141
970.06791,10.3085566452765,19.661,20.497,19.95,19.689,22.345,22.296
968.13934,10.3290916780636,19.865,20.663,20.132,19.875,22.53,22.462
966.21078,10.3497085801506,20.071,20.85,20.33,20.073,22.724,22.645
964.28221,10.3704080572014,20.277,21.054,20.552,20.271,22.915,22.848
962.35365,10.3911903903518,20.49,21.266,20.773,20.462,23.099,23.055
960.42509,10.4120561864955,20.696,21.469,20.977,20.648,23.289,23.26
958.49652,10.4330060582797,20.898,21.666,21.182,20.841,23.487,23.451
956.56796,10.454040296311,21.112,21.863,21.396,21.055,23.681,23.637
954.63939,10.4751596306957,21.323,22.059,21.6,21.276,23.877,23.845
952.71083,10.4963643585326,21.51,22.261,21.789,21.488,24.088,24.074
950.78226,10.517655220029,21.691,22.467,21.981,21.701,24.31,24.296
948.8537,10.5390325189226,21.888,22.658,22.181,21.917,24.534,24.502
946.92513,10.5604970057136,22.094,22.841,22.379,22.108,24.745,24.698
944.99657,10.5820489909291,22.298,23.051,22.573,22.281,24.949,24.891
943.06801,10.6036891231206,22.499,23.274,22.764,22.468,25.158,25.086
941.13944,10.6254180570735,22.693,23.479,22.952,22.67,25.363,25.28
939.21088,10.6472361137895,22.88,23.67,23.127,22.864,25.558,25.462
937.28231,10.6691440703709,23.067,23.848,23.295,23.04,25.75,25.635
935.35375,10.6911422550025,23.248,24.009,23.462,23.201,25.939,25.814
933.42518,10.7132314557874,23.411,24.166,23.629,23.354,26.114,25.993
931.49662,10.7354120082583,23.57,24.328,23.801,23.504,26.273,26.151
929.56805,10.7576847117325,23.721,24.478,23.969,23.653,26.436,26.296
927.63949,10.7800499092595,23.851,24.612,24.107,23.804,26.601,26.454
925.71093,10.802508294895,23.982,24.742,24.221,23.959,26.746,26.632
923.78236,10.8250605694614,24.128,24.874,24.343,24.109,26.875,26.804
921.8538,10.8477070876098,24.274,25.014,24.481,24.242,27.005,26.962
919.92523,10.8704486776605,24.408,25.146,24.619,24.355,27.137,27.115
917.99667,10.8932857022237,24.528,25.253,24.745,24.453,27.265,27.25
916.0681,10.9162190016223,24.643,25.357,24.862,24.547,27.394,27.372
914.13954,10.9392489466105,24.758,25.469,24.96,24.657,27.53,27.49
912.21098,10.9623762695775,24.866,25.578,25.043,24.778,27.663,27.6
910.28241,10.985601710133,24.963,25.685,25.138,24.884,27.769,27.695
908.35385,11.0089256516059,25.058,25.784,25.233,24.967,27.858,27.771
906.42528,11.0323489653775,25.145,25.871,25.295,25.035,27.957,27.849
904.49672,11.0558720434055,25.214,25.955,25.337,25.093,28.05,27.955
902.56815,11.0794957699316,25.276,26.038,25.396,25.156,28.119,28.067
900.63959,11.1032205457457,25.335,26.103,25.484,25.236,28.184,28.141
898.71102,11.1270472682086,25.391,26.151,25.57,25.325,28.256,28.187
896.78246,11.1509763471511,25.452,26.198,25.634,25.396,28.337,28.263
894.8539,11.1750085684378,25.519,26.242,25.685,25.438,28.427,28.373
892.92533,11.199144725797,25.59,26.271,25.735,25.47,28.509,28.46
890.99677,11.2233852430239,25.647,26.303,25.783,25.505,28.564,28.503
889.0682,11.2477310514536,25.672,26.358,25.832,25.533,28.604,28.529
887.13964,11.2721825844689,25.676,26.409,25.861,25.557,28.641,28.559
885.21107,11.2967407874825,25.682,26.426,25.862,25.584,28.692,28.612
883.28251,11.3214061036938,25.714,26.423,25.849,25.594,28.753,28.665
881.35394,11.3461794928834,25.757,26.415,25.84,25.577,28.783,28.683
879.42538,11.3710614083028,25.77,26.412,25.846,25.561,28.791,28.682
877.49682,11.3960526945271,25.757,26.413,25.849,25.556,28.806,28.702
875.56825,11.4211542047122,25.738,26.409,25.832,25.545,28.806,28.733
873.63969,11.4463664076434,25.712,26.4,25.805,25.517,28.781,28.737
871.71112,11.4716903003371,25.685,26.383,25.785,25.484,28.75,28.71
869.78256,11.4971263622485,25.654,26.355,25.77,25.463,28.733,28.681
867.85399,11.5226756058355,25.611,26.321,25.732,25.429,28.723,28.663
865.92543,11.5483385214822,25.566,26.273,25.654,25.358,28.705,28.65
863.99686,11.5741161374128,25.526,26.199,25.562,25.279,28.668,28.616
862.0683,11.6000089552069,25.489,26.115,25.502,25.224,28.615,28.551
860.13974,11.6260178840243,25.448,26.047,25.465,25.169,28.553,28.478
858.21117,11.6521438424065,25.385,25.999,25.401,25.089,28.485,28.415
856.28261,11.6783873492421,25.283,25.925,25.301,25.004,28.412,28.336
854.35404,11.7047494736491,25.161,25.804,25.187,24.925,28.323,28.244
852.42548,11.7312307464108,25.046,25.671,25.065,24.821,28.197,28.175
850.49691,11.7578322536175,24.936,25.549,24.933,24.685,28.051,28.102
848.56835,11.7845545382408,24.808,25.433,24.795,24.544,27.928,27.978
846.63978,11.8113987037084,24.658,25.305,24.669,24.388,27.818,27.824
844.71122,11.8383653054827,24.504,25.141,24.545,24.192,27.678,27.662
842.78266,11.8654553239147,24.335,24.933,24.384,23.97,27.505,27.487
840.85409,11.8926697496352,24.138,24.716,24.175,23.759,27.321,27.296
838.92553,11.9200091574278,23.931,24.513,23.95,23.572,27.126,27.09
836.99696,11.9474746957265,23.728,24.309,23.72,23.378,26.911,26.877
835.0684,11.9750669525993,23.519,24.1,23.498,23.156,26.692,26.664
833.13983,12.0027870951747,23.291,23.892,23.309,22.922,26.485,26.447
831.21127,12.0306357251388,23.055,23.676,23.128,22.682,26.271,26.223
829.2827,12.0586140287263,22.812,23.445,22.893,22.439,26.027,25.986
827.35414,12.086722621585,22.56,23.2,22.621,22.207,25.769,25.735
825.42558,12.1149625627061,22.318,22.949,22.366,22.011,25.532,25.487
823.49701,12.1433349223697,22.103,22.705,22.124,21.836,25.314,25.259
821.56845,12.1718403378319,21.897,22.479,21.895,21.637,25.098,25.048
819.63988,12.200480044968,21.676,22.268,21.681,21.396,24.858,24.836
817.71132,12.2292546958993,21.451,22.063,21.457,21.144,24.601,24.612
815.78275,12.2581655471386,21.249,21.853,21.23,20.927,24.375,24.372
813.85419,12.287213266052,21.076,21.632,21.02,20.742,24.187,24.139
811.92562,12.3163991302553,20.91,21.42,20.835,20.559,24,23.929
809.99706,12.3457238227507,20.73,21.242,20.683,20.378,23.802,23.742
808.0685,12.3751884895897,20.542,21.084,20.534,20.223,23.616,23.566
806.13993,12.4047942892495,20.376,20.927,20.362,20.089,23.444,23.395
804.21137,12.4345419289459,20.232,20.777,20.198,19.945,23.273,23.236
802.2828,12.4644327411731,20.093,20.641,20.061,19.781,23.098,23.08
800.35424,12.4944674498132,19.96,20.509,19.935,19.622,22.922,22.929
798.42567,12.5246474101966,19.84,20.366,19.826,19.498,22.758,22.801
796.49711,12.5549733633057,19.728,20.217,19.728,19.416,22.621,22.684
794.56854,12.5854466878339,19.613,20.094,19.616,19.35,22.515,22.544
792.63998,12.616068142311,19.496,20.01,19.495,19.262,22.422,22.393
790.71142,12.6468389693929,19.399,19.947,19.378,19.142,22.324,22.272
788.78285,12.6777604254454,19.33,19.883,19.273,19.019,22.224,22.176
786.85429,12.7088332961875,19.257,19.8,19.195,18.919,22.12,22.073
784.92572,12.7400590211262,19.175,19.698,19.129,18.829,22.01,21.976
782.99716,12.7714384047064,19.101,19.597,19.047,18.751,21.903,21.925
781.06859,12.8029729117644,19.027,19.526,18.964,18.696,21.819,21.89
779.14003,12.8346633659677,18.957,19.473,18.898,18.643,21.755,21.799
777.21147,12.8665110925344,18.902,19.388,18.841,18.57,21.692,21.669
775.2829,12.8985174315079,18.849,19.286,18.789,18.48,21.63,21.55
773.35434,12.9306832363545,18.775,19.219,18.739,18.41,21.569,21.461
771.42577,12.9630100378939,18.695,19.164,18.695,18.392,21.467,21.395
769.49721,12.9954987101253,18.617,19.081,18.648,18.392,21.323,21.323
767.56864,13.0281508113724,18.536,19.004,18.576,18.339,21.207,21.237
765.64008,13.0609672367204,18.474,18.96,18.477,18.244,21.137,21.154
763.71151,13.09394957266,18.426,18.921,18.37,18.156,21.063,21.085
761.78295,13.1270987359326,18.355,18.854,18.27,18.075,20.994,21.003
759.85439,13.160416168682,18.281,18.764,18.191,17.987,20.944,20.907
757.92582,13.1939033294841,18.225,18.674,18.131,17.903,20.873,20.83
755.99726,13.2275611686741,18.151,18.592,18.067,17.833,20.765,20.778
754.06869,13.2613913461916,18.049,18.5,17.991,17.758,20.647,20.718
752.14013,13.2953948355342,17.954,18.411,17.915,17.657,20.555,20.617
750.21156,13.3295733272892,17.864,18.339,17.829,17.552,20.494,20.473
748.283,13.3639278187531,17.775,18.266,17.727,17.473,20.427,20.333
746.35443,13.3984600319181,17.696,18.183,17.635,17.406,20.326,20.243
744.42587,13.4331709885364,17.627,18.102,17.569,17.324,20.218,20.181
742.49731,13.4680622613973,17.564,18.022,17.502,17.234,20.125,20.09
740.56874,13.5031354415527,17.498,17.933,17.413,17.155,20.038,19.975
738.64018,13.5383915887164,17.421,17.824,17.316,17.083,19.934,19.866
736.71161,13.5738325068611,17.336,17.71,17.23,17.001,19.815,19.768
734.78305,13.6094592818928,17.247,17.617,17.148,16.914,19.702,19.68
732.85448,13.6452737520278,17.159,17.538,17.055,16.827,19.597,19.602
730.92592,13.681277030099,17.071,17.454,16.963,16.749,19.501,19.515
728.99735,13.717470989435,16.985,17.359,16.885,16.667,19.416,19.408
727.06879,13.753856770554,16.896,17.248,16.805,16.566,19.337,19.301
725.14023,13.7904360926162,16.79,17.135,16.716,16.456,19.248,19.204
723.21166,13.8272106951373,16.675,17.036,16.619,16.34,19.146,19.11
721.2831,13.8641817616412,16.571,16.935,16.515,16.218,19.042,19.007
719.35453,13.9013512572167,16.489,16.825,16.412,16.122,18.927,18.881
717.42597,13.9387203950813,16.404,16.727,16.307,16.051,18.803,18.747
715.4974,13.9762911786961,16.293,16.64,16.198,15.971,18.69,18.626
713.56884,14.0140648518228,16.185,16.557,16.096,15.884,18.584,18.521
711.64027,14.0520434572934,16.095,16.46,16.004,15.793,18.464,18.428
709.71171,14.090228270293,16.013,16.346,15.922,15.685,18.326,18.34
707.78315,14.1286211744374,15.937,16.244,15.843,15.565,18.189,18.249
705.85458,14.1672240760979,15.851,16.164,15.739,15.455,18.071,18.141
703.92602,14.2060382993088,15.756,16.086,15.629,15.374,17.975,18.017
701.99745,14.2450659899121,15.68,15.991,15.532,15.31,17.892,17.884
700.06889,14.2843085056958,15.616,15.878,15.427,15.231,17.814,17.759
698.14032,14.3237680356293,15.555,15.771,15.308,15.136,17.737,17.652
696.21176,14.3634459722427,15.512,15.698,15.222,15.044,17.643,17.56
694.28319,14.4033445487856,15.474,15.658,15.206,14.962,17.534,17.492
692.35463,14.4434651935526,15.425,15.627,15.213,14.893,17.444,17.447
690.42607,14.4838099754837,15.358,15.575,15.177,14.844,17.387,17.417
688.4975,14.5243809890377,15.258,15.483,15.098,14.817,17.34,17.369
686.56894,14.5651797181504,15.191,15.386,15.046,14.809,17.291,17.288
684.64037,14.6062085120689,15.208,15.324,15.058,14.79,17.256,17.223
682.71181,14.6474688932069,15.231,15.302,15.064,14.758,17.235,17.2
680.78324,14.6889632594363,15.219,15.327,15.019,14.746,17.229,17.193
678.85468,14.730693172801,15.213,15.392,14.995,14.762,17.23,17.185
676.92611,14.7726610811334,15.229,15.458,15.04,14.804,17.202,17.179
674.99755,14.8148685873008,15.281,15.511,15.111,14.843,17.164,17.2
673.06899,14.8573179697374,15.364,15.536,15.165,14.844,17.159,17.228
671.14042,14.9000115355889,15.398,15.486,15.16,14.769,17.137,17.224
669.21186,14.9429509512877,15.319,15.404,15.116,14.642,17.089,17.242
667.28329,14.986138795713,15.315,15.549,15.194,14.777,17.23,17.36
665.35473,15.0295767792919,15.455,15.699,15.303,14.988,17.4,17.43
663.42616,15.0732675359078,15.577,15.722,15.354,15.044,17.457,17.456
661.4976,15.1172128213315,15.634,15.716,15.377,15.011,17.448,17.482
659.56903,15.1614153260046,15.615,15.723,15.356,14.971,17.422,17.472
657.64047,15.2058768524388,15.577,15.71,15.306,14.955,17.409,17.39
655.71191,15.2505999166616,15.546,15.686,15.287,14.943,17.415,17.3
653.78334,15.2955870671162,15.491,15.676,15.277,14.91,17.42,17.275
651.85478,15.3408401791577,15.43,15.687,15.227,14.868,17.406,17.291
649.92621,15.3863620917827,15.385,15.712,15.167,14.864,17.359,17.293
647.99765,15.4321547308081,15.318,15.686,15.137,14.891,17.297,17.268
646.06908,15.4782209976679,15.235,15.58,15.117,14.859,17.235,17.203
644.14052,15.5245628702259,15.177,15.466,15.07,14.768,17.149,17.127
642.21195,15.5711833141691,15.153,15.377,15.004,14.73,17.071,17.094
640.28339,15.6180843610514,15.136,15.28,14.933,14.74,17.032,17.048
638.35483,15.6652687972926,15.071,15.179,14.846,14.681,16.971,16.932
636.42626,15.7127394460436,14.934,15.081,14.74,14.551,16.856,16.801
634.4977,15.7604984226105,14.783,14.969,14.633,14.446,16.724,16.688
632.56913,15.8085488616873,14.685,14.871,14.543,14.38,16.599,16.584
630.64057,15.8568929366533,14.617,14.84,14.448,14.283,16.499,16.502
628.712,15.9055338533383,14.521,14.824,14.335,14.179,16.419,16.459
626.78344,15.9544738450652,14.399,14.726,14.236,14.133,16.334,16.392
624.85488,16.0037159348103,14.293,14.567,14.159,14.085,16.256,16.242
622.92631,16.0532631861383,14.224,14.448,14.077,13.954,16.176,16.097
620.99775,16.1031179259506,14.14,14.382,13.957,13.768,16.032,15.999
619.06918,16.1532835474058,13.978,14.313,13.784,13.578,15.806,15.846
617.14062,16.2037624423426,13.811,14.198,13.642,13.433,15.598,15.641
615.21205,16.2545580828594,13.728,14.035,13.579,13.345,15.512,15.502
613.28349,16.3056729278657,13.638,13.872,13.502,13.24,15.475,15.419
611.35492,16.357110530819,13.474,13.741,13.375,13.112,15.382,15.32
609.42636,16.4088734199157,13.326,13.648,13.225,13.011,15.227,15.188
607.4978,16.4609649615192,13.233,13.536,13.034,12.901,15.028,15.027
605.56923,16.5133885683062,13.135,13.353,12.829,12.705,14.822,14.834
603.64067,16.5661468767504,13.004,13.146,12.682,12.475,14.638,14.662
601.7121,16.6192436548974,12.834,12.991,12.581,12.328,14.442,14.55
599.78354,16.6726816144371,12.652,12.876,12.469,12.233,14.249,14.448
